2026-08-11 18:03:42 DEBUG org.jboss.logging - Logging Provider: org.jboss.logging.Slf4jLoggerProvider found via system property
2026-08-11 18:03:42 DEBUG o.h.v.i.x.config.ValidationXmlParser - Trying to load META-INF/validation.xml for XML based Validator configuration.
2026-08-11 18:03:42 DEBUG o.h.v.i.x.c.ResourceLoaderHelper - Trying to load META-INF/validation.xml via TCCL
2026-08-11 18:03:42 DEBUG o.h.v.i.x.c.ResourceLoaderHelper - Trying to load META-INF/validation.xml via Hibernate Validator's class loader
2026-08-11 18:03:42 DEBUG o.h.v.i.x.config.ValidationXmlParser - No META-INF/validation.xml found. Using annotation based configuration only.
2026-08-11 18:03:42 DEBUG o.h.v.i.e.r.TraversableResolvers - Cannot find jakarta.persistence.Persistence on classpath. Assuming non Jakarta Persistence environment. All properties will per default be traversable.
2026-08-11 18:03:42 DEBUG o.h.v.m.ResourceBundleMessageInterpolator - Loaded expression factory via original TCCL
2026-08-11 18:03:42 DEBUG c.n.a.NotificationApiServiceApplication - Running with Spring Boot v4.1.0, Spring v7.0.8
2026-08-11 18:03:42 DEBUG o.s.boot.SpringApplication - Loading source class com.notification.api.NotificationApiServiceApplication
2026-08-11 18:03:42 DEBUG o.s.b.w.s.s.c.AnnotationConfigServletWebServerApplicationContext - Refreshing org.springframework.boot.web.server.servlet.context.AnnotationConfigServletWebServerApplicationContext@1a1d3c1a
2026-08-11 18:03:42 DEBUG o.h.v.i.e.ValidatorFactoryConfigurationHelper - HV000252: Using org.hibernate.validator.internal.engine.DefaultPropertyNodeNameProvider as property node name provider.
2026-08-11 18:03:42 DEBUG o.h.v.i.e.ValidatorFactoryConfigurationHelper - HV000234: Using org.hibernate.validator.messageinterpolation.ResourceBundleMessageInterpolator as ValidatorFactory-scoped message interpolator.
2026-08-11 18:03:42 DEBUG o.s.b.f.s.DefaultListableBeanFactory - Creating shared instance of singleton bean 'org.springframework.context.annotation.internalConfigurationAnnotationProcessor'
2026-08-11 18:03:42 DEBUG o.h.v.i.e.ValidatorFactoryConfigurationHelper - HV000234: Using org.hibernate.validator.internal.engine.resolver.TraverseAllTraversableResolver as ValidatorFactory-scoped traversable resolver.
2026-08-11 18:03:42 DEBUG o.h.v.i.e.ValidatorFactoryConfigurationHelper - HV000234: Using org.hibernate.validator.internal.util.ExecutableParameterNameProvider as ValidatorFactory-scoped parameter name provider.
2026-08-11 18:03:42 DEBUG o.h.v.i.e.ValidatorFactoryConfigurationHelper - HV000234: Using org.hibernate.validator.internal.engine.DefaultClockProvider as ValidatorFactory-scoped clock provider.
2026-08-11 18:03:42 DEBUG o.h.v.i.e.ValidatorFactoryConfigurationHelper - HV000234: Using org.hibernate.validator.internal.engine.scripting.DefaultScriptEvaluatorFactory as ValidatorFactory-scoped script evaluator factory.
2026-08-11 18:03:42 DEBUG o.s.b.f.s.DefaultListableBeanFactory - Creating shared instance of singleton bean 'org.springframework.boot.autoconfigure.internalCachingMetadataReaderFactory'
2026-08-11 18:03:42 DEBUG o.s.c.a.ClassPathBeanDefinitionScanner - Identified candidate component class: file [/home/tejaskudva/Java Projects/Kafka Tutorials/notification-api-service/target/classes/com/notification/api/bootstrap/ConnectionValidator.class]
2026-08-11 18:03:42 DEBUG o.s.c.a.ClassPathBeanDefinitionScanner - Identified candidate component class: file [/home/tejaskudva/Java Projects/Kafka Tutorials/notification-api-service/target/classes/com/notification/api/config/ApplicationProperties.class]
2026-08-11 18:03:42 DEBUG o.s.c.a.ClassPathBeanDefinitionScanner - Identified candidate component class: file [/home/tejaskudva/Java Projects/Kafka Tutorials/notification-api-service/target/classes/com/notification/api/config/BeanConfigs.class]
2026-08-11 18:03:42 DEBUG o.s.c.a.ClassPathBeanDefinitionScanner - Identified candidate component class: file [/home/tejaskudva/Java Projects/Kafka Tutorials/notification-api-service/target/classes/com/notification/api/config/RedisConfig.class]
2026-08-11 18:03:42 DEBUG o.s.c.a.ClassPathBeanDefinitionScanner - Identified candidate component class: file [/home/tejaskudva/Java Projects/Kafka Tutorials/notification-api-service/target/classes/com/notification/api/controller/notification/NotificationController.class]
2026-08-11 18:03:42 DEBUG o.s.c.a.ClassPathBeanDefinitionScanner - Identified candidate component class: file [/home/tejaskudva/Java Projects/Kafka Tutorials/notification-api-service/target/classes/com/notification/api/controller/template/TemplateController.class]
2026-08-11 18:03:42 DEBUG o.s.c.a.ClassPathBeanDefinitionScanner - Identified candidate component class: file [/home/tejaskudva/Java Projects/Kafka Tutorials/notification-api-service/target/classes/com/notification/api/dao/impl/CacheServiceImpl.class]
2026-08-11 18:03:42 DEBUG o.s.c.a.ClassPathBeanDefinitionScanner - Identified candidate component class: file [/home/tejaskudva/Java Projects/Kafka Tutorials/notification-api-service/target/classes/com/notification/api/dao/impl/TemplateDaoImpl.class]
2026-08-11 18:03:42 DEBUG o.s.c.a.ClassPathBeanDefinitionScanner - Identified candidate component class: file [/home/tejaskudva/Java Projects/Kafka Tutorials/notification-api-service/target/classes/com/notification/api/exception/handler/GlobalExceptionHandler.class]
2026-08-11 18:03:42 DEBUG o.s.c.a.ClassPathBeanDefinitionScanner - Identified candidate component class: file [/home/tejaskudva/Java Projects/Kafka Tutorials/notification-api-service/target/classes/com/notification/api/filter/NotificationAuthFilter.class]
2026-08-11 18:03:42 DEBUG o.s.c.a.ClassPathBeanDefinitionScanner - Identified candidate component class: file [/home/tejaskudva/Java Projects/Kafka Tutorials/notification-api-service/target/classes/com/notification/api/pubsub/impl/KafkaProviderImpl.class]
2026-08-11 18:03:43 DEBUG o.s.c.a.ClassPathBeanDefinitionScanner - Identified candidate component class: file [/home/tejaskudva/Java Projects/Kafka Tutorials/notification-api-service/target/classes/com/notification/api/pubsub/publisher/GenericPublisherImpl.class]
2026-08-11 18:03:43 DEBUG o.s.c.a.ClassPathBeanDefinitionScanner - Identified candidate component class: file [/home/tejaskudva/Java Projects/Kafka Tutorials/notification-api-service/target/classes/com/notification/api/services/impl/NotificationServiceImpl.class]
2026-08-11 18:03:43 DEBUG o.s.c.a.ClassPathBeanDefinitionScanner - Identified candidate component class: file [/home/tejaskudva/Java Projects/Kafka Tutorials/notification-api-service/target/classes/com/notification/api/services/impl/TemplateServiceImpl.class]
2026-08-11 18:03:43 DEBUG o.s.b.f.s.DefaultListableBeanFactory - Creating shared instance of singleton bean 'org.springframework.boot.autoconfigure.AutoConfigurationPackages'
2026-08-11 18:03:43 DEBUG o.s.b.a.AutoConfigurationPackages - @EnableAutoConfiguration was declared on a class in the package 'com.notification.api'. Automatic @Repository and @Entity scanning is enabled.
2026-08-11 18:03:43 DEBUG o.s.d.r.c.RepositoryConfigurationDelegate - Scanning for MongoDB repositories in packages com.notification.api.
2026-08-11 18:03:43 DEBUG o.s.d.r.c.RepositoryComponentProvider - Identified candidate component class: file [/home/tejaskudva/Java Projects/Kafka Tutorials/notification-api-service/target/classes/com/notification/api/dao/repository/TemplateRepository.class]
2026-08-11 18:03:43 DEBUG o.s.c.a.ClassPathScanningCandidateComponentProvider - Identified candidate component class: file [/home/tejaskudva/Java Projects/Kafka Tutorials/notification-api-service/target/classes/com/notification/api/dao/impl/CacheServiceImpl.class]
2026-08-11 18:03:43 DEBUG o.s.c.a.ClassPathScanningCandidateComponentProvider - Identified candidate component class: file [/home/tejaskudva/Java Projects/Kafka Tutorials/notification-api-service/target/classes/com/notification/api/dao/impl/TemplateDaoImpl.class]
2026-08-11 18:03:43 DEBUG o.s.c.a.ClassPathScanningCandidateComponentProvider - Identified candidate component class: file [/home/tejaskudva/Java Projects/Kafka Tutorials/notification-api-service/target/classes/com/notification/api/pubsub/impl/KafkaProviderImpl.class]
2026-08-11 18:03:43 DEBUG o.s.c.a.ClassPathScanningCandidateComponentProvider - Identified candidate component class: file [/home/tejaskudva/Java Projects/Kafka Tutorials/notification-api-service/target/classes/com/notification/api/pubsub/publisher/GenericPublisherImpl.class]
2026-08-11 18:03:43 DEBUG o.s.c.a.ClassPathScanningCandidateComponentProvider - Identified candidate component class: file [/home/tejaskudva/Java Projects/Kafka Tutorials/notification-api-service/target/classes/com/notification/api/services/impl/NotificationServiceImpl.class]
2026-08-11 18:03:43 DEBUG o.s.c.a.ClassPathScanningCandidateComponentProvider - Identified candidate component class: file [/home/tejaskudva/Java Projects/Kafka Tutorials/notification-api-service/target/classes/com/notification/api/services/impl/TemplateServiceImpl.class]
2026-08-11 18:03:43 DEBUG o.s.d.r.c.RepositoryConfigurationDelegate - Scanning for Redis repositories in packages com.notification.api.
2026-08-11 18:03:43 DEBUG o.s.d.r.c.RepositoryComponentProvider - Identified candidate component class: file [/home/tejaskudva/Java Projects/Kafka Tutorials/notification-api-service/target/classes/com/notification/api/dao/repository/TemplateRepository.class]
2026-08-11 18:03:43 DEBUG o.s.b.f.s.DefaultListableBeanFactory - Creating shared instance of singleton bean 'propertySourcesPlaceholderConfigurer'
2026-08-11 18:03:43 DEBUG o.s.b.f.s.DefaultListableBeanFactory - Creating shared instance of singleton bean 'org.springframework.context.event.internalEventListenerProcessor'
2026-08-11 18:03:43 DEBUG o.s.b.f.s.DefaultListableBeanFactory - Creating shared instance of singleton bean 'bootstrapExecutorAliasPostProcessor'
2026-08-11 18:03:43 DEBUG o.s.b.f.s.DefaultListableBeanFactory - Creating shared instance of singleton bean 'preserveErrorControllerTargetClassPostProcessor'
2026-08-11 18:03:43 DEBUG o.s.b.f.s.DefaultListableBeanFactory - Creating shared instance of singleton bean 'forceAutoProxyCreatorToUseClassProxying'
2026-08-11 18:03:43 DEBUG o.s.b.f.s.DefaultListableBeanFactory - Creating shared instance of singleton bean 'org.springframework.context.event.internalEventListenerFactory'
2026-08-11 18:03:43 DEBUG o.s.b.f.s.DefaultListableBeanFactory - Creating shared instance of singleton bean 'org.springframework.context.annotation.internalAutowiredAnnotationProcessor'
2026-08-11 18:03:43 DEBUG o.s.b.f.s.DefaultListableBeanFactory - Creating shared instance of singleton bean 'org.springframework.context.annotation.internalCommonAnnotationProcessor'
2026-08-11 18:03:43 DEBUG o.s.b.f.s.DefaultListableBeanFactory - Creating shared instance of singleton bean 'org.springframework.boot.context.properties.ConfigurationPropertiesBindingPostProcessor'
2026-08-11 18:03:43 DEBUG o.s.b.f.s.DefaultListableBeanFactory - Creating shared instance of singleton bean 'org.springframework.boot.context.internalConfigurationPropertiesBinder'
2026-08-11 18:03:43 DEBUG o.s.b.f.s.DefaultListableBeanFactory - Creating shared instance of singleton bean 'methodValidationPostProcessor'
2026-08-11 18:03:43 DEBUG o.s.b.f.s.DefaultListableBeanFactory - Autowiring by type from bean name 'methodValidationPostProcessor' via factory method to bean named 'environment'
2026-08-11 18:03:43 DEBUG o.s.b.f.s.DefaultListableBeanFactory - Creating shared instance of singleton bean 'org.springframework.boot.context.properties.EnableConfigurationPropertiesRegistrar.methodValidationExcludeFilter'
2026-08-11 18:03:43 DEBUG o.s.b.f.s.DefaultListableBeanFactory - Creating shared instance of singleton bean 'org.springframework.aop.framework.autoproxy.defaultProxyConfig'
2026-08-11 18:03:43 DEBUG o.s.b.f.s.DefaultListableBeanFactory - Creating shared instance of singleton bean 'org.springframework.data.redis.config.internalRedisListenerAnnotationProcessor'
2026-08-11 18:03:43 DEBUG o.s.b.f.s.DefaultListableBeanFactory - Creating shared instance of singleton bean 'org.springframework.data.redis.config.RedisListenerBootstrapConfiguration'
2026-08-11 18:03:43 DEBUG o.s.b.f.s.DefaultListableBeanFactory - Creating shared instance of singleton bean 'org.springframework.kafka.config.internalKafkaListenerAnnotationProcessor'
2026-08-11 18:03:43 DEBUG o.s.b.f.s.DefaultListableBeanFactory - Creating shared instance of singleton bean 'persistenceExceptionTranslationPostProcessor'
2026-08-11 18:03:43 DEBUG o.s.b.f.s.DefaultListableBeanFactory - Autowiring by type from bean name 'persistenceExceptionTranslationPostProcessor' via factory method to bean named 'environment'
2026-08-11 18:03:43 DEBUG o.s.b.f.s.DefaultListableBeanFactory - Creating shared instance of singleton bean 'org.springframework.aop.config.internalAutoProxyCreator'
2026-08-11 18:03:43 DEBUG o.s.b.f.s.DefaultListableBeanFactory - Creating shared instance of singleton bean 'meterRegistryPostProcessor'
2026-08-11 18:03:43 DEBUG o.s.b.f.s.DefaultListableBeanFactory - Autowiring by type from bean name 'meterRegistryPostProcessor' via factory method to bean named 'org.springframework.boot.web.server.servlet.context.AnnotationConfigServletWebServerApplicationContext@1a1d3c1a'
2026-08-11 18:03:43 DEBUG o.s.b.f.s.DefaultListableBeanFactory - Creating shared instance of singleton bean 'metricsRepositoryMethodInvocationListenerBeanPostProcessor'
2026-08-11 18:03:43 DEBUG o.s.b.f.s.DefaultListableBeanFactory - Creating shared instance of singleton bean 'projectingArgumentResolverBeanPostProcessor'
2026-08-11 18:03:43 DEBUG o.s.b.f.s.DefaultListableBeanFactory - Creating shared instance of singleton bean 'observationRegistryPostProcessor'
2026-08-11 18:03:43 DEBUG o.s.b.f.s.DefaultListableBeanFactory - Creating shared instance of singleton bean 'healthEndpointGroupsBeanPostProcessor'
2026-08-11 18:03:43 DEBUG o.s.b.f.s.DefaultListableBeanFactory - Creating shared instance of singleton bean 'webServerFactoryCustomizerBeanPostProcessor'
2026-08-11 18:03:43 DEBUG o.s.b.f.s.DefaultListableBeanFactory - Creating shared instance of singleton bean 'errorPageRegistrarBeanPostProcessor'
2026-08-11 18:03:43 DEBUG o.s.b.f.s.DefaultListableBeanFactory - Creating shared instance of singleton bean 'tomcatServletWebServerFactory'
2026-08-11 18:03:43 DEBUG o.s.b.f.s.DefaultListableBeanFactory - Creating shared instance of singleton bean 'org.springframework.boot.tomcat.autoconfigure.servlet.TomcatServletWebServerAutoConfiguration'
2026-08-11 18:03:43 DEBUG o.s.b.f.s.DefaultListableBeanFactory - Creating shared instance of singleton bean 'server.tomcat-org.springframework.boot.tomcat.autoconfigure.TomcatServerProperties'
2026-08-11 18:03:43 DEBUG o.s.b.f.s.DefaultListableBeanFactory - Creating shared instance of singleton bean 'org.springframework.boot.context.properties.BoundConfigurationProperties'
2026-08-11 18:03:43 DEBUG o.s.b.f.s.DefaultListableBeanFactory - Autowiring by type from bean name 'org.springframework.boot.tomcat.autoconfigure.servlet.TomcatServletWebServerAutoConfiguration' via constructor to bean named 'server.tomcat-org.springframework.boot.tomcat.autoconfigure.TomcatServerProperties'
2026-08-11 18:03:43 DEBUG o.s.b.f.s.DefaultListableBeanFactory - Creating shared instance of singleton bean 'servletWebServerFactoryCustomizer'
2026-08-11 18:03:43 DEBUG o.s.b.f.s.DefaultListableBeanFactory - Creating shared instance of singleton bean 'org.springframework.boot.web.server.autoconfigure.servlet.ServletWebServerConfiguration'
2026-08-11 18:03:43 DEBUG o.s.b.f.s.DefaultListableBeanFactory - Creating shared instance of singleton bean 'server-org.springframework.boot.web.server.autoconfigure.ServerProperties'
2026-08-11 18:03:43 DEBUG o.s.b.f.s.DefaultListableBeanFactory - Autowiring by type from bean name 'servletWebServerFactoryCustomizer' via factory method to bean named 'server-org.springframework.boot.web.server.autoconfigure.ServerProperties'
2026-08-11 18:03:43 DEBUG o.s.b.f.s.DefaultListableBeanFactory - Creating shared instance of singleton bean 'sslBundleRegistry'
2026-08-11 18:03:43 DEBUG o.s.b.f.s.DefaultListableBeanFactory - Creating shared instance of singleton bean 'org.springframework.boot.autoconfigure.ssl.SslAutoConfiguration'
2026-08-11 18:03:43 DEBUG o.s.b.f.s.DefaultListableBeanFactory - Creating shared instance of singleton bean 'spring.ssl-org.springframework.boot.autoconfigure.ssl.SslProperties'
2026-08-11 18:03:43 DEBUG o.s.b.f.s.DefaultListableBeanFactory - Autowiring by type from bean name 'org.springframework.boot.autoconfigure.ssl.SslAutoConfiguration' via constructor to bean named 'org.springframework.boot.web.server.servlet.context.AnnotationConfigServletWebServerApplicationContext@1a1d3c1a'
2026-08-11 18:03:43 DEBUG o.s.b.f.s.DefaultListableBeanFactory - Autowiring by type from bean name 'org.springframework.boot.autoconfigure.ssl.SslAutoConfiguration' via constructor to bean named 'spring.ssl-org.springframework.boot.autoconfigure.ssl.SslProperties'
2026-08-11 18:03:43 DEBUG o.s.b.f.s.DefaultListableBeanFactory - Creating shared instance of singleton bean 'sslPropertiesSslBundleRegistrar'
2026-08-11 18:03:43 DEBUG o.s.b.f.s.DefaultListableBeanFactory - Creating shared instance of singleton bean 'fileWatcher'
2026-08-11 18:03:43 DEBUG o.s.b.f.s.DefaultListableBeanFactory - Autowiring by type from bean name 'sslPropertiesSslBundleRegistrar' via factory method to bean named 'fileWatcher'
2026-08-11 18:03:43 DEBUG o.s.b.f.s.DefaultListableBeanFactory - Creating shared instance of singleton bean 'webSocketWebServerCustomizer'
2026-08-11 18:03:43 DEBUG o.s.b.f.s.DefaultListableBeanFactory - Creating shared instance of singleton bean 'org.springframework.boot.tomcat.autoconfigure.TomcatWebServerConfiguration$TomcatWebSocketConfiguration'
2026-08-11 18:03:43 DEBUG o.s.b.f.s.DefaultListableBeanFactory - Creating shared instance of singleton bean 'tomcatWebServerFactoryCustomizer'
2026-08-11 18:03:43 DEBUG o.s.b.f.s.DefaultListableBeanFactory - Creating shared instance of singleton bean 'org.springframework.boot.tomcat.autoconfigure.TomcatWebServerConfiguration'
2026-08-11 18:03:43 DEBUG o.s.b.f.s.DefaultListableBeanFactory - Creating shared instance of singleton bean 'spring.web-org.springframework.boot.autoconfigure.web.WebProperties'
2026-08-11 18:03:43 DEBUG o.s.b.f.s.DefaultListableBeanFactory - Autowiring by type from bean name 'tomcatWebServerFactoryCustomizer' via factory method to bean named 'environment'
2026-08-11 18:03:43 DEBUG o.s.b.f.s.DefaultListableBeanFactory - Autowiring by type from bean name 'tomcatWebServerFactoryCustomizer' via factory method to bean named 'server-org.springframework.boot.web.server.autoconfigure.ServerProperties'
2026-08-11 18:03:43 DEBUG o.s.b.f.s.DefaultListableBeanFactory - Autowiring by type from bean name 'tomcatWebServerFactoryCustomizer' via factory method to bean named 'server.tomcat-org.springframework.boot.tomcat.autoconfigure.TomcatServerProperties'
2026-08-11 18:03:43 DEBUG o.s.b.f.s.DefaultListableBeanFactory - Autowiring by type from bean name 'tomcatWebServerFactoryCustomizer' via factory method to bean named 'spring.web-org.springframework.boot.autoconfigure.web.WebProperties'
2026-08-11 18:03:43 DEBUG o.s.b.f.s.DefaultListableBeanFactory - Creating shared instance of singleton bean 'tomcatServletWebServerFactoryCustomizer'
2026-08-11 18:03:43 DEBUG o.s.b.f.s.DefaultListableBeanFactory - Autowiring by type from bean name 'tomcatServletWebServerFactoryCustomizer' via factory method to bean named 'server.tomcat-org.springframework.boot.tomcat.autoconfigure.TomcatServerProperties'
2026-08-11 18:03:43 DEBUG o.s.b.f.s.DefaultListableBeanFactory - Creating shared instance of singleton bean 'errorPageCustomizer'
2026-08-11 18:03:43 DEBUG o.s.b.f.s.DefaultListableBeanFactory - Creating shared instance of singleton bean 'org.springframework.boot.webmvc.autoconfigure.error.ErrorMvcAutoConfiguration'
2026-08-11 18:03:43 DEBUG o.s.b.f.s.DefaultListableBeanFactory - Autowiring by type from bean name 'org.springframework.boot.webmvc.autoconfigure.error.ErrorMvcAutoConfiguration' via constructor to bean named 'spring.web-org.springframework.boot.autoconfigure.web.WebProperties'
2026-08-11 18:03:43 DEBUG o.s.b.f.s.DefaultListableBeanFactory - Creating shared instance of singleton bean 'dispatcherServletRegistration'
2026-08-11 18:03:43 DEBUG o.s.b.f.s.DefaultListableBeanFactory - Creating shared instance of singleton bean 'org.springframework.boot.webmvc.autoconfigure.DispatcherServletAutoConfiguration$DispatcherServletRegistrationConfiguration'
2026-08-11 18:03:43 DEBUG o.s.b.f.s.DefaultListableBeanFactory - Creating shared instance of singleton bean 'dispatcherServlet'
2026-08-11 18:03:43 DEBUG o.s.b.f.s.DefaultListableBeanFactory - Creating shared instance of singleton bean 'org.springframework.boot.webmvc.autoconfigure.DispatcherServletAutoConfiguration$DispatcherServletConfiguration'
2026-08-11 18:03:43 DEBUG o.s.b.f.s.DefaultListableBeanFactory - Creating shared instance of singleton bean 'spring.mvc-org.springframework.boot.webmvc.autoconfigure.WebMvcProperties'
2026-08-11 18:03:43 DEBUG o.s.b.f.s.DefaultListableBeanFactory - Autowiring by type from bean name 'dispatcherServlet' via factory method to bean named 'spring.mvc-org.springframework.boot.webmvc.autoconfigure.WebMvcProperties'
2026-08-11 18:03:43 DEBUG o.s.b.f.s.DefaultListableBeanFactory - Autowiring by type from bean name 'dispatcherServletRegistration' via factory method to bean named 'dispatcherServlet'
2026-08-11 18:03:43 DEBUG o.s.b.f.s.DefaultListableBeanFactory - Autowiring by type from bean name 'dispatcherServletRegistration' via factory method to bean named 'spring.mvc-org.springframework.boot.webmvc.autoconfigure.WebMvcProperties'
2026-08-11 18:03:43 DEBUG o.s.b.f.s.DefaultListableBeanFactory - Creating shared instance of singleton bean 'multipartConfigElement'
2026-08-11 18:03:43 DEBUG o.s.b.f.s.DefaultListableBeanFactory - Creating shared instance of singleton bean 'org.springframework.boot.servlet.autoconfigure.MultipartAutoConfiguration'
2026-08-11 18:03:43 DEBUG o.s.b.f.s.DefaultListableBeanFactory - Creating shared instance of singleton bean 'spring.servlet.multipart-org.springframework.boot.servlet.autoconfigure.MultipartProperties'
2026-08-11 18:03:43 DEBUG o.s.b.f.s.DefaultListableBeanFactory - Autowiring by type from bean name 'org.springframework.boot.servlet.autoconfigure.MultipartAutoConfiguration' via constructor to bean named 'spring.servlet.multipart-org.springframework.boot.servlet.autoconfigure.MultipartProperties'
2026-08-11 18:03:43 DEBUG o.s.b.f.s.DefaultListableBeanFactory - Autowiring by type from bean name 'errorPageCustomizer' via factory method to bean named 'dispatcherServletRegistration'
2026-08-11 18:03:44 DEBUG o.s.b.t.s.TomcatServletWebServerFactory - Code archive: /home/tejaskudva/.m2/repository/org/springframework/boot/spring-boot-web-server/4.1.0/spring-boot-web-server-4.1.0.jar
2026-08-11 18:03:44 DEBUG o.s.b.t.s.TomcatServletWebServerFactory - Code archive: /home/tejaskudva/.m2/repository/org/springframework/boot/spring-boot-web-server/4.1.0/spring-boot-web-server-4.1.0.jar
2026-08-11 18:03:44 DEBUG o.s.b.t.s.TomcatServletWebServerFactory - None of the document roots [src/main/webapp, public, static] point to a directory and will be ignored.
2026-08-11 18:03:44 DEBUG o.s.b.w.c.s.WebApplicationContextInitializer - Published root WebApplicationContext as ServletContext attribute with name [org.springframework.web.context.WebApplicationContext.ROOT]
2026-08-11 18:03:44 DEBUG o.s.b.f.s.DefaultListableBeanFactory - Creating shared instance of singleton bean 'webMvcObservationFilter'
2026-08-11 18:03:44 DEBUG o.s.b.f.s.DefaultListableBeanFactory - Creating shared instance of singleton bean 'org.springframework.boot.webmvc.autoconfigure.WebMvcObservationAutoConfiguration'
2026-08-11 18:03:44 DEBUG o.s.b.f.s.DefaultListableBeanFactory - Creating shared instance of singleton bean 'observationRegistry'
2026-08-11 18:03:44 DEBUG o.s.b.f.s.DefaultListableBeanFactory - Creating shared instance of singleton bean 'org.springframework.boot.micrometer.observation.autoconfigure.ObservationAutoConfiguration'
2026-08-11 18:03:44 DEBUG o.s.b.f.s.DefaultListableBeanFactory - Creating shared instance of singleton bean 'propertiesObservationFilter'
2026-08-11 18:03:44 DEBUG o.s.b.f.s.DefaultListableBeanFactory - Creating shared instance of singleton bean 'management.observations-org.springframework.boot.micrometer.observation.autoconfigure.ObservationProperties'
2026-08-11 18:03:44 DEBUG o.s.b.f.s.DefaultListableBeanFactory - Autowiring by type from bean name 'propertiesObservationFilter' via factory method to bean named 'management.observations-org.springframework.boot.micrometer.observation.autoconfigure.ObservationProperties'
2026-08-11 18:03:44 DEBUG o.s.b.f.s.DefaultListableBeanFactory - Creating shared instance of singleton bean 'metricsObservationHandlerGroup'
2026-08-11 18:03:44 DEBUG o.s.b.f.s.DefaultListableBeanFactory - Creating shared instance of singleton bean 'org.springframework.boot.micrometer.metrics.autoconfigure.MetricsAutoConfiguration'
2026-08-11 18:03:44 DEBUG o.s.b.f.s.DefaultListableBeanFactory - Creating shared instance of singleton bean 'defaultMeterObservationHandler'
2026-08-11 18:03:44 DEBUG o.s.b.f.s.DefaultListableBeanFactory - Creating shared instance of singleton bean 'micrometerClock'
2026-08-11 18:03:44 DEBUG o.s.b.f.s.DefaultListableBeanFactory - Creating shared instance of singleton bean 'management.metrics-org.springframework.boot.micrometer.metrics.autoconfigure.MetricsProperties'
2026-08-11 18:03:44 DEBUG o.s.b.f.s.DefaultListableBeanFactory - Autowiring by type from bean name 'defaultMeterObservationHandler' via factory method to bean named 'micrometerClock'
2026-08-11 18:03:44 DEBUG o.s.b.f.s.DefaultListableBeanFactory - Autowiring by type from bean name 'defaultMeterObservationHandler' via factory method to bean named 'management.metrics-org.springframework.boot.micrometer.metrics.autoconfigure.MetricsProperties'
2026-08-11 18:03:44 DEBUG o.s.b.f.s.DefaultListableBeanFactory - Creating shared instance of singleton bean 'simpleMeterRegistry'
2026-08-11 18:03:44 DEBUG o.s.b.f.s.DefaultListableBeanFactory - Creating shared instance of singleton bean 'org.springframework.boot.micrometer.metrics.autoconfigure.export.simple.SimpleMetricsExportAutoConfiguration'
2026-08-11 18:03:44 DEBUG o.s.b.f.s.DefaultListableBeanFactory - Creating shared instance of singleton bean 'simpleConfig'
2026-08-11 18:03:44 DEBUG o.s.b.f.s.DefaultListableBeanFactory - Creating shared instance of singleton bean 'management.simple.metrics.export-org.springframework.boot.micrometer.metrics.autoconfigure.export.simple.SimpleProperties'
2026-08-11 18:03:44 DEBUG o.s.b.f.s.DefaultListableBeanFactory - Autowiring by type from bean name 'simpleConfig' via factory method to bean named 'management.simple.metrics.export-org.springframework.boot.micrometer.metrics.autoconfigure.export.simple.SimpleProperties'
2026-08-11 18:03:44 DEBUG o.s.b.f.s.DefaultListableBeanFactory - Autowiring by type from bean name 'simpleMeterRegistry' via factory method to bean named 'simpleConfig'
2026-08-11 18:03:44 DEBUG o.s.b.f.s.DefaultListableBeanFactory - Autowiring by type from bean name 'simpleMeterRegistry' via factory method to bean named 'micrometerClock'
2026-08-11 18:03:44 DEBUG i.m.c.u.i.l.InternalLoggerFactory - Using SLF4J as the default logging framework
2026-08-11 18:03:44 DEBUG o.s.b.f.s.DefaultListableBeanFactory - Creating shared instance of singleton bean 'propertiesMeterFilter'
2026-08-11 18:03:44 DEBUG o.s.b.f.s.DefaultListableBeanFactory - Autowiring by type from bean name 'propertiesMeterFilter' via factory method to bean named 'management.metrics-org.springframework.boot.micrometer.metrics.autoconfigure.MetricsProperties'
2026-08-11 18:03:44 DEBUG o.s.b.f.s.DefaultListableBeanFactory - Creating shared instance of singleton bean 'metricsHttpServerUriTagFilter'
2026-08-11 18:03:44 DEBUG o.s.b.f.s.DefaultListableBeanFactory - Creating shared instance of singleton bean 'org.springframework.boot.webmvc.autoconfigure.WebMvcObservationAutoConfiguration$MeterFilterConfiguration'
2026-08-11 18:03:44 DEBUG o.s.b.f.s.DefaultListableBeanFactory - Autowiring by type from bean name 'metricsHttpServerUriTagFilter' via factory method to bean named 'management.observations-org.springframework.boot.micrometer.observation.autoconfigure.ObservationProperties'
2026-08-11 18:03:44 DEBUG o.s.b.f.s.DefaultListableBeanFactory - Autowiring by type from bean name 'metricsHttpServerUriTagFilter' via factory method to bean named 'management.metrics-org.springframework.boot.micrometer.metrics.autoconfigure.MetricsProperties'
2026-08-11 18:03:44 DEBUG o.s.b.f.s.DefaultListableBeanFactory - Autowiring by type from bean name 'webMvcObservationFilter' via factory method to bean named 'observationRegistry'
2026-08-11 18:03:44 DEBUG o.s.b.f.s.DefaultListableBeanFactory - Autowiring by type from bean name 'webMvcObservationFilter' via factory method to bean named 'management.observations-org.springframework.boot.micrometer.observation.autoconfigure.ObservationProperties'
2026-08-11 18:03:44 DEBUG o.s.b.f.s.DefaultListableBeanFactory - Creating shared instance of singleton bean 'servletEndpointRegistrar'
2026-08-11 18:03:44 DEBUG o.s.b.f.s.DefaultListableBeanFactory - Creating shared instance of singleton bean 'org.springframework.boot.webmvc.autoconfigure.actuate.web.WebMvcEndpointManagementContextConfiguration'
2026-08-11 18:03:44 DEBUG o.s.b.f.s.DefaultListableBeanFactory - Creating shared instance of singleton bean 'management.endpoints.web-org.springframework.boot.actuate.autoconfigure.endpoint.web.WebEndpointProperties'
2026-08-11 18:03:44 DEBUG o.s.b.f.s.DefaultListableBeanFactory - Creating shared instance of singleton bean 'servletEndpointDiscoverer'
2026-08-11 18:03:44 DEBUG o.s.b.f.s.DefaultListableBeanFactory - Creating shared instance of singleton bean 'org.springframework.boot.actuate.autoconfigure.endpoint.web.WebEndpointAutoConfiguration$WebEndpointServletConfiguration'
2026-08-11 18:03:44 DEBUG o.s.b.f.s.DefaultListableBeanFactory - Autowiring by type from bean name 'servletEndpointDiscoverer' via factory method to bean named 'org.springframework.boot.web.server.servlet.context.AnnotationConfigServletWebServerApplicationContext@1a1d3c1a'
2026-08-11 18:03:44 DEBUG o.s.b.f.s.DefaultListableBeanFactory - Creating shared instance of singleton bean 'webEndpointPathMapper'
2026-08-11 18:03:44 DEBUG o.s.b.f.s.DefaultListableBeanFactory - Creating shared instance of singleton bean 'org.springframework.boot.actuate.autoconfigure.endpoint.web.WebEndpointAutoConfiguration'
2026-08-11 18:03:44 DEBUG o.s.b.f.s.DefaultListableBeanFactory - Autowiring by type from bean name 'org.springframework.boot.actuate.autoconfigure.endpoint.web.WebEndpointAutoConfiguration' via constructor to bean named 'org.springframework.boot.web.server.servlet.context.AnnotationConfigServletWebServerApplicationContext@1a1d3c1a'
2026-08-11 18:03:44 DEBUG o.s.b.f.s.DefaultListableBeanFactory - Autowiring by type from bean name 'org.springframework.boot.actuate.autoconfigure.endpoint.web.WebEndpointAutoConfiguration' via constructor to bean named 'management.endpoints.web-org.springframework.boot.actuate.autoconfigure.endpoint.web.WebEndpointProperties'
2026-08-11 18:03:44 DEBUG o.s.b.f.s.DefaultListableBeanFactory - Creating shared instance of singleton bean 'servletExposeExcludePropertyEndpointFilter'
2026-08-11 18:03:44 DEBUG o.s.b.f.s.DefaultListableBeanFactory - Creating shared instance of singleton bean 'org.springframework.boot.servlet.autoconfigure.actuate.web.ServletEndpointManagementContextConfiguration'
2026-08-11 18:03:44 DEBUG o.s.b.f.s.DefaultListableBeanFactory - Autowiring by type from bean name 'servletExposeExcludePropertyEndpointFilter' via factory method to bean named 'management.endpoints.web-org.springframework.boot.actuate.autoconfigure.endpoint.web.WebEndpointProperties'
2026-08-11 18:03:44 DEBUG o.s.b.f.s.DefaultListableBeanFactory - Creating shared instance of singleton bean 'propertiesEndpointAccessResolver'
2026-08-11 18:03:44 DEBUG o.s.b.f.s.DefaultListableBeanFactory - Creating shared instance of singleton bean 'org.springframework.boot.actuate.autoconfigure.endpoint.EndpointAutoConfiguration'
2026-08-11 18:03:44 DEBUG o.s.b.f.s.DefaultListableBeanFactory - Autowiring by type from bean name 'propertiesEndpointAccessResolver' via factory method to bean named 'environment'
2026-08-11 18:03:44 DEBUG o.s.b.f.s.DefaultListableBeanFactory - Autowiring by type from bean name 'servletEndpointRegistrar' via factory method to bean named 'management.endpoints.web-org.springframework.boot.actuate.autoconfigure.endpoint.web.WebEndpointProperties'
2026-08-11 18:03:44 DEBUG o.s.b.f.s.DefaultListableBeanFactory - Autowiring by type from bean name 'servletEndpointRegistrar' via factory method to bean named 'servletEndpointDiscoverer'
2026-08-11 18:03:44 DEBUG o.s.b.f.s.DefaultListableBeanFactory - Autowiring by type from bean name 'servletEndpointRegistrar' via factory method to bean named 'dispatcherServletRegistration'
2026-08-11 18:03:44 DEBUG o.s.b.f.s.DefaultListableBeanFactory - Autowiring by type from bean name 'servletEndpointRegistrar' via factory method to bean named 'propertiesEndpointAccessResolver'
2026-08-11 18:03:44 DEBUG o.s.b.f.s.DefaultListableBeanFactory - Creating shared instance of singleton bean 'notificationAuthFilter'
2026-08-11 18:03:44 DEBUG o.s.b.f.s.DefaultListableBeanFactory - Creating shared instance of singleton bean 'requestContextFilter'
2026-08-11 18:03:44 DEBUG o.s.b.f.s.DefaultListableBeanFactory - Creating shared instance of singleton bean 'formContentFilter'
2026-08-11 18:03:44 DEBUG o.s.b.f.s.DefaultListableBeanFactory - Creating shared instance of singleton bean 'org.springframework.boot.webmvc.autoconfigure.WebMvcAutoConfiguration'
2026-08-11 18:03:44 DEBUG o.s.b.f.s.DefaultListableBeanFactory - Creating shared instance of singleton bean 'characterEncodingFilter'
2026-08-11 18:03:44 DEBUG o.s.b.f.s.DefaultListableBeanFactory - Creating shared instance of singleton bean 'org.springframework.boot.servlet.autoconfigure.HttpEncodingAutoConfiguration'
2026-08-11 18:03:44 DEBUG o.s.b.f.s.DefaultListableBeanFactory - Creating shared instance of singleton bean 'spring.servlet.encoding-org.springframework.boot.servlet.autoconfigure.ServletEncodingProperties'
2026-08-11 18:03:44 DEBUG o.s.b.f.s.DefaultListableBeanFactory - Autowiring by type from bean name 'characterEncodingFilter' via factory method to bean named 'spring.servlet.encoding-org.springframework.boot.servlet.autoconfigure.ServletEncodingProperties'
2026-08-11 18:03:44 DEBUG o.s.b.w.s.ServletContextInitializerBeans - Mapping filters: webMvcObservationFilter urls=[/*] order=-2147483647, characterEncodingFilter urls=[/*] order=-2147483648, formContentFilter urls=[/*] order=-9900, requestContextFilter urls=[/*] order=-105, notificationAuthFilter urls=[/*] order=2147483647
2026-08-11 18:03:44 DEBUG o.s.b.w.s.ServletContextInitializerBeans - Mapping servlets: dispatcherServlet urls=[/]
2026-08-11 18:03:44 DEBUG o.s.b.s.f.OrderedRequestContextFilter - Filter 'requestContextFilter' configured for use
2026-08-11 18:03:44 DEBUG c.n.a.f.NotificationAuthFilter$$SpringCGLIB$$0 - Filter 'notificationAuthFilter' configured for use
2026-08-11 18:03:44 DEBUG o.s.w.f.ServerHttpObservationFilter - Filter 'webMvcObservationFilter' configured for use
2026-08-11 18:03:44 DEBUG o.s.b.s.f.OrderedCharacterEncodingFilter - Filter 'characterEncodingFilter' configured for use
2026-08-11 18:03:44 DEBUG o.s.b.s.f.OrderedFormContentFilter - Filter 'formContentFilter' configured for use
2026-08-11 18:03:44 DEBUG o.s.b.f.s.DefaultListableBeanFactory - Creating shared instance of singleton bean 'applicationTaskExecutor'
2026-08-11 18:03:44 DEBUG o.s.b.f.s.DefaultListableBeanFactory - Creating shared instance of singleton bean 'org.springframework.boot.autoconfigure.task.TaskExecutorConfigurations$TaskExecutorConfiguration'
2026-08-11 18:03:44 DEBUG o.s.b.f.s.DefaultListableBeanFactory - Creating shared instance of singleton bean 'threadPoolTaskExecutorBuilder'
2026-08-11 18:03:44 DEBUG o.s.b.f.s.DefaultListableBeanFactory - Creating shared instance of singleton bean 'org.springframework.boot.autoconfigure.task.TaskExecutorConfigurations$ThreadPoolTaskExecutorBuilderConfiguration'
2026-08-11 18:03:44 DEBUG o.s.b.f.s.DefaultListableBeanFactory - Creating shared instance of singleton bean 'spring.task.execution-org.springframework.boot.autoconfigure.task.TaskExecutionProperties'
2026-08-11 18:03:44 DEBUG o.s.b.f.s.DefaultListableBeanFactory - Autowiring by type from bean name 'threadPoolTaskExecutorBuilder' via factory method to bean named 'spring.task.execution-org.springframework.boot.autoconfigure.task.TaskExecutionProperties'
2026-08-11 18:03:44 DEBUG o.s.b.f.s.DefaultListableBeanFactory - Autowiring by type from bean name 'applicationTaskExecutor' via factory method to bean named 'threadPoolTaskExecutorBuilder'
2026-08-11 18:03:44 DEBUG o.s.s.c.ThreadPoolTaskExecutor - Initializing ExecutorService 'applicationTaskExecutor'
2026-08-11 18:03:44 DEBUG o.s.b.f.s.DefaultListableBeanFactory - Creating shared instance of singleton bean 'notificationApiServiceApplication'
2026-08-11 18:03:44 DEBUG o.s.b.f.s.DefaultListableBeanFactory - Creating shared instance of singleton bean 'connectionValidator'
2026-08-11 18:03:44 DEBUG o.s.b.f.s.DefaultListableBeanFactory - Creating shared instance of singleton bean 'redisConnectionFactory'
2026-08-11 18:03:44 DEBUG o.s.b.f.s.DefaultListableBeanFactory - Creating shared instance of singleton bean 'org.springframework.boot.data.redis.autoconfigure.LettuceConnectionConfiguration'
2026-08-11 18:03:44 DEBUG o.s.b.f.s.DefaultListableBeanFactory - Creating shared instance of singleton bean 'spring.data.redis-org.springframework.boot.data.redis.autoconfigure.DataRedisProperties'
2026-08-11 18:03:44 DEBUG o.s.b.f.s.DefaultListableBeanFactory - Creating shared instance of singleton bean 'redisConnectionDetails'
2026-08-11 18:03:44 DEBUG o.s.b.f.s.DefaultListableBeanFactory - Creating shared instance of singleton bean 'org.springframework.boot.data.redis.autoconfigure.DataRedisAutoConfiguration'
2026-08-11 18:03:44 DEBUG o.s.b.f.s.DefaultListableBeanFactory - Autowiring by type from bean name 'redisConnectionDetails' via factory method to bean named 'spring.data.redis-org.springframework.boot.data.redis.autoconfigure.DataRedisProperties'
2026-08-11 18:03:44 DEBUG o.s.b.f.s.DefaultListableBeanFactory - Autowiring by type from bean name 'org.springframework.boot.data.redis.autoconfigure.LettuceConnectionConfiguration' via constructor to bean named 'spring.data.redis-org.springframework.boot.data.redis.autoconfigure.DataRedisProperties'
2026-08-11 18:03:44 DEBUG o.s.b.f.s.DefaultListableBeanFactory - Autowiring by type from bean name 'org.springframework.boot.data.redis.autoconfigure.LettuceConnectionConfiguration' via constructor to bean named 'redisConnectionDetails'
2026-08-11 18:03:44 DEBUG o.s.b.f.s.DefaultListableBeanFactory - Creating shared instance of singleton bean 'lettuceClientResources'
2026-08-11 18:03:44 DEBUG i.n.u.i.l.InternalLoggerFactory - Using SLF4J as the default logging framework
2026-08-11 18:03:44 DEBUG io.netty.util.NetUtil - -Djava.net.preferIPv4Stack: false
2026-08-11 18:03:44 DEBUG io.netty.util.NetUtil - -Djava.net.preferIPv6Addresses: false
2026-08-11 18:03:44 DEBUG i.netty.util.NetUtilInitializations - Loopback interface: lo (lo, 0:0:0:0:0:0:0:1%lo)
2026-08-11 18:03:44 DEBUG i.n.util.internal.PlatformDependent0 - Java version: 21
2026-08-11 18:03:44 DEBUG i.n.util.internal.PlatformDependent0 - -Dio.netty.noUnsafe: false
2026-08-11 18:03:44 DEBUG i.n.util.internal.PlatformDependent0 - sun.misc.Unsafe.theUnsafe: available
2026-08-11 18:03:44 DEBUG i.n.util.internal.PlatformDependent0 - sun.misc.Unsafe base methods: all available
2026-08-11 18:03:44 DEBUG i.n.util.internal.PlatformDependent0 - java.nio.Buffer.address: available
2026-08-11 18:03:44 DEBUG i.n.util.internal.PlatformDependent0 - direct buffer constructor: unavailable: Reflective setAccessible(true) disabled
2026-08-11 18:03:44 DEBUG i.n.util.internal.PlatformDependent0 - java.nio.Bits.unaligned: available, true
2026-08-11 18:03:44 DEBUG i.n.util.internal.PlatformDependent0 - jdk.internal.misc.Unsafe.allocateUninitializedArray(int): unavailable: symbolic reference class is not accessible: class jdk.internal.misc.Unsafe, from class io.netty.util.internal.PlatformDependent0 (unnamed module @771a660)
2026-08-11 18:03:44 DEBUG i.n.util.internal.PlatformDependent0 - java.nio.DirectByteBuffer.<init>(long, {int,long}): unavailable
2026-08-11 18:03:44 DEBUG i.n.util.internal.PlatformDependent - sun.misc.Unsafe: available
2026-08-11 18:03:44 DEBUG i.n.util.internal.PlatformDependent - -Dio.netty.tmpdir: /tmp (java.io.tmpdir)
2026-08-11 18:03:44 DEBUG i.n.util.internal.PlatformDependent - -Dio.netty.bitMode: 64 (sun.arch.data.model)
2026-08-11 18:03:44 DEBUG i.n.util.internal.PlatformDependent - -Dio.netty.maxDirectMemory: 3980394496 bytes
2026-08-11 18:03:44 DEBUG io.netty.util.internal.CleanerJava9 - java.nio.ByteBuffer.cleaner(): available
2026-08-11 18:03:44 DEBUG i.n.util.internal.PlatformDependent - -Dio.netty.noPreferDirect: false
2026-08-11 18:03:44 DEBUG i.n.util.internal.PlatformDependent - -Dio.netty.ignoreExpensiveClean: false
2026-08-11 18:03:44 DEBUG i.n.util.internal.PlatformDependent - -Dio.netty.jfr.enabled: true
2026-08-11 18:03:44 DEBUG io.netty.util.NetUtil - /proc/sys/net/core/somaxconn: 4096
2026-08-11 18:03:44 DEBUG i.netty.resolver.dns.DnsNameResolver - Default ResolvedAddressTypes: IPV4_ONLY
2026-08-11 18:03:44 DEBUG i.netty.resolver.dns.DnsNameResolver - Windows hostname: null
2026-08-11 18:03:44 DEBUG i.netty.resolver.dns.DnsNameResolver - Default search domains: [domain.name]
2026-08-11 18:03:44 DEBUG i.netty.resolver.dns.DnsNameResolver - Default UnixResolverOptions{ndots=1, timeout=5, attempts=16}
2026-08-11 18:03:44 DEBUG i.n.u.i.InternalThreadLocalMap - -Dio.netty.threadLocalMap.stringBuilder.initialSize: 1024
2026-08-11 18:03:44 DEBUG i.n.u.i.InternalThreadLocalMap - -Dio.netty.threadLocalMap.stringBuilder.maxSize: 4096
2026-08-11 18:03:44 DEBUG i.n.r.DefaultHostsFileEntriesResolver - -Dio.netty.hostsFileRefreshInterval: 0
2026-08-11 18:03:44 DEBUG i.l.core.resource.EpollProvider - Starting without optional epoll library
2026-08-11 18:03:44 DEBUG i.l.core.resource.KqueueProvider - Starting without optional kqueue library
2026-08-11 18:03:44 DEBUG i.l.core.resource.IOUringProvider - Starting without optional io_uring library
2026-08-11 18:03:44 DEBUG i.l.c.r.DefaultClientResources - -Dio.netty.eventLoopThreads: 12
2026-08-11 18:03:44 DEBUG o.s.b.f.s.DefaultListableBeanFactory - Creating shared instance of singleton bean 'lettuceObservation'
2026-08-11 18:03:44 DEBUG o.s.b.f.s.DefaultListableBeanFactory - Creating shared instance of singleton bean 'org.springframework.boot.data.redis.autoconfigure.observation.LettuceObservationAutoConfiguration'
2026-08-11 18:03:44 DEBUG o.s.b.f.s.DefaultListableBeanFactory - Autowiring by type from bean name 'lettuceObservation' via factory method to bean named 'observationRegistry'
2026-08-11 18:03:44 DEBUG i.l.c.r.DefaultEventLoopGroupProvider - Creating executor io.netty.util.concurrent.DefaultEventExecutorGroup
2026-08-11 18:03:44 DEBUG i.n.u.concurrent.GlobalEventExecutor - -Dio.netty.globalEventExecutor.quietPeriodSeconds: 1
2026-08-11 18:03:44 DEBUG io.netty.util.ResourceLeakDetector - -Dio.netty.leakDetection.level: simple
2026-08-11 18:03:44 DEBUG io.netty.util.ResourceLeakDetector - -Dio.netty.leakDetection.targetRecords: 4
2026-08-11 18:03:44 DEBUG i.n.util.ResourceLeakDetectorFactory - Loaded default ResourceLeakDetector: io.netty.util.ResourceLeakDetector@18dac12f
2026-08-11 18:03:44 DEBUG i.n.util.internal.PlatformDependent - org.jctools-core.MpscChunkedArrayQueue: available
2026-08-11 18:03:44 DEBUG reactor.util.Loggers - Using Slf4j logging framework
2026-08-11 18:03:44 DEBUG i.l.c.event.jfr.EventRecorderHolder - Starting with JFR support
2026-08-11 18:03:44 DEBUG i.l.c.r.DefaultClientResources - LatencyUtils/HdrUtils are not available, metrics are disabled
2026-08-11 18:03:44 DEBUG o.s.b.f.s.DefaultListableBeanFactory - Autowiring by type from bean name 'redisConnectionFactory' via factory method to bean named 'lettuceClientResources'
2026-08-11 18:03:44 DEBUG o.s.b.f.s.DefaultListableBeanFactory - Autowiring by type from bean name 'connectionValidator' via constructor to bean named 'redisConnectionFactory'
2026-08-11 18:03:44 DEBUG io.lettuce.core.RedisClient - Trying to get a Redis connection for: redis://localhost
2026-08-11 18:03:44 DEBUG i.n.buffer.AdaptiveByteBufAllocator - -Dio.netty.allocator.useCachedMagazinesForNonEventLoopThreads: false
2026-08-11 18:03:44 DEBUG io.netty.util.Recycler - -Dio.netty.recycler.maxCapacityPerThread: 4096
2026-08-11 18:03:44 DEBUG io.netty.util.Recycler - -Dio.netty.recycler.ratio: 8
2026-08-11 18:03:44 DEBUG io.netty.util.Recycler - -Dio.netty.recycler.chunkSize: 32
2026-08-11 18:03:44 DEBUG io.netty.util.Recycler - -Dio.netty.recycler.blocking: false
2026-08-11 18:03:44 DEBUG io.netty.util.Recycler - -Dio.netty.recycler.batchFastThreadLocalOnly: true
2026-08-11 18:03:44 DEBUG io.netty.buffer.ByteBufUtil - -Dio.netty.allocator.type: adaptive
2026-08-11 18:03:44 DEBUG io.netty.buffer.ByteBufUtil - -Dio.netty.threadLocalDirectBufferSize: 0
2026-08-11 18:03:44 DEBUG io.netty.buffer.ByteBufUtil - -Dio.netty.maxThreadLocalCharBufferSize: 16384
2026-08-11 18:03:44 DEBUG i.l.c.r.DefaultEventLoopGroupProvider - Allocating executor io.netty.channel.MultiThreadIoEventLoopGroup
2026-08-11 18:03:44 DEBUG i.l.c.r.DefaultEventLoopGroupProvider - Creating executor io.netty.channel.MultiThreadIoEventLoopGroup
2026-08-11 18:03:44 DEBUG i.n.c.MultithreadEventLoopGroup - -Dio.netty.eventLoopThreads: 24
2026-08-11 18:03:44 DEBUG io.netty.channel.nio.NioIoHandler - -Dio.netty.noKeySetOptimization: false
2026-08-11 18:03:44 DEBUG io.netty.channel.nio.NioIoHandler - -Dio.netty.selectorAutoRebuildThreshold: 512
2026-08-11 18:03:44 DEBUG i.l.c.r.DefaultEventLoopGroupProvider - Adding reference to io.netty.channel.MultiThreadIoEventLoopGroup@44106e25, existing ref count 0
2026-08-11 18:03:44 DEBUG io.lettuce.core.RedisClient - Resolved SocketAddress localhost/<unresolved>:6379 using redis://localhost
2026-08-11 18:03:44 DEBUG io.lettuce.core.AbstractRedisClient - Connecting to Redis at localhost/<unresolved>:6379
2026-08-11 18:03:44 DEBUG io.netty.channel.DefaultChannelId - -Dio.netty.processId: 26458 (auto-detected)
2026-08-11 18:03:44 DEBUG io.netty.channel.DefaultChannelId - -Dio.netty.machineId: c0:35:32:ff:fe:26:55:41 (auto-detected)
2026-08-11 18:03:44 DEBUG i.n.b.ChannelInitializerExtensions - -Dio.netty.bootstrap.extensions: null
2026-08-11 18:03:44 DEBUG i.l.core.protocol.CommandHandler - [channel=0x84d0e94a, [id: 0xca2f59cd] (inactive), epid=0x1, chid=0x1] channelRegistered()
2026-08-11 18:03:44 DEBUG io.netty.buffer.AbstractByteBuf - -Dio.netty.buffer.checkAccessible: true
2026-08-11 18:03:44 DEBUG io.netty.buffer.AbstractByteBuf - -Dio.netty.buffer.checkBounds: true
2026-08-11 18:03:44 DEBUG i.n.util.ResourceLeakDetectorFactory - Loaded default ResourceLeakDetector: io.netty.util.ResourceLeakDetector@3dbf4fc
2026-08-11 18:03:44 DEBUG i.l.core.protocol.CommandHandler - [channel=0x84d0e94a, /127.0.0.1:60102 -> localhost/127.0.0.1:6379, epid=0x1, chid=0x1] write(ctx, AsyncCommand [type=HELLO, output=GenericMapOutput [output=null, error='null'], commandType=io.lettuce.core.protocol.Command], promise)
2026-08-11 18:03:44 DEBUG i.l.core.protocol.CommandEncoder - [channel=0x84d0e94a, /127.0.0.1:60102 -> localhost/127.0.0.1:6379] writing command AsyncCommand [type=HELLO, output=GenericMapOutput [output=null, error='null'], commandType=io.lettuce.core.protocol.Command]
2026-08-11 18:03:44 DEBUG i.l.core.protocol.CommandHandler - [channel=0x84d0e94a, /127.0.0.1:60102 -> localhost/127.0.0.1:6379, epid=0x1, chid=0x1] Received: 145 bytes, 1 commands in the stack
2026-08-11 18:03:44 DEBUG i.l.core.protocol.CommandHandler - [channel=0x84d0e94a, /127.0.0.1:60102 -> localhost/127.0.0.1:6379, epid=0x1, chid=0x1] Stack contains: 1 commands
2026-08-11 18:03:44 DEBUG i.l.core.protocol.RedisStateMachine - Decode done, empty stack: true
2026-08-11 18:03:44 DEBUG i.l.core.protocol.CommandHandler - [channel=0x84d0e94a, /127.0.0.1:60102 -> localhost/127.0.0.1:6379, epid=0x1, chid=0x1] Completing command AsyncCommand [type=HELLO, output=GenericMapOutput [output={server=redis, version=7.2.15, proto=3, id=5, mode=standalone, role=master}, error='null'], commandType=io.lettuce.core.protocol.Command]
2026-08-11 18:03:44 DEBUG i.l.core.protocol.CommandHandler - [channel=0x84d0e94a, /127.0.0.1:60102 -> localhost/127.0.0.1:6379, epid=0x1, chid=0x1] write(ctx, [AsyncCommand [type=CLIENT, output=StatusOutput [output=null, error='null'], commandType=io.lettuce.core.protocol.Command], AsyncCommand [type=CLIENT, output=StatusOutput [output=null, error='null'], commandType=io.lettuce.core.protocol.Command]], promise)
2026-08-11 18:03:44 DEBUG i.l.core.protocol.CommandEncoder - [channel=0x84d0e94a, /127.0.0.1:60102 -> localhost/127.0.0.1:6379] writing command AsyncCommand [type=CLIENT, output=StatusOutput [output=null, error='null'], commandType=io.lettuce.core.protocol.Command]
2026-08-11 18:03:44 DEBUG i.l.core.protocol.CommandEncoder - [channel=0x84d0e94a, /127.0.0.1:60102 -> localhost/127.0.0.1:6379] writing command AsyncCommand [type=CLIENT, output=StatusOutput [output=null, error='null'], commandType=io.lettuce.core.protocol.Command]
2026-08-11 18:03:44 DEBUG i.l.core.protocol.CommandHandler - [channel=0x84d0e94a, /127.0.0.1:60102 -> localhost/127.0.0.1:6379, epid=0x1, chid=0x1] Received: 10 bytes, 2 commands in the stack
2026-08-11 18:03:44 DEBUG i.l.core.protocol.CommandHandler - [channel=0x84d0e94a, /127.0.0.1:60102 -> localhost/127.0.0.1:6379, epid=0x1, chid=0x1] Stack contains: 2 commands
2026-08-11 18:03:44 DEBUG i.l.core.protocol.RedisStateMachine - Decode done, empty stack: true
2026-08-11 18:03:44 DEBUG i.l.core.protocol.CommandHandler - [channel=0x84d0e94a, /127.0.0.1:60102 -> localhost/127.0.0.1:6379, epid=0x1, chid=0x1] Completing command AsyncCommand [type=CLIENT, output=StatusOutput [output=OK, error='null'], commandType=io.lettuce.core.protocol.Command]
2026-08-11 18:03:44 DEBUG i.l.core.protocol.CommandHandler - [channel=0x84d0e94a, /127.0.0.1:60102 -> localhost/127.0.0.1:6379, epid=0x1, chid=0x1] Stack contains: 1 commands
2026-08-11 18:03:44 DEBUG i.l.core.protocol.RedisStateMachine - Decode done, empty stack: true
2026-08-11 18:03:44 DEBUG i.l.core.protocol.CommandHandler - [channel=0x84d0e94a, /127.0.0.1:60102 -> localhost/127.0.0.1:6379, epid=0x1, chid=0x1] Completing command AsyncCommand [type=CLIENT, output=StatusOutput [output=OK, error='null'], commandType=io.lettuce.core.protocol.Command]
2026-08-11 18:03:44 DEBUG i.l.core.protocol.CommandHandler - [channel=0x84d0e94a, /127.0.0.1:60102 -> localhost/127.0.0.1:6379, epid=0x1, chid=0x1] write(ctx, [AsyncCommand [type=CLIENT, output=StatusOutput [output=null, error='null'], commandType=io.lettuce.core.protocol.Command]], promise)
2026-08-11 18:03:44 DEBUG i.l.core.protocol.CommandEncoder - [channel=0x84d0e94a, /127.0.0.1:60102 -> localhost/127.0.0.1:6379] writing command AsyncCommand [type=CLIENT, output=StatusOutput [output=null, error='null'], commandType=io.lettuce.core.protocol.Command]
2026-08-11 18:03:44 DEBUG i.l.core.protocol.CommandHandler - [channel=0x84d0e94a, /127.0.0.1:60102 -> localhost/127.0.0.1:6379, epid=0x1, chid=0x1] Received: 65 bytes, 1 commands in the stack
2026-08-11 18:03:44 DEBUG i.l.core.protocol.CommandHandler - [channel=0x84d0e94a, /127.0.0.1:60102 -> localhost/127.0.0.1:6379, epid=0x1, chid=0x1] Stack contains: 1 commands
2026-08-11 18:03:44 DEBUG i.l.core.protocol.RedisStateMachine - Decode done, empty stack: true
2026-08-11 18:03:44 DEBUG i.l.core.protocol.CommandHandler - [channel=0x84d0e94a, /127.0.0.1:60102 -> localhost/127.0.0.1:6379, epid=0x1, chid=0x1] Completing command AsyncCommand [type=CLIENT, output=StatusOutput [output=null, error='ERR unknown subcommand 'MAINT_NOTIFICATIONS'. Try CLIENT HELP.'], commandType=io.lettuce.core.protocol.Command]
2026-08-11 18:03:44 DEBUG io.lettuce.core.RedisHandshake - Maintenance events not enabled
java.util.concurrent.CompletionException: io.lettuce.core.RedisCommandExecutionException: ERR unknown subcommand 'MAINT_NOTIFICATIONS'. Try CLIENT HELP.
	at java.base/java.util.concurrent.CompletableFuture.encodeThrowable(CompletableFuture.java:332)
	at java.base/java.util.concurrent.CompletableFuture.completeThrowable(CompletableFuture.java:347)
	at java.base/java.util.concurrent.CompletableFuture$BiRelay.tryFire(CompletableFuture.java:1498)
	at java.base/java.util.concurrent.CompletableFuture$CoCompletion.tryFire(CompletableFuture.java:1219)
	at java.base/java.util.concurrent.CompletableFuture.postComplete(CompletableFuture.java:510)
	at java.base/java.util.concurrent.CompletableFuture.completeExceptionally(CompletableFuture.java:2194)
	at io.lettuce.core.protocol.AsyncCommand.doCompleteExceptionally(AsyncCommand.java:143)
	at io.lettuce.core.protocol.AsyncCommand.completeResult(AsyncCommand.java:124)
	at io.lettuce.core.protocol.AsyncCommand.complete(AsyncCommand.java:115)
	at io.lettuce.core.protocol.CommandHandler.complete(CommandHandler.java:773)
	at io.lettuce.core.protocol.CommandHandler.decode(CommandHandler.java:692)
	at io.lettuce.core.protocol.CommandHandler.channelRead(CommandHandler.java:611)
	at io.netty.channel.AbstractChannelHandlerContext.fireChannelRead(AbstractChannelHandlerContext.java:355)
	at io.netty.channel.DefaultChannelPipeline$HeadContext.channelRead(DefaultChannelPipeline.java:1429)
	at io.netty.channel.DefaultChannelPipeline.fireChannelRead(DefaultChannelPipeline.java:918)
	at io.netty.channel.nio.AbstractNioByteChannel$NioByteUnsafe.read(AbstractNioByteChannel.java:176)
	at io.netty.channel.nio.AbstractNioChannel$AbstractNioUnsafe.handle(AbstractNioChannel.java:445)
	at io.netty.channel.nio.NioIoHandler$DefaultNioRegistration.handle(NioIoHandler.java:388)
	at io.netty.channel.nio.NioIoHandler.processSelectedKey(NioIoHandler.java:596)
	at io.netty.channel.nio.NioIoHandler.processSelectedKeysOptimized(NioIoHandler.java:571)
	at io.netty.channel.nio.NioIoHandler.processSelectedKeys(NioIoHandler.java:512)
	at io.netty.channel.nio.NioIoHandler.run(NioIoHandler.java:484)
	at io.netty.channel.SingleThreadIoEventLoop.runIo(SingleThreadIoEventLoop.java:225)
	at io.netty.channel.SingleThreadIoEventLoop.run(SingleThreadIoEventLoop.java:196)
	at io.netty.util.concurrent.SingleThreadEventExecutor$5.run(SingleThreadEventExecutor.java:1195)
	at io.netty.util.internal.ThreadExecutorMap$2.run(ThreadExecutorMap.java:74)
	at io.netty.util.concurrent.FastThreadLocalRunnable.run(FastThreadLocalRunnable.java:30)
	at java.base/java.lang.Thread.run(Thread.java:1583)
Caused by: io.lettuce.core.RedisCommandExecutionException: ERR unknown subcommand 'MAINT_NOTIFICATIONS'. Try CLIENT HELP.
	at io.lettuce.core.internal.ExceptionFactory.createExecutionException(ExceptionFactory.java:151)
	at io.lettuce.core.internal.ExceptionFactory.createExecutionException(ExceptionFactory.java:120)
	... 21 common frames omitted
2026-08-11 18:03:44 DEBUG i.l.core.protocol.CommandHandler - [channel=0x84d0e94a, /127.0.0.1:60102 -> localhost/127.0.0.1:6379, epid=0x1, chid=0x1] channelActive()
2026-08-11 18:03:44 DEBUG i.l.core.protocol.DefaultEndpoint - [channel=0x84d0e94a, /127.0.0.1:60102 -> localhost/127.0.0.1:6379, epid=0x1] activateEndpointAndExecuteBufferedCommands 0 command(s) buffered
2026-08-11 18:03:44 DEBUG i.l.core.protocol.DefaultEndpoint - [channel=0x84d0e94a, /127.0.0.1:60102 -> localhost/127.0.0.1:6379, epid=0x1] activating endpoint
2026-08-11 18:03:44 DEBUG i.l.core.protocol.DefaultEndpoint - [channel=0x84d0e94a, /127.0.0.1:60102 -> localhost/127.0.0.1:6379, epid=0x1] flushCommands()
2026-08-11 18:03:44 DEBUG i.l.core.protocol.DefaultEndpoint - [channel=0x84d0e94a, /127.0.0.1:60102 -> localhost/127.0.0.1:6379, epid=0x1] flushCommands() Flushing 0 commands
2026-08-11 18:03:44 DEBUG i.l.core.protocol.ConnectionWatchdog - [channel=0x84d0e94a, /127.0.0.1:60102 -> localhost/127.0.0.1:6379, last known addr=localhost/127.0.0.1:6379] channelActive()
2026-08-11 18:03:44 DEBUG i.l.core.protocol.CommandHandler - [channel=0x84d0e94a, /127.0.0.1:60102 -> localhost/127.0.0.1:6379, epid=0x1, chid=0x1] channelActive() done
2026-08-11 18:03:44 DEBUG io.lettuce.core.AbstractRedisClient - Connecting to Redis at localhost/<unresolved>:6379: Success
2026-08-11 18:03:44 DEBUG io.lettuce.core.RedisChannelHandler - dispatching command AsyncCommand [type=PING, output=StatusOutput [output=null, error='null'], commandType=io.lettuce.core.protocol.Command]
2026-08-11 18:03:44 DEBUG i.l.core.protocol.DefaultEndpoint - [channel=0x84d0e94a, /127.0.0.1:60102 -> localhost/127.0.0.1:6379, epid=0x1] write() writeAndFlush command TracedCommand [type=PING, output=StatusOutput [output=null, error='null'], commandType=io.lettuce.core.protocol.AsyncCommand]
2026-08-11 18:03:44 DEBUG i.l.core.protocol.CommandHandler - [channel=0x84d0e94a, /127.0.0.1:60102 -> localhost/127.0.0.1:6379, epid=0x1, chid=0x1] write(ctx, TracedCommand [type=PING, output=StatusOutput [output=null, error='null'], commandType=io.lettuce.core.protocol.AsyncCommand], promise)
2026-08-11 18:03:44 DEBUG i.l.core.protocol.CommandEncoder - [channel=0x84d0e94a, /127.0.0.1:60102 -> localhost/127.0.0.1:6379] writing command TracedCommand [type=PING, output=StatusOutput [output=null, error='null'], commandType=io.lettuce.core.protocol.AsyncCommand]
2026-08-11 18:03:44 DEBUG i.l.core.protocol.DefaultEndpoint - [channel=0x84d0e94a, /127.0.0.1:60102 -> localhost/127.0.0.1:6379, epid=0x1] write() done
2026-08-11 18:03:44 DEBUG i.l.core.protocol.CommandHandler - [channel=0x84d0e94a, /127.0.0.1:60102 -> localhost/127.0.0.1:6379, epid=0x1, chid=0x1] Received: 7 bytes, 1 commands in the stack
2026-08-11 18:03:44 DEBUG i.l.core.protocol.CommandHandler - [channel=0x84d0e94a, /127.0.0.1:60102 -> localhost/127.0.0.1:6379, epid=0x1, chid=0x1] Stack contains: 1 commands
2026-08-11 18:03:44 DEBUG i.l.core.protocol.RedisStateMachine - Decode done, empty stack: true
2026-08-11 18:03:44 DEBUG i.l.core.protocol.CommandHandler - [channel=0x84d0e94a, /127.0.0.1:60102 -> localhost/127.0.0.1:6379, epid=0x1, chid=0x1] Completing command TracedCommand [type=PING, output=StatusOutput [output=PONG, error='null'], commandType=io.lettuce.core.protocol.AsyncCommand]
2026-08-11 18:03:44 DEBUG o.s.b.f.s.DefaultListableBeanFactory - Creating shared instance of singleton bean 'applicationProperties'
2026-08-11 18:03:44 DEBUG o.s.c.e.PropertySourcesPropertyResolver - Found key 'kafka.audit.topic' in PropertySource 'environmentProperties' with value of type String
2026-08-11 18:03:44 DEBUG o.s.c.e.PropertySourcesPropertyResolver - Found key 'kafka.ingest.topic' in PropertySource 'environmentProperties' with value of type String
2026-08-11 18:03:44 DEBUG o.s.b.f.s.DefaultListableBeanFactory - Creating shared instance of singleton bean 'beanConfigs'
2026-08-11 18:03:44 DEBUG o.s.b.f.s.DefaultListableBeanFactory - Creating shared instance of singleton bean 'redisConfig'
2026-08-11 18:03:44 DEBUG o.s.b.f.s.DefaultListableBeanFactory - Creating shared instance of singleton bean 'notificationController'
2026-08-11 18:03:44 DEBUG o.s.b.f.s.DefaultListableBeanFactory - Creating shared instance of singleton bean 'notificationServiceImpl'
2026-08-11 18:03:44 DEBUG o.s.b.f.s.DefaultListableBeanFactory - Creating shared instance of singleton bean 'templateDaoImpl'
2026-08-11 18:03:44 DEBUG o.s.b.f.s.DefaultListableBeanFactory - Creating shared instance of singleton bean 'templateRepository'
2026-08-11 18:03:44 DEBUG o.s.b.f.s.DefaultListableBeanFactory - Creating shared instance of singleton bean 'mongo.named-queries#0'
2026-08-11 18:03:44 DEBUG o.s.b.f.s.DefaultListableBeanFactory - Creating shared instance of singleton bean 'mongodb.TemplateRepository.fragments#0'
2026-08-11 18:03:44 DEBUG o.s.b.f.s.DefaultListableBeanFactory - Creating shared instance of singleton bean 'mongoTemplate'
2026-08-11 18:03:44 DEBUG o.s.b.f.s.DefaultListableBeanFactory - Creating shared instance of singleton bean 'org.springframework.boot.data.mongodb.autoconfigure.MongoDatabaseFactoryDependentConfiguration'
2026-08-11 18:03:44 DEBUG o.s.b.f.s.DefaultListableBeanFactory - Creating shared instance of singleton bean 'mongoDatabaseFactory'
2026-08-11 18:03:44 DEBUG o.s.b.f.s.DefaultListableBeanFactory - Creating shared instance of singleton bean 'org.springframework.boot.data.mongodb.autoconfigure.MongoDatabaseFactoryConfiguration'
2026-08-11 18:03:44 DEBUG o.s.b.f.s.DefaultListableBeanFactory - Creating shared instance of singleton bean 'mongo'
2026-08-11 18:03:44 DEBUG o.s.b.f.s.DefaultListableBeanFactory - Creating shared instance of singleton bean 'org.springframework.boot.mongodb.autoconfigure.MongoAutoConfiguration'
2026-08-11 18:03:44 DEBUG o.s.b.f.s.DefaultListableBeanFactory - Creating shared instance of singleton bean 'mongoClientSettings'
2026-08-11 18:03:44 DEBUG o.s.b.f.s.DefaultListableBeanFactory - Creating shared instance of singleton bean 'org.springframework.boot.mongodb.autoconfigure.MongoAutoConfiguration$MongoClientSettingsConfiguration'
2026-08-11 18:03:44 DEBUG o.s.b.f.s.DefaultListableBeanFactory - Autowiring by type from bean name 'mongo' via factory method to bean named 'mongoClientSettings'
2026-08-11 18:03:44 DEBUG o.s.b.f.s.DefaultListableBeanFactory - Creating shared instance of singleton bean 'mongoMetricsConnectionPoolListenerClientSettingsBuilderCustomizer'
2026-08-11 18:03:44 DEBUG o.s.b.f.s.DefaultListableBeanFactory - Creating shared instance of singleton bean 'org.springframework.boot.mongodb.autoconfigure.metrics.MongoMetricsAutoConfiguration$MongoConnectionPoolMetricsConfiguration'
2026-08-11 18:03:44 DEBUG o.s.b.f.s.DefaultListableBeanFactory - Creating shared instance of singleton bean 'mongoMetricsConnectionPoolListener'
2026-08-11 18:03:44 DEBUG o.s.b.f.s.DefaultListableBeanFactory - Creating shared instance of singleton bean 'mongoConnectionPoolTagsProvider'
2026-08-11 18:03:44 DEBUG o.s.b.f.s.DefaultListableBeanFactory - Autowiring by type from bean name 'mongoMetricsConnectionPoolListener' via factory method to bean named 'simpleMeterRegistry'
2026-08-11 18:03:44 DEBUG o.s.b.f.s.DefaultListableBeanFactory - Autowiring by type from bean name 'mongoMetricsConnectionPoolListener' via factory method to bean named 'mongoConnectionPoolTagsProvider'
2026-08-11 18:03:44 DEBUG o.s.b.f.s.DefaultListableBeanFactory - Autowiring by type from bean name 'mongoMetricsConnectionPoolListenerClientSettingsBuilderCustomizer' via factory method to bean named 'mongoMetricsConnectionPoolListener'
2026-08-11 18:03:44 DEBUG o.s.b.f.s.DefaultListableBeanFactory - Creating shared instance of singleton bean 'mongoMetricsCommandListenerClientSettingsBuilderCustomizer'
2026-08-11 18:03:44 DEBUG o.s.b.f.s.DefaultListableBeanFactory - Creating shared instance of singleton bean 'org.springframework.boot.mongodb.autoconfigure.metrics.MongoMetricsAutoConfiguration$MongoCommandMetricsConfiguration'
2026-08-11 18:03:44 DEBUG o.s.b.f.s.DefaultListableBeanFactory - Creating shared instance of singleton bean 'mongoMetricsCommandListener'
2026-08-11 18:03:44 DEBUG o.s.b.f.s.DefaultListableBeanFactory - Creating shared instance of singleton bean 'mongoCommandTagsProvider'
2026-08-11 18:03:44 DEBUG o.s.b.f.s.DefaultListableBeanFactory - Autowiring by type from bean name 'mongoMetricsCommandListener' via factory method to bean named 'simpleMeterRegistry'
2026-08-11 18:03:44 DEBUG o.s.b.f.s.DefaultListableBeanFactory - Autowiring by type from bean name 'mongoMetricsCommandListener' via factory method to bean named 'mongoCommandTagsProvider'
2026-08-11 18:03:44 DEBUG o.s.b.f.s.DefaultListableBeanFactory - Autowiring by type from bean name 'mongoMetricsCommandListenerClientSettingsBuilderCustomizer' via factory method to bean named 'mongoMetricsCommandListener'
2026-08-11 18:03:44 DEBUG o.s.b.f.s.DefaultListableBeanFactory - Creating shared instance of singleton bean 'standardMongoSettingsCustomizer'
2026-08-11 18:03:44 DEBUG o.s.b.f.s.DefaultListableBeanFactory - Creating shared instance of singleton bean 'spring.mongodb-org.springframework.boot.mongodb.autoconfigure.MongoProperties'
2026-08-11 18:03:44 DEBUG o.s.b.f.s.DefaultListableBeanFactory - Creating shared instance of singleton bean 'mongoConnectionDetails'
2026-08-11 18:03:44 DEBUG o.s.b.f.s.DefaultListableBeanFactory - Autowiring by type from bean name 'mongoConnectionDetails' via factory method to bean named 'spring.mongodb-org.springframework.boot.mongodb.autoconfigure.MongoProperties'
2026-08-11 18:03:44 DEBUG o.s.b.f.s.DefaultListableBeanFactory - Autowiring by type from bean name 'standardMongoSettingsCustomizer' via factory method to bean named 'spring.mongodb-org.springframework.boot.mongodb.autoconfigure.MongoProperties'
2026-08-11 18:03:44 DEBUG o.s.b.f.s.DefaultListableBeanFactory - Autowiring by type from bean name 'standardMongoSettingsCustomizer' via factory method to bean named 'mongoConnectionDetails'
2026-08-11 18:03:44 DEBUG org.mongodb.driver.cluster - Starting monitoring for topology with ID ClusterId{value='6a7b16a8815c9ca6777eebcc', description='null'}
2026-08-11 18:03:44 DEBUG org.mongodb.driver.cluster - Updating cluster description to  {type=UNKNOWN, servers=[{address=localhost:27017, type=UNKNOWN, state=CONNECTING}]
2026-08-11 18:03:44 DEBUG org.mongodb.driver.cluster - Description changed for topology with ID ClusterId{value='6a7b16a8815c9ca6777eebcc', description='null'}. Previous description: {type=UNKNOWN, servers=[]. New description: {type=UNKNOWN, servers=[{address=localhost:27017, type=UNKNOWN, state=CONNECTING}]
2026-08-11 18:03:44 DEBUG org.mongodb.driver.connection - Connection pool created for localhost:27017 using options maxIdleTimeMS=0, minPoolSize=0, maxPoolSize=100, maxConnecting=2, waitQueueTimeoutMS=120000
2026-08-11 18:03:44 DEBUG org.mongodb.driver.cluster - Starting monitoring for server localhost:27017 in topology with ID ClusterId{value='6a7b16a8815c9ca6777eebcc', description='null'}
2026-08-11 18:03:44 DEBUG org.mongodb.driver.cluster - Checking status of localhost:27017
2026-08-11 18:03:44 DEBUG org.mongodb.driver.cluster - Heartbeat started for localhost:27017 on connection with driver-generated ID 1 and server-generated ID null in topology with ID ClusterId{value='6a7b16a8815c9ca6777eebcc', description='null'}. Awaited: false
2026-08-11 18:03:44 DEBUG o.s.b.f.s.DefaultListableBeanFactory - Autowiring by type from bean name 'mongoDatabaseFactory' via factory method to bean named 'mongo'
2026-08-11 18:03:44 DEBUG o.s.b.f.s.DefaultListableBeanFactory - Autowiring by type from bean name 'mongoDatabaseFactory' via factory method to bean named 'spring.mongodb-org.springframework.boot.mongodb.autoconfigure.MongoProperties'
2026-08-11 18:03:44 DEBUG o.s.b.f.s.DefaultListableBeanFactory - Autowiring by type from bean name 'mongoDatabaseFactory' via factory method to bean named 'mongoConnectionDetails'
2026-08-11 18:03:44 DEBUG org.mongodb.driver.connection - Connection pool ready for localhost:27017
2026-08-11 18:03:44 DEBUG org.mongodb.driver.cluster - Updating cluster description to  {type=STANDALONE, servers=[{address=localhost:27017, type=STANDALONE, roundTripTime=15.1 ms, state=CONNECTED}]
2026-08-11 18:03:44 DEBUG o.s.b.f.s.DefaultListableBeanFactory - Creating shared instance of singleton bean 'mappingMongoConverter'
2026-08-11 18:03:44 DEBUG org.mongodb.driver.cluster - Description changed for topology with ID ClusterId{value='6a7b16a8815c9ca6777eebcc', description='null'}. Previous description: {type=UNKNOWN, servers=[{address=localhost:27017, type=UNKNOWN, state=CONNECTING}]. New description: {type=STANDALONE, servers=[{address=localhost:27017, type=STANDALONE, roundTripTime=15.1 ms, state=CONNECTED}]
2026-08-11 18:03:44 DEBUG o.s.b.f.s.DefaultListableBeanFactory - Creating shared instance of singleton bean 'org.springframework.boot.data.mongodb.autoconfigure.DataMongoConfiguration'
2026-08-11 18:03:44 DEBUG org.mongodb.driver.cluster - Checking status of localhost:27017
2026-08-11 18:03:44 DEBUG o.s.b.f.s.DefaultListableBeanFactory - Creating shared instance of singleton bean 'spring.data.mongodb-org.springframework.boot.data.mongodb.autoconfigure.DataMongoProperties'
2026-08-11 18:03:44 DEBUG o.s.b.f.s.DefaultListableBeanFactory - Autowiring by type from bean name 'org.springframework.boot.data.mongodb.autoconfigure.DataMongoConfiguration' via constructor to bean named 'spring.data.mongodb-org.springframework.boot.data.mongodb.autoconfigure.DataMongoProperties'
2026-08-11 18:03:44 DEBUG o.s.b.f.s.DefaultListableBeanFactory - Creating shared instance of singleton bean 'mongoMappingContext'
2026-08-11 18:03:44 DEBUG o.s.b.f.s.DefaultListableBeanFactory - Creating shared instance of singleton bean 'mongoCustomConversions'
2026-08-11 18:03:44 DEBUG o.s.data.convert.CustomConversions - Adding converter from class java.util.Locale to class java.lang.String as writing converter
2026-08-11 18:03:44 DEBUG o.s.data.convert.CustomConversions - Adding converter from class java.lang.Character to class java.lang.String as writing converter
2026-08-11 18:03:44 DEBUG o.s.data.convert.CustomConversions - Adding converter from class java.net.URL to class java.lang.String as writing converter
2026-08-11 18:03:44 DEBUG o.s.data.convert.CustomConversions - Adding converter from class java.lang.String to class java.net.URL as reading converter
2026-08-11 18:03:44 DEBUG o.s.data.convert.CustomConversions - Adding converter from class org.bson.Document to class java.lang.String as reading converter
2026-08-11 18:03:44 DEBUG o.s.data.convert.CustomConversions - Adding converter from class org.springframework.data.mongodb.core.query.Term to class java.lang.String as writing converter
2026-08-11 18:03:44 DEBUG o.s.data.convert.CustomConversions - Adding converter from class org.springframework.data.mongodb.core.script.NamedMongoScript to class org.bson.Document as writing converter
2026-08-11 18:03:44 DEBUG o.s.data.convert.CustomConversions - Adding converter from class org.bson.Document to class org.springframework.data.mongodb.core.script.NamedMongoScript as reading converter
2026-08-11 18:03:44 DEBUG o.s.data.convert.CustomConversions - Adding converter from class java.util.Currency to class java.lang.String as writing converter
2026-08-11 18:03:44 DEBUG o.s.data.convert.CustomConversions - Adding converter from class java.lang.String to class java.util.Currency as reading converter
2026-08-11 18:03:44 DEBUG o.s.data.convert.CustomConversions - Adding converter from class java.util.concurrent.atomic.AtomicInteger to class java.lang.Integer as writing converter
2026-08-11 18:03:44 DEBUG o.s.data.convert.CustomConversions - Adding converter from class java.util.concurrent.atomic.AtomicLong to class java.lang.Long as writing converter
2026-08-11 18:03:44 DEBUG o.s.data.convert.CustomConversions - Adding converter from class java.lang.Long to class java.util.concurrent.atomic.AtomicLong as reading converter
2026-08-11 18:03:44 DEBUG o.s.data.convert.CustomConversions - Adding converter from class java.lang.Integer to class java.util.concurrent.atomic.AtomicInteger as reading converter
2026-08-11 18:03:44 DEBUG o.s.data.convert.CustomConversions - Adding converter from class org.bson.types.Binary to class [B as reading converter
2026-08-11 18:03:44 DEBUG o.s.data.convert.CustomConversions - Adding converter from class org.bson.BsonTimestamp to class java.time.Instant as reading converter
2026-08-11 18:03:44 DEBUG o.s.data.convert.CustomConversions - Adding converter from class java.lang.Number to class java.lang.Number as writing converter
2026-08-11 18:03:44 DEBUG o.s.data.convert.CustomConversions - Adding converter from interface org.springframework.data.domain.Vector to class java.lang.Object as writing converter
2026-08-11 18:03:44 DEBUG o.s.data.convert.CustomConversions - Adding converter from interface java.util.List to interface org.springframework.data.domain.Vector as reading converter
2026-08-11 18:03:44 DEBUG o.s.data.convert.CustomConversions - Adding converter from class org.bson.BinaryVector to interface org.springframework.data.domain.Vector as reading converter
2026-08-11 18:03:44 DEBUG o.s.data.convert.CustomConversions - Adding converter from class java.lang.String to class java.math.BigDecimal as reading converter
2026-08-11 18:03:44 DEBUG o.s.data.convert.CustomConversions - Adding converter from class java.lang.String to class java.math.BigInteger as reading converter
2026-08-11 18:03:44 DEBUG o.s.data.convert.CustomConversions - Adding converter from class org.bson.BsonUndefined to class java.lang.Object as reading converter
2026-08-11 18:03:44 DEBUG o.s.data.convert.CustomConversions - Adding converter from class java.net.URI to class java.lang.String as writing converter
2026-08-11 18:03:44 DEBUG o.s.data.convert.CustomConversions - Adding converter from class java.lang.String to class java.net.URI as reading converter
2026-08-11 18:03:44 DEBUG o.s.data.convert.CustomConversions - Adding converter from class org.springframework.data.geo.Box to class org.bson.Document as writing converter
2026-08-11 18:03:44 DEBUG o.s.data.convert.CustomConversions - Adding converter from class org.springframework.data.geo.Polygon to class org.bson.Document as writing converter
2026-08-11 18:03:44 DEBUG o.s.data.convert.CustomConversions - Adding converter from class org.springframework.data.geo.Circle to class org.bson.Document as writing converter
2026-08-11 18:03:44 DEBUG o.s.data.convert.CustomConversions - Adding converter from class org.springframework.data.mongodb.core.geo.Sphere to class org.bson.Document as writing converter
2026-08-11 18:03:44 DEBUG o.s.data.convert.CustomConversions - Adding converter from class org.bson.Document to class org.springframework.data.geo.Box as reading converter
2026-08-11 18:03:44 DEBUG o.s.data.convert.CustomConversions - Adding converter from class org.bson.Document to class org.springframework.data.geo.Polygon as reading converter
2026-08-11 18:03:44 DEBUG o.s.data.convert.CustomConversions - Adding converter from class org.bson.Document to class org.springframework.data.geo.Circle as reading converter
2026-08-11 18:03:44 DEBUG o.s.data.convert.CustomConversions - Adding converter from class org.bson.Document to class org.springframework.data.mongodb.core.geo.Sphere as reading converter
2026-08-11 18:03:44 DEBUG o.s.data.convert.CustomConversions - Adding converter from class org.bson.Document to class org.springframework.data.geo.Point as reading converter
2026-08-11 18:03:44 DEBUG o.s.data.convert.CustomConversions - Adding converter from class org.springframework.data.geo.Point to class org.bson.Document as writing converter
2026-08-11 18:03:44 DEBUG o.s.data.convert.CustomConversions - Adding converter from class org.springframework.data.mongodb.core.query.GeoCommand to class org.bson.Document as writing converter
2026-08-11 18:03:44 DEBUG o.s.data.convert.CustomConversions - Adding converter from interface org.springframework.data.mongodb.core.geo.GeoJson to class org.bson.Document as writing converter
2026-08-11 18:03:44 DEBUG o.s.data.convert.CustomConversions - Adding converter from class org.springframework.data.mongodb.core.geo.GeoJsonPoint to class org.bson.Document as writing converter
2026-08-11 18:03:44 DEBUG o.s.data.convert.CustomConversions - Adding converter from class org.springframework.data.mongodb.core.geo.GeoJsonPolygon to class org.bson.Document as writing converter
2026-08-11 18:03:44 DEBUG o.s.data.convert.CustomConversions - Adding converter from class org.bson.Document to class org.springframework.data.mongodb.core.geo.GeoJsonPoint as reading converter
2026-08-11 18:03:44 DEBUG o.s.data.convert.CustomConversions - Adding converter from class org.bson.Document to class org.springframework.data.mongodb.core.geo.GeoJsonPolygon as reading converter
2026-08-11 18:03:44 DEBUG o.s.data.convert.CustomConversions - Adding converter from class org.bson.Document to class org.springframework.data.mongodb.core.geo.GeoJsonLineString as reading converter
2026-08-11 18:03:44 DEBUG o.s.data.convert.CustomConversions - Adding converter from class org.bson.Document to class org.springframework.data.mongodb.core.geo.GeoJsonMultiLineString as reading converter
2026-08-11 18:03:44 DEBUG o.s.data.convert.CustomConversions - Adding converter from class org.bson.Document to class org.springframework.data.mongodb.core.geo.GeoJsonMultiPoint as reading converter
2026-08-11 18:03:44 DEBUG o.s.data.convert.CustomConversions - Adding converter from class org.bson.Document to class org.springframework.data.mongodb.core.geo.GeoJsonMultiPolygon as reading converter
2026-08-11 18:03:44 DEBUG o.s.data.convert.CustomConversions - Adding converter from class org.bson.Document to class org.springframework.data.mongodb.core.geo.GeoJsonGeometryCollection as reading converter
2026-08-11 18:03:44 DEBUG o.s.data.convert.CustomConversions - Adding converter from class org.bson.Document to interface org.springframework.data.mongodb.core.geo.GeoJson as reading converter
2026-08-11 18:03:44 DEBUG o.s.data.convert.CustomConversions - Adding converter from class java.util.Date to class java.time.LocalDateTime as reading converter
2026-08-11 18:03:44 DEBUG o.s.data.convert.CustomConversions - Adding converter from class java.time.LocalDateTime to class java.util.Date as writing converter
2026-08-11 18:03:44 DEBUG o.s.data.convert.CustomConversions - Adding converter from class java.util.Date to class java.time.LocalDate as reading converter
2026-08-11 18:03:44 DEBUG o.s.data.convert.CustomConversions - Adding converter from class java.time.LocalDate to class java.util.Date as writing converter
2026-08-11 18:03:44 DEBUG o.s.data.convert.CustomConversions - Adding converter from class java.util.Date to class java.time.LocalTime as reading converter
2026-08-11 18:03:44 DEBUG o.s.data.convert.CustomConversions - Adding converter from class java.time.LocalTime to class java.util.Date as writing converter
2026-08-11 18:03:44 DEBUG o.s.data.convert.CustomConversions - Adding converter from class java.util.Date to class java.time.Instant as reading converter
2026-08-11 18:03:44 DEBUG o.s.data.convert.CustomConversions - Adding converter from class java.time.Instant to class java.util.Date as writing converter
2026-08-11 18:03:44 DEBUG o.s.data.convert.CustomConversions - Skipping converter from class java.time.LocalDateTime to class java.time.Instant as reading converter class java.time.LocalDateTime is not a store supported simple type
2026-08-11 18:03:44 DEBUG o.s.data.convert.CustomConversions - Skipping converter from class java.time.Instant to class java.time.LocalDateTime as reading converter class java.time.Instant is not a store supported simple type
2026-08-11 18:03:44 DEBUG o.s.data.convert.CustomConversions - Adding converter from class java.time.ZoneId to class java.lang.String as writing converter
2026-08-11 18:03:44 DEBUG o.s.data.convert.CustomConversions - Adding converter from class java.lang.String to class java.time.ZoneId as reading converter
2026-08-11 18:03:44 DEBUG o.s.data.convert.CustomConversions - Adding converter from class java.time.Duration to class java.lang.String as writing converter
2026-08-11 18:03:44 DEBUG o.s.data.convert.CustomConversions - Adding converter from class java.lang.String to class java.time.Duration as reading converter
2026-08-11 18:03:44 DEBUG o.s.data.convert.CustomConversions - Adding converter from class java.time.Period to class java.lang.String as writing converter
2026-08-11 18:03:44 DEBUG o.s.data.convert.CustomConversions - Adding converter from class java.lang.String to class java.time.Period as reading converter
2026-08-11 18:03:44 DEBUG o.s.data.convert.CustomConversions - Adding converter from class java.lang.String to class java.time.LocalDate as reading converter
2026-08-11 18:03:44 DEBUG o.s.data.convert.CustomConversions - Adding converter from class java.lang.String to class java.time.LocalDateTime as reading converter
2026-08-11 18:03:44 DEBUG o.s.data.convert.CustomConversions - Adding converter from class java.lang.String to class java.time.Instant as reading converter
2026-08-11 18:03:44 DEBUG o.s.b.f.s.DefaultListableBeanFactory - Creating shared instance of singleton bean 'mongoManagedTypes'
2026-08-11 18:03:44 DEBUG o.s.b.f.s.DefaultListableBeanFactory - Autowiring by type from bean name 'mongoManagedTypes' via factory method to bean named 'org.springframework.boot.web.server.servlet.context.AnnotationConfigServletWebServerApplicationContext@1a1d3c1a'
2026-08-11 18:03:44 DEBUG o.s.c.a.ClassPathScanningCandidateComponentProvider - Identified candidate component class: file [/home/tejaskudva/Java Projects/Kafka Tutorials/notification-api-service/target/classes/com/notification/api/models/entity/Template.class]
2026-08-11 18:03:44 DEBUG o.s.b.f.s.DefaultListableBeanFactory - Autowiring by type from bean name 'mongoMappingContext' via factory method to bean named 'mongoCustomConversions'
2026-08-11 18:03:44 DEBUG o.s.b.f.s.DefaultListableBeanFactory - Autowiring by type from bean name 'mongoMappingContext' via factory method to bean named 'mongoManagedTypes'
2026-08-11 18:03:45 DEBUG o.s.b.f.s.DefaultListableBeanFactory - Creating shared instance of singleton bean 'springApplicationAdminRegistrar'
2026-08-11 18:03:45 DEBUG o.s.b.f.s.DefaultListableBeanFactory - Creating shared instance of singleton bean 'org.springframework.boot.autoconfigure.admin.SpringApplicationAdminJmxAutoConfiguration'
2026-08-11 18:03:45 DEBUG o.s.b.f.s.DefaultListableBeanFactory - Autowiring by type from bean name 'springApplicationAdminRegistrar' via factory method to bean named 'environment'
2026-08-11 18:03:45 DEBUG o.s.b.f.s.DefaultListableBeanFactory - Creating shared instance of singleton bean 'mbeanExporter'
2026-08-11 18:03:45 DEBUG o.s.b.f.s.DefaultListableBeanFactory - Creating shared instance of singleton bean 'org.springframework.boot.autoconfigure.jmx.JmxAutoConfiguration'
2026-08-11 18:03:45 DEBUG o.s.b.f.s.DefaultListableBeanFactory - Creating shared instance of singleton bean 'spring.jmx-org.springframework.boot.autoconfigure.jmx.JmxProperties'
2026-08-11 18:03:45 DEBUG o.s.b.f.s.DefaultListableBeanFactory - Autowiring by type from bean name 'org.springframework.boot.autoconfigure.jmx.JmxAutoConfiguration' via constructor to bean named 'spring.jmx-org.springframework.boot.autoconfigure.jmx.JmxProperties'
2026-08-11 18:03:45 DEBUG o.s.b.f.s.DefaultListableBeanFactory - Creating shared instance of singleton bean 'objectNamingStrategy'
2026-08-11 18:03:45 DEBUG o.s.b.f.s.DefaultListableBeanFactory - Autowiring by type from bean name 'mbeanExporter' via factory method to bean named 'objectNamingStrategy'
2026-08-11 18:03:45 DEBUG o.s.b.f.s.DefaultListableBeanFactory - Autowiring by type from bean name 'mbeanExporter' via factory method to bean named 'org.springframework.beans.factory.support.DefaultListableBeanFactory@29182679'
2026-08-11 18:03:45 DEBUG o.s.b.f.s.DefaultListableBeanFactory - Creating shared instance of singleton bean 'mbeanServer'
2026-08-11 18:03:45 DEBUG o.s.jmx.support.JmxUtils - Found MBeanServer: com.sun.jmx.mbeanserver.JmxMBeanServer@4c75cab9
2026-08-11 18:03:45 DEBUG o.s.b.a.SpringApplicationAdminMXBeanRegistrar$SpringApplicationAdmin - Application Admin MBean registered with name 'org.springframework.boot:type=Admin,name=SpringApplication'
2026-08-11 18:03:45 DEBUG o.s.b.f.s.DefaultListableBeanFactory - Creating shared instance of singleton bean 'startupTimeMetrics'
2026-08-11 18:03:45 DEBUG o.s.b.f.s.DefaultListableBeanFactory - Creating shared instance of singleton bean 'org.springframework.boot.micrometer.metrics.autoconfigure.startup.StartupTimeMetricsListenerAutoConfiguration'
2026-08-11 18:03:45 DEBUG o.s.b.f.s.DefaultListableBeanFactory - Autowiring by type from bean name 'startupTimeMetrics' via factory method to bean named 'simpleMeterRegistry'
2026-08-11 18:03:45 DEBUG o.s.b.f.s.DefaultListableBeanFactory - Autowiring by type from bean name 'mappingMongoConverter' via factory method to bean named 'mongoMappingContext'
2026-08-11 18:03:45 DEBUG o.s.b.f.s.DefaultListableBeanFactory - Autowiring by type from bean name 'mappingMongoConverter' via factory method to bean named 'mongoCustomConversions'
2026-08-11 18:03:45 DEBUG o.s.data.convert.CustomConversions - Adding converter from class java.util.Locale to class java.lang.String as writing converter
2026-08-11 18:03:45 DEBUG o.s.data.convert.CustomConversions - Adding converter from class java.lang.Character to class java.lang.String as writing converter
2026-08-11 18:03:45 DEBUG o.s.data.convert.CustomConversions - Adding converter from class java.net.URL to class java.lang.String as writing converter
2026-08-11 18:03:45 DEBUG o.s.data.convert.CustomConversions - Adding converter from class java.lang.String to class java.net.URL as reading converter
2026-08-11 18:03:45 DEBUG o.s.data.convert.CustomConversions - Adding converter from class org.bson.Document to class java.lang.String as reading converter
2026-08-11 18:03:45 DEBUG o.s.data.convert.CustomConversions - Adding converter from class org.springframework.data.mongodb.core.query.Term to class java.lang.String as writing converter
2026-08-11 18:03:45 DEBUG o.s.data.convert.CustomConversions - Adding converter from class org.springframework.data.mongodb.core.script.NamedMongoScript to class org.bson.Document as writing converter
2026-08-11 18:03:45 DEBUG o.s.data.convert.CustomConversions - Adding converter from class org.bson.Document to class org.springframework.data.mongodb.core.script.NamedMongoScript as reading converter
2026-08-11 18:03:45 DEBUG o.s.data.convert.CustomConversions - Adding converter from class java.util.Currency to class java.lang.String as writing converter
2026-08-11 18:03:45 DEBUG o.s.data.convert.CustomConversions - Adding converter from class java.lang.String to class java.util.Currency as reading converter
2026-08-11 18:03:45 DEBUG o.s.data.convert.CustomConversions - Adding converter from class java.util.concurrent.atomic.AtomicInteger to class java.lang.Integer as writing converter
2026-08-11 18:03:45 DEBUG o.s.data.convert.CustomConversions - Adding converter from class java.util.concurrent.atomic.AtomicLong to class java.lang.Long as writing converter
2026-08-11 18:03:45 DEBUG o.s.data.convert.CustomConversions - Adding converter from class java.lang.Long to class java.util.concurrent.atomic.AtomicLong as reading converter
2026-08-11 18:03:45 DEBUG o.s.data.convert.CustomConversions - Adding converter from class java.lang.Integer to class java.util.concurrent.atomic.AtomicInteger as reading converter
2026-08-11 18:03:45 DEBUG o.s.data.convert.CustomConversions - Adding converter from class org.bson.types.Binary to class [B as reading converter
2026-08-11 18:03:45 DEBUG o.s.data.convert.CustomConversions - Adding converter from class org.bson.BsonTimestamp to class java.time.Instant as reading converter
2026-08-11 18:03:45 DEBUG o.s.data.convert.CustomConversions - Adding converter from class java.lang.Number to class java.lang.Number as writing converter
2026-08-11 18:03:45 DEBUG o.s.data.convert.CustomConversions - Adding converter from interface org.springframework.data.domain.Vector to class java.lang.Object as writing converter
2026-08-11 18:03:45 DEBUG o.s.data.convert.CustomConversions - Adding converter from interface java.util.List to interface org.springframework.data.domain.Vector as reading converter
2026-08-11 18:03:45 DEBUG o.s.data.convert.CustomConversions - Adding converter from class org.bson.BinaryVector to interface org.springframework.data.domain.Vector as reading converter
2026-08-11 18:03:45 DEBUG o.s.data.convert.CustomConversions - Adding converter from class java.lang.String to class java.math.BigDecimal as reading converter
2026-08-11 18:03:45 DEBUG o.s.data.convert.CustomConversions - Adding converter from class java.lang.String to class java.math.BigInteger as reading converter
2026-08-11 18:03:45 DEBUG o.s.data.convert.CustomConversions - Adding converter from class org.bson.BsonUndefined to class java.lang.Object as reading converter
2026-08-11 18:03:45 DEBUG o.s.data.convert.CustomConversions - Adding converter from class java.net.URI to class java.lang.String as writing converter
2026-08-11 18:03:45 DEBUG o.s.data.convert.CustomConversions - Adding converter from class java.lang.String to class java.net.URI as reading converter
2026-08-11 18:03:45 DEBUG o.s.data.convert.CustomConversions - Adding converter from class org.springframework.data.geo.Box to class org.bson.Document as writing converter
2026-08-11 18:03:45 DEBUG o.s.data.convert.CustomConversions - Adding converter from class org.springframework.data.geo.Polygon to class org.bson.Document as writing converter
2026-08-11 18:03:45 DEBUG o.s.data.convert.CustomConversions - Adding converter from class org.springframework.data.geo.Circle to class org.bson.Document as writing converter
2026-08-11 18:03:45 DEBUG o.s.data.convert.CustomConversions - Adding converter from class org.springframework.data.mongodb.core.geo.Sphere to class org.bson.Document as writing converter
2026-08-11 18:03:45 DEBUG o.s.data.convert.CustomConversions - Adding converter from class org.bson.Document to class org.springframework.data.geo.Box as reading converter
2026-08-11 18:03:45 DEBUG o.s.data.convert.CustomConversions - Adding converter from class org.bson.Document to class org.springframework.data.geo.Polygon as reading converter
2026-08-11 18:03:45 DEBUG o.s.data.convert.CustomConversions - Adding converter from class org.bson.Document to class org.springframework.data.geo.Circle as reading converter
2026-08-11 18:03:45 DEBUG o.s.data.convert.CustomConversions - Adding converter from class org.bson.Document to class org.springframework.data.mongodb.core.geo.Sphere as reading converter
2026-08-11 18:03:45 DEBUG o.s.data.convert.CustomConversions - Adding converter from class org.bson.Document to class org.springframework.data.geo.Point as reading converter
2026-08-11 18:03:45 DEBUG o.s.data.convert.CustomConversions - Adding converter from class org.springframework.data.geo.Point to class org.bson.Document as writing converter
2026-08-11 18:03:45 DEBUG o.s.data.convert.CustomConversions - Adding converter from class org.springframework.data.mongodb.core.query.GeoCommand to class org.bson.Document as writing converter
2026-08-11 18:03:45 DEBUG o.s.data.convert.CustomConversions - Adding converter from interface org.springframework.data.mongodb.core.geo.GeoJson to class org.bson.Document as writing converter
2026-08-11 18:03:45 DEBUG o.s.data.convert.CustomConversions - Adding converter from class org.springframework.data.mongodb.core.geo.GeoJsonPoint to class org.bson.Document as writing converter
2026-08-11 18:03:45 DEBUG o.s.data.convert.CustomConversions - Adding converter from class org.springframework.data.mongodb.core.geo.GeoJsonPolygon to class org.bson.Document as writing converter
2026-08-11 18:03:45 DEBUG o.s.data.convert.CustomConversions - Adding converter from class org.bson.Document to class org.springframework.data.mongodb.core.geo.GeoJsonPoint as reading converter
2026-08-11 18:03:45 DEBUG o.s.data.convert.CustomConversions - Adding converter from class org.bson.Document to class org.springframework.data.mongodb.core.geo.GeoJsonPolygon as reading converter
2026-08-11 18:03:45 DEBUG o.s.data.convert.CustomConversions - Adding converter from class org.bson.Document to class org.springframework.data.mongodb.core.geo.GeoJsonLineString as reading converter
2026-08-11 18:03:45 DEBUG o.s.data.convert.CustomConversions - Adding converter from class org.bson.Document to class org.springframework.data.mongodb.core.geo.GeoJsonMultiLineString as reading converter
2026-08-11 18:03:45 DEBUG o.s.data.convert.CustomConversions - Adding converter from class org.bson.Document to class org.springframework.data.mongodb.core.geo.GeoJsonMultiPoint as reading converter
2026-08-11 18:03:45 DEBUG o.s.data.convert.CustomConversions - Adding converter from class org.bson.Document to class org.springframework.data.mongodb.core.geo.GeoJsonMultiPolygon as reading converter
2026-08-11 18:03:45 DEBUG o.s.data.convert.CustomConversions - Adding converter from class org.bson.Document to class org.springframework.data.mongodb.core.geo.GeoJsonGeometryCollection as reading converter
2026-08-11 18:03:45 DEBUG o.s.data.convert.CustomConversions - Adding converter from class org.bson.Document to interface org.springframework.data.mongodb.core.geo.GeoJson as reading converter
2026-08-11 18:03:45 DEBUG o.s.data.convert.CustomConversions - Adding converter from class java.util.Date to class java.time.LocalDateTime as reading converter
2026-08-11 18:03:45 DEBUG o.s.data.convert.CustomConversions - Adding converter from class java.time.LocalDateTime to class java.util.Date as writing converter
2026-08-11 18:03:45 DEBUG o.s.data.convert.CustomConversions - Adding converter from class java.util.Date to class java.time.LocalDate as reading converter
2026-08-11 18:03:45 DEBUG o.s.data.convert.CustomConversions - Adding converter from class java.time.LocalDate to class java.util.Date as writing converter
2026-08-11 18:03:45 DEBUG o.s.data.convert.CustomConversions - Adding converter from class java.util.Date to class java.time.LocalTime as reading converter
2026-08-11 18:03:45 DEBUG o.s.data.convert.CustomConversions - Adding converter from class java.time.LocalTime to class java.util.Date as writing converter
2026-08-11 18:03:45 DEBUG o.s.data.convert.CustomConversions - Adding converter from class java.util.Date to class java.time.Instant as reading converter
2026-08-11 18:03:45 DEBUG o.s.data.convert.CustomConversions - Adding converter from class java.time.Instant to class java.util.Date as writing converter
2026-08-11 18:03:45 DEBUG o.s.data.convert.CustomConversions - Skipping converter from class java.time.LocalDateTime to class java.time.Instant as reading converter class java.time.LocalDateTime is not a store supported simple type
2026-08-11 18:03:45 DEBUG o.s.data.convert.CustomConversions - Skipping converter from class java.time.Instant to class java.time.LocalDateTime as reading converter class java.time.Instant is not a store supported simple type
2026-08-11 18:03:45 DEBUG o.s.data.convert.CustomConversions - Adding converter from class java.time.ZoneId to class java.lang.String as writing converter
2026-08-11 18:03:45 DEBUG o.s.data.convert.CustomConversions - Adding converter from class java.lang.String to class java.time.ZoneId as reading converter
2026-08-11 18:03:45 DEBUG o.s.data.convert.CustomConversions - Adding converter from class java.time.Duration to class java.lang.String as writing converter
2026-08-11 18:03:45 DEBUG o.s.data.convert.CustomConversions - Adding converter from class java.lang.String to class java.time.Duration as reading converter
2026-08-11 18:03:45 DEBUG o.s.data.convert.CustomConversions - Adding converter from class java.time.Period to class java.lang.String as writing converter
2026-08-11 18:03:45 DEBUG o.s.data.convert.CustomConversions - Adding converter from class java.lang.String to class java.time.Period as reading converter
2026-08-11 18:03:45 DEBUG o.s.data.convert.CustomConversions - Adding converter from class java.lang.String to class java.time.LocalDate as reading converter
2026-08-11 18:03:45 DEBUG o.s.data.convert.CustomConversions - Adding converter from class java.lang.String to class java.time.LocalDateTime as reading converter
2026-08-11 18:03:45 DEBUG o.s.data.convert.CustomConversions - Adding converter from class java.lang.String to class java.time.Instant as reading converter
2026-08-11 18:03:45 DEBUG o.s.b.f.s.DefaultListableBeanFactory - Autowiring by type from bean name 'mongoTemplate' via factory method to bean named 'mongoDatabaseFactory'
2026-08-11 18:03:45 DEBUG o.s.b.f.s.DefaultListableBeanFactory - Autowiring by type from bean name 'mongoTemplate' via factory method to bean named 'mappingMongoConverter'
2026-08-11 18:03:45 DEBUG o.s.b.f.s.DefaultListableBeanFactory - Creating shared instance of singleton bean 'metricsRepositoryMethodInvocationListener'
2026-08-11 18:03:45 DEBUG o.s.b.f.s.DefaultListableBeanFactory - Creating shared instance of singleton bean 'org.springframework.boot.data.autoconfigure.metrics.DataRepositoryMetricsAutoConfiguration'
2026-08-11 18:03:45 DEBUG o.s.b.f.s.DefaultListableBeanFactory - Creating shared instance of singleton bean 'management.metrics.data-org.springframework.boot.data.autoconfigure.metrics.DataMetricsProperties'
2026-08-11 18:03:45 DEBUG o.s.b.f.s.DefaultListableBeanFactory - Autowiring by type from bean name 'org.springframework.boot.data.autoconfigure.metrics.DataRepositoryMetricsAutoConfiguration' via constructor to bean named 'management.metrics.data-org.springframework.boot.data.autoconfigure.metrics.DataMetricsProperties'
2026-08-11 18:03:45 DEBUG o.s.b.f.s.DefaultListableBeanFactory - Creating shared instance of singleton bean 'repositoryTagsProvider'
2026-08-11 18:03:45 DEBUG o.s.b.f.s.DefaultListableBeanFactory - Autowiring by type from bean name 'metricsRepositoryMethodInvocationListener' via factory method to bean named 'repositoryTagsProvider'
2026-08-11 18:03:45 DEBUG o.s.d.r.c.s.RepositoryFactorySupport - Initializing repository instance for com.notification.api.dao.repository.TemplateRepository…
2026-08-11 18:03:45 DEBUG o.s.d.r.c.s.RepositoryFactorySupport - Finished creation of repository instance for com.notification.api.dao.repository.TemplateRepository.
2026-08-11 18:03:45 DEBUG o.s.b.f.s.DefaultListableBeanFactory - Creating shared instance of singleton bean 'cacheServiceImpl'
2026-08-11 18:03:45 DEBUG o.s.b.f.s.DefaultListableBeanFactory - Creating shared instance of singleton bean 'stringRedisTemplate'
2026-08-11 18:03:45 DEBUG o.s.b.f.s.DefaultListableBeanFactory - Autowiring by type from bean name 'stringRedisTemplate' via factory method to bean named 'redisConnectionFactory'
2026-08-11 18:03:45 DEBUG o.s.data.convert.CustomConversions - Adding converter from class java.lang.String to class [B as writing converter
2026-08-11 18:03:45 DEBUG o.s.data.convert.CustomConversions - Adding converter from class [B to class java.lang.String as reading converter
2026-08-11 18:03:45 DEBUG o.s.data.convert.CustomConversions - Adding converter from class java.lang.Number to class [B as writing converter
2026-08-11 18:03:45 DEBUG o.s.data.convert.CustomConversions - Adding converter from class [B to class java.lang.Number as reading converter
2026-08-11 18:03:45 DEBUG o.s.data.convert.CustomConversions - Adding converter from class java.lang.Enum to class [B as writing converter
2026-08-11 18:03:45 DEBUG o.s.data.convert.CustomConversions - Adding converter from class [B to class java.lang.Enum as reading converter
2026-08-11 18:03:45 DEBUG o.s.data.convert.CustomConversions - Adding converter from class java.lang.Boolean to class [B as writing converter
2026-08-11 18:03:45 DEBUG o.s.data.convert.CustomConversions - Adding converter from class [B to class java.lang.Boolean as reading converter
2026-08-11 18:03:45 DEBUG o.s.data.convert.CustomConversions - Adding converter from class java.util.Date to class [B as writing converter
2026-08-11 18:03:45 DEBUG o.s.data.convert.CustomConversions - Adding converter from class [B to class java.util.Date as reading converter
2026-08-11 18:03:45 DEBUG o.s.data.convert.CustomConversions - Adding converter from class java.util.UUID to class [B as writing converter
2026-08-11 18:03:45 DEBUG o.s.data.convert.CustomConversions - Adding converter from class [B to class java.util.UUID as reading converter
2026-08-11 18:03:45 DEBUG o.s.data.convert.CustomConversions - Adding converter from class java.time.LocalDateTime to class [B as reading converter
2026-08-11 18:03:45 DEBUG o.s.data.convert.CustomConversions - Adding converter from class [B to class java.time.LocalDateTime as reading converter
2026-08-11 18:03:45 DEBUG o.s.data.convert.CustomConversions - Adding converter from class java.time.LocalDate to class [B as reading converter
2026-08-11 18:03:45 DEBUG o.s.data.convert.CustomConversions - Adding converter from class [B to class java.time.LocalDate as reading converter
2026-08-11 18:03:45 DEBUG o.s.data.convert.CustomConversions - Adding converter from class java.time.LocalTime to class [B as reading converter
2026-08-11 18:03:45 DEBUG o.s.data.convert.CustomConversions - Adding converter from class [B to class java.time.LocalTime as reading converter
2026-08-11 18:03:45 DEBUG o.s.data.convert.CustomConversions - Adding converter from class java.time.ZonedDateTime to class [B as reading converter
2026-08-11 18:03:45 DEBUG o.s.data.convert.CustomConversions - Adding converter from class [B to class java.time.ZonedDateTime as reading converter
2026-08-11 18:03:45 DEBUG o.s.data.convert.CustomConversions - Adding converter from class java.time.Instant to class [B as reading converter
2026-08-11 18:03:45 DEBUG o.s.data.convert.CustomConversions - Adding converter from class [B to class java.time.Instant as reading converter
2026-08-11 18:03:45 DEBUG o.s.data.convert.CustomConversions - Adding converter from class java.time.ZoneId to class [B as reading converter
2026-08-11 18:03:45 DEBUG o.s.data.convert.CustomConversions - Adding converter from class [B to class java.time.ZoneId as reading converter
2026-08-11 18:03:45 DEBUG o.s.data.convert.CustomConversions - Adding converter from class java.time.Period to class [B as reading converter
2026-08-11 18:03:45 DEBUG o.s.data.convert.CustomConversions - Adding converter from class [B to class java.time.Period as reading converter
2026-08-11 18:03:45 DEBUG o.s.data.convert.CustomConversions - Adding converter from class java.time.Duration to class [B as reading converter
2026-08-11 18:03:45 DEBUG o.s.data.convert.CustomConversions - Adding converter from class [B to class java.time.Duration as reading converter
2026-08-11 18:03:45 DEBUG o.s.data.convert.CustomConversions - Adding converter from class java.time.OffsetDateTime to class [B as reading converter
2026-08-11 18:03:45 DEBUG o.s.data.convert.CustomConversions - Adding converter from class [B to class java.time.OffsetDateTime as reading converter
2026-08-11 18:03:45 DEBUG o.s.data.convert.CustomConversions - Adding converter from class java.time.OffsetTime to class [B as reading converter
2026-08-11 18:03:45 DEBUG o.s.data.convert.CustomConversions - Adding converter from class [B to class java.time.OffsetTime as reading converter
2026-08-11 18:03:45 DEBUG o.s.data.convert.CustomConversions - Adding converter from class java.util.Date to class java.time.LocalDateTime as reading converter
2026-08-11 18:03:45 DEBUG o.s.data.convert.CustomConversions - Adding converter from class java.time.LocalDateTime to class java.util.Date as writing converter
2026-08-11 18:03:45 DEBUG o.s.data.convert.CustomConversions - Adding converter from class java.util.Date to class java.time.LocalDate as reading converter
2026-08-11 18:03:45 DEBUG o.s.data.convert.CustomConversions - Adding converter from class java.time.LocalDate to class java.util.Date as writing converter
2026-08-11 18:03:45 DEBUG o.s.data.convert.CustomConversions - Adding converter from class java.util.Date to class java.time.LocalTime as reading converter
2026-08-11 18:03:45 DEBUG o.s.data.convert.CustomConversions - Adding converter from class java.time.LocalTime to class java.util.Date as writing converter
2026-08-11 18:03:45 DEBUG o.s.data.convert.CustomConversions - Adding converter from class java.util.Date to class java.time.Instant as reading converter
2026-08-11 18:03:45 DEBUG o.s.data.convert.CustomConversions - Adding converter from class java.time.Instant to class java.util.Date as writing converter
2026-08-11 18:03:45 DEBUG o.s.data.convert.CustomConversions - Adding converter from class java.time.LocalDateTime to class java.time.Instant as reading converter
2026-08-11 18:03:45 DEBUG o.s.data.convert.CustomConversions - Adding converter from class java.time.Instant to class java.time.LocalDateTime as reading converter
2026-08-11 18:03:45 DEBUG o.s.data.convert.CustomConversions - Adding converter from class java.time.ZoneId to class java.lang.String as writing converter
2026-08-11 18:03:45 DEBUG o.s.data.convert.CustomConversions - Adding converter from class java.lang.String to class java.time.ZoneId as reading converter
2026-08-11 18:03:45 DEBUG o.s.data.convert.CustomConversions - Adding converter from class java.time.Duration to class java.lang.String as writing converter
2026-08-11 18:03:45 DEBUG o.s.data.convert.CustomConversions - Adding converter from class java.lang.String to class java.time.Duration as reading converter
2026-08-11 18:03:45 DEBUG o.s.data.convert.CustomConversions - Adding converter from class java.time.Period to class java.lang.String as writing converter
2026-08-11 18:03:45 DEBUG o.s.data.convert.CustomConversions - Adding converter from class java.lang.String to class java.time.Period as reading converter
2026-08-11 18:03:45 DEBUG o.s.data.convert.CustomConversions - Adding converter from class java.lang.String to class java.time.LocalDate as reading converter
2026-08-11 18:03:45 DEBUG o.s.data.convert.CustomConversions - Adding converter from class java.lang.String to class java.time.LocalDateTime as reading converter
2026-08-11 18:03:45 DEBUG o.s.data.convert.CustomConversions - Adding converter from class java.lang.String to class java.time.Instant as reading converter
2026-08-11 18:03:45 DEBUG o.s.data.convert.CustomConversions - Adding converter from class java.lang.String to class [B as writing converter
2026-08-11 18:03:45 DEBUG o.s.data.convert.CustomConversions - Adding converter from class [B to class java.lang.String as reading converter
2026-08-11 18:03:45 DEBUG o.s.data.convert.CustomConversions - Adding converter from class java.lang.Number to class [B as writing converter
2026-08-11 18:03:45 DEBUG o.s.data.convert.CustomConversions - Adding converter from class [B to class java.lang.Number as reading converter
2026-08-11 18:03:45 DEBUG o.s.data.convert.CustomConversions - Adding converter from class java.lang.Enum to class [B as writing converter
2026-08-11 18:03:45 DEBUG o.s.data.convert.CustomConversions - Adding converter from class [B to class java.lang.Enum as reading converter
2026-08-11 18:03:45 DEBUG o.s.data.convert.CustomConversions - Adding converter from class java.lang.Boolean to class [B as writing converter
2026-08-11 18:03:45 DEBUG o.s.data.convert.CustomConversions - Adding converter from class [B to class java.lang.Boolean as reading converter
2026-08-11 18:03:45 DEBUG o.s.data.convert.CustomConversions - Adding converter from class java.util.Date to class [B as writing converter
2026-08-11 18:03:45 DEBUG o.s.data.convert.CustomConversions - Adding converter from class [B to class java.util.Date as reading converter
2026-08-11 18:03:45 DEBUG o.s.data.convert.CustomConversions - Adding converter from class java.util.UUID to class [B as writing converter
2026-08-11 18:03:45 DEBUG o.s.data.convert.CustomConversions - Adding converter from class [B to class java.util.UUID as reading converter
2026-08-11 18:03:45 DEBUG o.s.data.convert.CustomConversions - Adding converter from class java.time.LocalDateTime to class [B as reading converter
2026-08-11 18:03:45 DEBUG o.s.data.convert.CustomConversions - Adding converter from class [B to class java.time.LocalDateTime as reading converter
2026-08-11 18:03:45 DEBUG o.s.data.convert.CustomConversions - Adding converter from class java.time.LocalDate to class [B as reading converter
2026-08-11 18:03:45 DEBUG o.s.data.convert.CustomConversions - Adding converter from class [B to class java.time.LocalDate as reading converter
2026-08-11 18:03:45 DEBUG o.s.data.convert.CustomConversions - Adding converter from class java.time.LocalTime to class [B as reading converter
2026-08-11 18:03:45 DEBUG o.s.data.convert.CustomConversions - Adding converter from class [B to class java.time.LocalTime as reading converter
2026-08-11 18:03:45 DEBUG o.s.data.convert.CustomConversions - Adding converter from class java.time.ZonedDateTime to class [B as reading converter
2026-08-11 18:03:45 DEBUG o.s.data.convert.CustomConversions - Adding converter from class [B to class java.time.ZonedDateTime as reading converter
2026-08-11 18:03:45 DEBUG o.s.data.convert.CustomConversions - Adding converter from class java.time.Instant to class [B as reading converter
2026-08-11 18:03:45 DEBUG o.s.data.convert.CustomConversions - Adding converter from class [B to class java.time.Instant as reading converter
2026-08-11 18:03:45 DEBUG o.s.data.convert.CustomConversions - Adding converter from class java.time.ZoneId to class [B as reading converter
2026-08-11 18:03:45 DEBUG o.s.data.convert.CustomConversions - Adding converter from class [B to class java.time.ZoneId as reading converter
2026-08-11 18:03:45 DEBUG o.s.data.convert.CustomConversions - Adding converter from class java.time.Period to class [B as reading converter
2026-08-11 18:03:45 DEBUG o.s.data.convert.CustomConversions - Adding converter from class [B to class java.time.Period as reading converter
2026-08-11 18:03:45 DEBUG o.s.data.convert.CustomConversions - Adding converter from class java.time.Duration to class [B as reading converter
2026-08-11 18:03:45 DEBUG o.s.data.convert.CustomConversions - Adding converter from class [B to class java.time.Duration as reading converter
2026-08-11 18:03:45 DEBUG o.s.data.convert.CustomConversions - Adding converter from class java.time.OffsetDateTime to class [B as reading converter
2026-08-11 18:03:45 DEBUG o.s.data.convert.CustomConversions - Adding converter from class [B to class java.time.OffsetDateTime as reading converter
2026-08-11 18:03:45 DEBUG o.s.data.convert.CustomConversions - Adding converter from class java.time.OffsetTime to class [B as reading converter
2026-08-11 18:03:45 DEBUG o.s.data.convert.CustomConversions - Adding converter from class [B to class java.time.OffsetTime as reading converter
2026-08-11 18:03:45 DEBUG o.s.data.convert.CustomConversions - Adding converter from class java.util.Date to class java.time.LocalDateTime as reading converter
2026-08-11 18:03:45 DEBUG o.s.data.convert.CustomConversions - Adding converter from class java.time.LocalDateTime to class java.util.Date as writing converter
2026-08-11 18:03:45 DEBUG o.s.data.convert.CustomConversions - Adding converter from class java.util.Date to class java.time.LocalDate as reading converter
2026-08-11 18:03:45 DEBUG o.s.data.convert.CustomConversions - Adding converter from class java.time.LocalDate to class java.util.Date as writing converter
2026-08-11 18:03:45 DEBUG o.s.data.convert.CustomConversions - Adding converter from class java.util.Date to class java.time.LocalTime as reading converter
2026-08-11 18:03:45 DEBUG o.s.data.convert.CustomConversions - Adding converter from class java.time.LocalTime to class java.util.Date as writing converter
2026-08-11 18:03:45 DEBUG o.s.data.convert.CustomConversions - Adding converter from class java.util.Date to class java.time.Instant as reading converter
2026-08-11 18:03:45 DEBUG o.s.data.convert.CustomConversions - Adding converter from class java.time.Instant to class java.util.Date as writing converter
2026-08-11 18:03:45 DEBUG o.s.data.convert.CustomConversions - Adding converter from class java.time.LocalDateTime to class java.time.Instant as reading converter
2026-08-11 18:03:45 DEBUG o.s.data.convert.CustomConversions - Adding converter from class java.time.Instant to class java.time.LocalDateTime as reading converter
2026-08-11 18:03:45 DEBUG o.s.data.convert.CustomConversions - Adding converter from class java.time.ZoneId to class java.lang.String as writing converter
2026-08-11 18:03:45 DEBUG o.s.data.convert.CustomConversions - Adding converter from class java.lang.String to class java.time.ZoneId as reading converter
2026-08-11 18:03:45 DEBUG o.s.data.convert.CustomConversions - Adding converter from class java.time.Duration to class java.lang.String as writing converter
2026-08-11 18:03:45 DEBUG o.s.data.convert.CustomConversions - Adding converter from class java.lang.String to class java.time.Duration as reading converter
2026-08-11 18:03:45 DEBUG o.s.data.convert.CustomConversions - Adding converter from class java.time.Period to class java.lang.String as writing converter
2026-08-11 18:03:45 DEBUG o.s.data.convert.CustomConversions - Adding converter from class java.lang.String to class java.time.Period as reading converter
2026-08-11 18:03:45 DEBUG o.s.data.convert.CustomConversions - Adding converter from class java.lang.String to class java.time.LocalDate as reading converter
2026-08-11 18:03:45 DEBUG o.s.data.convert.CustomConversions - Adding converter from class java.lang.String to class java.time.LocalDateTime as reading converter
2026-08-11 18:03:45 DEBUG o.s.data.convert.CustomConversions - Adding converter from class java.lang.String to class java.time.Instant as reading converter
2026-08-11 18:03:45 DEBUG o.s.data.convert.CustomConversions - Adding converter from class java.lang.String to class [B as writing converter
2026-08-11 18:03:45 DEBUG o.s.data.convert.CustomConversions - Adding converter from class [B to class java.lang.String as reading converter
2026-08-11 18:03:45 DEBUG o.s.data.convert.CustomConversions - Adding converter from class java.lang.Number to class [B as writing converter
2026-08-11 18:03:45 DEBUG o.s.data.convert.CustomConversions - Adding converter from class [B to class java.lang.Number as reading converter
2026-08-11 18:03:45 DEBUG o.s.data.convert.CustomConversions - Adding converter from class java.lang.Enum to class [B as writing converter
2026-08-11 18:03:45 DEBUG o.s.data.convert.CustomConversions - Adding converter from class [B to class java.lang.Enum as reading converter
2026-08-11 18:03:45 DEBUG o.s.data.convert.CustomConversions - Adding converter from class java.lang.Boolean to class [B as writing converter
2026-08-11 18:03:45 DEBUG o.s.data.convert.CustomConversions - Adding converter from class [B to class java.lang.Boolean as reading converter
2026-08-11 18:03:45 DEBUG o.s.data.convert.CustomConversions - Adding converter from class java.util.Date to class [B as writing converter
2026-08-11 18:03:45 DEBUG o.s.data.convert.CustomConversions - Adding converter from class [B to class java.util.Date as reading converter
2026-08-11 18:03:45 DEBUG o.s.data.convert.CustomConversions - Adding converter from class java.util.UUID to class [B as writing converter
2026-08-11 18:03:45 DEBUG o.s.data.convert.CustomConversions - Adding converter from class [B to class java.util.UUID as reading converter
2026-08-11 18:03:45 DEBUG o.s.data.convert.CustomConversions - Adding converter from class java.time.LocalDateTime to class [B as reading converter
2026-08-11 18:03:45 DEBUG o.s.data.convert.CustomConversions - Adding converter from class [B to class java.time.LocalDateTime as reading converter
2026-08-11 18:03:45 DEBUG o.s.data.convert.CustomConversions - Adding converter from class java.time.LocalDate to class [B as reading converter
2026-08-11 18:03:45 DEBUG o.s.data.convert.CustomConversions - Adding converter from class [B to class java.time.LocalDate as reading converter
2026-08-11 18:03:45 DEBUG o.s.data.convert.CustomConversions - Adding converter from class java.time.LocalTime to class [B as reading converter
2026-08-11 18:03:45 DEBUG o.s.data.convert.CustomConversions - Adding converter from class [B to class java.time.LocalTime as reading converter
2026-08-11 18:03:45 DEBUG o.s.data.convert.CustomConversions - Adding converter from class java.time.ZonedDateTime to class [B as reading converter
2026-08-11 18:03:45 DEBUG o.s.data.convert.CustomConversions - Adding converter from class [B to class java.time.ZonedDateTime as reading converter
2026-08-11 18:03:45 DEBUG o.s.data.convert.CustomConversions - Adding converter from class java.time.Instant to class [B as reading converter
2026-08-11 18:03:45 DEBUG o.s.data.convert.CustomConversions - Adding converter from class [B to class java.time.Instant as reading converter
2026-08-11 18:03:45 DEBUG o.s.data.convert.CustomConversions - Adding converter from class java.time.ZoneId to class [B as reading converter
2026-08-11 18:03:45 DEBUG o.s.data.convert.CustomConversions - Adding converter from class [B to class java.time.ZoneId as reading converter
2026-08-11 18:03:45 DEBUG o.s.data.convert.CustomConversions - Adding converter from class java.time.Period to class [B as reading converter
2026-08-11 18:03:45 DEBUG o.s.data.convert.CustomConversions - Adding converter from class [B to class java.time.Period as reading converter
2026-08-11 18:03:45 DEBUG o.s.data.convert.CustomConversions - Adding converter from class java.time.Duration to class [B as reading converter
2026-08-11 18:03:45 DEBUG o.s.data.convert.CustomConversions - Adding converter from class [B to class java.time.Duration as reading converter
2026-08-11 18:03:45 DEBUG o.s.data.convert.CustomConversions - Adding converter from class java.time.OffsetDateTime to class [B as reading converter
2026-08-11 18:03:45 DEBUG o.s.data.convert.CustomConversions - Adding converter from class [B to class java.time.OffsetDateTime as reading converter
2026-08-11 18:03:45 DEBUG o.s.data.convert.CustomConversions - Adding converter from class java.time.OffsetTime to class [B as reading converter
2026-08-11 18:03:45 DEBUG o.s.data.convert.CustomConversions - Adding converter from class [B to class java.time.OffsetTime as reading converter
2026-08-11 18:03:45 DEBUG o.s.data.convert.CustomConversions - Adding converter from class java.util.Date to class java.time.LocalDateTime as reading converter
2026-08-11 18:03:45 DEBUG o.s.data.convert.CustomConversions - Adding converter from class java.time.LocalDateTime to class java.util.Date as writing converter
2026-08-11 18:03:45 DEBUG o.s.data.convert.CustomConversions - Adding converter from class java.util.Date to class java.time.LocalDate as reading converter
2026-08-11 18:03:45 DEBUG o.s.data.convert.CustomConversions - Adding converter from class java.time.LocalDate to class java.util.Date as writing converter
2026-08-11 18:03:45 DEBUG o.s.data.convert.CustomConversions - Adding converter from class java.util.Date to class java.time.LocalTime as reading converter
2026-08-11 18:03:45 DEBUG o.s.data.convert.CustomConversions - Adding converter from class java.time.LocalTime to class java.util.Date as writing converter
2026-08-11 18:03:45 DEBUG o.s.data.convert.CustomConversions - Adding converter from class java.util.Date to class java.time.Instant as reading converter
2026-08-11 18:03:45 DEBUG o.s.data.convert.CustomConversions - Adding converter from class java.time.Instant to class java.util.Date as writing converter
2026-08-11 18:03:45 DEBUG o.s.data.convert.CustomConversions - Adding converter from class java.time.LocalDateTime to class java.time.Instant as reading converter
2026-08-11 18:03:45 DEBUG o.s.data.convert.CustomConversions - Adding converter from class java.time.Instant to class java.time.LocalDateTime as reading converter
2026-08-11 18:03:45 DEBUG o.s.data.convert.CustomConversions - Adding converter from class java.time.ZoneId to class java.lang.String as writing converter
2026-08-11 18:03:45 DEBUG o.s.data.convert.CustomConversions - Adding converter from class java.lang.String to class java.time.ZoneId as reading converter
2026-08-11 18:03:45 DEBUG o.s.data.convert.CustomConversions - Adding converter from class java.time.Duration to class java.lang.String as writing converter
2026-08-11 18:03:45 DEBUG o.s.data.convert.CustomConversions - Adding converter from class java.lang.String to class java.time.Duration as reading converter
2026-08-11 18:03:45 DEBUG o.s.data.convert.CustomConversions - Adding converter from class java.time.Period to class java.lang.String as writing converter
2026-08-11 18:03:45 DEBUG o.s.data.convert.CustomConversions - Adding converter from class java.lang.String to class java.time.Period as reading converter
2026-08-11 18:03:45 DEBUG o.s.data.convert.CustomConversions - Adding converter from class java.lang.String to class java.time.LocalDate as reading converter
2026-08-11 18:03:45 DEBUG o.s.data.convert.CustomConversions - Adding converter from class java.lang.String to class java.time.LocalDateTime as reading converter
2026-08-11 18:03:45 DEBUG o.s.data.convert.CustomConversions - Adding converter from class java.lang.String to class java.time.Instant as reading converter
2026-08-11 18:03:45 DEBUG o.s.data.convert.CustomConversions - Adding converter from class java.lang.String to class [B as writing converter
2026-08-11 18:03:45 DEBUG o.s.data.convert.CustomConversions - Adding converter from class [B to class java.lang.String as reading converter
2026-08-11 18:03:45 DEBUG o.s.data.convert.CustomConversions - Adding converter from class java.lang.Number to class [B as writing converter
2026-08-11 18:03:45 DEBUG o.s.data.convert.CustomConversions - Adding converter from class [B to class java.lang.Number as reading converter
2026-08-11 18:03:45 DEBUG o.s.data.convert.CustomConversions - Adding converter from class java.lang.Enum to class [B as writing converter
2026-08-11 18:03:45 DEBUG o.s.data.convert.CustomConversions - Adding converter from class [B to class java.lang.Enum as reading converter
2026-08-11 18:03:45 DEBUG o.s.data.convert.CustomConversions - Adding converter from class java.lang.Boolean to class [B as writing converter
2026-08-11 18:03:45 DEBUG o.s.data.convert.CustomConversions - Adding converter from class [B to class java.lang.Boolean as reading converter
2026-08-11 18:03:45 DEBUG o.s.data.convert.CustomConversions - Adding converter from class java.util.Date to class [B as writing converter
2026-08-11 18:03:45 DEBUG o.s.data.convert.CustomConversions - Adding converter from class [B to class java.util.Date as reading converter
2026-08-11 18:03:45 DEBUG o.s.data.convert.CustomConversions - Adding converter from class java.util.UUID to class [B as writing converter
2026-08-11 18:03:45 DEBUG o.s.data.convert.CustomConversions - Adding converter from class [B to class java.util.UUID as reading converter
2026-08-11 18:03:45 DEBUG o.s.data.convert.CustomConversions - Adding converter from class java.time.LocalDateTime to class [B as reading converter
2026-08-11 18:03:45 DEBUG o.s.data.convert.CustomConversions - Adding converter from class [B to class java.time.LocalDateTime as reading converter
2026-08-11 18:03:45 DEBUG o.s.data.convert.CustomConversions - Adding converter from class java.time.LocalDate to class [B as reading converter
2026-08-11 18:03:45 DEBUG o.s.data.convert.CustomConversions - Adding converter from class [B to class java.time.LocalDate as reading converter
2026-08-11 18:03:45 DEBUG o.s.data.convert.CustomConversions - Adding converter from class java.time.LocalTime to class [B as reading converter
2026-08-11 18:03:45 DEBUG o.s.data.convert.CustomConversions - Adding converter from class [B to class java.time.LocalTime as reading converter
2026-08-11 18:03:45 DEBUG o.s.data.convert.CustomConversions - Adding converter from class java.time.ZonedDateTime to class [B as reading converter
2026-08-11 18:03:45 DEBUG o.s.data.convert.CustomConversions - Adding converter from class [B to class java.time.ZonedDateTime as reading converter
2026-08-11 18:03:45 DEBUG o.s.data.convert.CustomConversions - Adding converter from class java.time.Instant to class [B as reading converter
2026-08-11 18:03:45 DEBUG o.s.data.convert.CustomConversions - Adding converter from class [B to class java.time.Instant as reading converter
2026-08-11 18:03:45 DEBUG o.s.data.convert.CustomConversions - Adding converter from class java.time.ZoneId to class [B as reading converter
2026-08-11 18:03:45 DEBUG o.s.data.convert.CustomConversions - Adding converter from class [B to class java.time.ZoneId as reading converter
2026-08-11 18:03:45 DEBUG o.s.data.convert.CustomConversions - Adding converter from class java.time.Period to class [B as reading converter
2026-08-11 18:03:45 DEBUG o.s.data.convert.CustomConversions - Adding converter from class [B to class java.time.Period as reading converter
2026-08-11 18:03:45 DEBUG o.s.data.convert.CustomConversions - Adding converter from class java.time.Duration to class [B as reading converter
2026-08-11 18:03:45 DEBUG o.s.data.convert.CustomConversions - Adding converter from class [B to class java.time.Duration as reading converter
2026-08-11 18:03:45 DEBUG o.s.data.convert.CustomConversions - Adding converter from class java.time.OffsetDateTime to class [B as reading converter
2026-08-11 18:03:45 DEBUG o.s.data.convert.CustomConversions - Adding converter from class [B to class java.time.OffsetDateTime as reading converter
2026-08-11 18:03:45 DEBUG o.s.data.convert.CustomConversions - Adding converter from class java.time.OffsetTime to class [B as reading converter
2026-08-11 18:03:45 DEBUG o.s.data.convert.CustomConversions - Adding converter from class [B to class java.time.OffsetTime as reading converter
2026-08-11 18:03:45 DEBUG o.s.data.convert.CustomConversions - Adding converter from class java.util.Date to class java.time.LocalDateTime as reading converter
2026-08-11 18:03:45 DEBUG o.s.data.convert.CustomConversions - Adding converter from class java.time.LocalDateTime to class java.util.Date as writing converter
2026-08-11 18:03:45 DEBUG o.s.data.convert.CustomConversions - Adding converter from class java.util.Date to class java.time.LocalDate as reading converter
2026-08-11 18:03:45 DEBUG o.s.data.convert.CustomConversions - Adding converter from class java.time.LocalDate to class java.util.Date as writing converter
2026-08-11 18:03:45 DEBUG o.s.data.convert.CustomConversions - Adding converter from class java.util.Date to class java.time.LocalTime as reading converter
2026-08-11 18:03:45 DEBUG o.s.data.convert.CustomConversions - Adding converter from class java.time.LocalTime to class java.util.Date as writing converter
2026-08-11 18:03:45 DEBUG o.s.data.convert.CustomConversions - Adding converter from class java.util.Date to class java.time.Instant as reading converter
2026-08-11 18:03:45 DEBUG o.s.data.convert.CustomConversions - Adding converter from class java.time.Instant to class java.util.Date as writing converter
2026-08-11 18:03:45 DEBUG o.s.data.convert.CustomConversions - Adding converter from class java.time.LocalDateTime to class java.time.Instant as reading converter
2026-08-11 18:03:45 DEBUG o.s.data.convert.CustomConversions - Adding converter from class java.time.Instant to class java.time.LocalDateTime as reading converter
2026-08-11 18:03:45 DEBUG o.s.data.convert.CustomConversions - Adding converter from class java.time.ZoneId to class java.lang.String as writing converter
2026-08-11 18:03:45 DEBUG o.s.data.convert.CustomConversions - Adding converter from class java.lang.String to class java.time.ZoneId as reading converter
2026-08-11 18:03:45 DEBUG o.s.data.convert.CustomConversions - Adding converter from class java.time.Duration to class java.lang.String as writing converter
2026-08-11 18:03:45 DEBUG o.s.data.convert.CustomConversions - Adding converter from class java.lang.String to class java.time.Duration as reading converter
2026-08-11 18:03:45 DEBUG o.s.data.convert.CustomConversions - Adding converter from class java.time.Period to class java.lang.String as writing converter
2026-08-11 18:03:45 DEBUG o.s.data.convert.CustomConversions - Adding converter from class java.lang.String to class java.time.Period as reading converter
2026-08-11 18:03:45 DEBUG o.s.data.convert.CustomConversions - Adding converter from class java.lang.String to class java.time.LocalDate as reading converter
2026-08-11 18:03:45 DEBUG o.s.data.convert.CustomConversions - Adding converter from class java.lang.String to class java.time.LocalDateTime as reading converter
2026-08-11 18:03:45 DEBUG o.s.data.convert.CustomConversions - Adding converter from class java.lang.String to class java.time.Instant as reading converter
2026-08-11 18:03:45 DEBUG o.s.data.convert.CustomConversions - Adding converter from class java.lang.String to class [B as writing converter
2026-08-11 18:03:45 DEBUG o.s.data.convert.CustomConversions - Adding converter from class [B to class java.lang.String as reading converter
2026-08-11 18:03:45 DEBUG o.s.data.convert.CustomConversions - Adding converter from class java.lang.Number to class [B as writing converter
2026-08-11 18:03:45 DEBUG o.s.data.convert.CustomConversions - Adding converter from class [B to class java.lang.Number as reading converter
2026-08-11 18:03:45 DEBUG o.s.data.convert.CustomConversions - Adding converter from class java.lang.Enum to class [B as writing converter
2026-08-11 18:03:45 DEBUG o.s.data.convert.CustomConversions - Adding converter from class [B to class java.lang.Enum as reading converter
2026-08-11 18:03:45 DEBUG o.s.data.convert.CustomConversions - Adding converter from class java.lang.Boolean to class [B as writing converter
2026-08-11 18:03:45 DEBUG o.s.data.convert.CustomConversions - Adding converter from class [B to class java.lang.Boolean as reading converter
2026-08-11 18:03:45 DEBUG o.s.data.convert.CustomConversions - Adding converter from class java.util.Date to class [B as writing converter
2026-08-11 18:03:45 DEBUG o.s.data.convert.CustomConversions - Adding converter from class [B to class java.util.Date as reading converter
2026-08-11 18:03:45 DEBUG o.s.data.convert.CustomConversions - Adding converter from class java.util.UUID to class [B as writing converter
2026-08-11 18:03:45 DEBUG o.s.data.convert.CustomConversions - Adding converter from class [B to class java.util.UUID as reading converter
2026-08-11 18:03:45 DEBUG o.s.data.convert.CustomConversions - Adding converter from class java.time.LocalDateTime to class [B as reading converter
2026-08-11 18:03:45 DEBUG o.s.data.convert.CustomConversions - Adding converter from class [B to class java.time.LocalDateTime as reading converter
2026-08-11 18:03:45 DEBUG o.s.data.convert.CustomConversions - Adding converter from class java.time.LocalDate to class [B as reading converter
2026-08-11 18:03:45 DEBUG o.s.data.convert.CustomConversions - Adding converter from class [B to class java.time.LocalDate as reading converter
2026-08-11 18:03:45 DEBUG o.s.data.convert.CustomConversions - Adding converter from class java.time.LocalTime to class [B as reading converter
2026-08-11 18:03:45 DEBUG o.s.data.convert.CustomConversions - Adding converter from class [B to class java.time.LocalTime as reading converter
2026-08-11 18:03:45 DEBUG o.s.data.convert.CustomConversions - Adding converter from class java.time.ZonedDateTime to class [B as reading converter
2026-08-11 18:03:45 DEBUG o.s.data.convert.CustomConversions - Adding converter from class [B to class java.time.ZonedDateTime as reading converter
2026-08-11 18:03:45 DEBUG o.s.data.convert.CustomConversions - Adding converter from class java.time.Instant to class [B as reading converter
2026-08-11 18:03:45 DEBUG o.s.data.convert.CustomConversions - Adding converter from class [B to class java.time.Instant as reading converter
2026-08-11 18:03:45 DEBUG o.s.data.convert.CustomConversions - Adding converter from class java.time.ZoneId to class [B as reading converter
2026-08-11 18:03:45 DEBUG o.s.data.convert.CustomConversions - Adding converter from class [B to class java.time.ZoneId as reading converter
2026-08-11 18:03:45 DEBUG o.s.data.convert.CustomConversions - Adding converter from class java.time.Period to class [B as reading converter
2026-08-11 18:03:45 DEBUG o.s.data.convert.CustomConversions - Adding converter from class [B to class java.time.Period as reading converter
2026-08-11 18:03:45 DEBUG o.s.data.convert.CustomConversions - Adding converter from class java.time.Duration to class [B as reading converter
2026-08-11 18:03:45 DEBUG o.s.data.convert.CustomConversions - Adding converter from class [B to class java.time.Duration as reading converter
2026-08-11 18:03:45 DEBUG o.s.data.convert.CustomConversions - Adding converter from class java.time.OffsetDateTime to class [B as reading converter
2026-08-11 18:03:45 DEBUG o.s.data.convert.CustomConversions - Adding converter from class [B to class java.time.OffsetDateTime as reading converter
2026-08-11 18:03:45 DEBUG o.s.data.convert.CustomConversions - Adding converter from class java.time.OffsetTime to class [B as reading converter
2026-08-11 18:03:45 DEBUG o.s.data.convert.CustomConversions - Adding converter from class [B to class java.time.OffsetTime as reading converter
2026-08-11 18:03:45 DEBUG o.s.data.convert.CustomConversions - Adding converter from class java.util.Date to class java.time.LocalDateTime as reading converter
2026-08-11 18:03:45 DEBUG o.s.data.convert.CustomConversions - Adding converter from class java.time.LocalDateTime to class java.util.Date as writing converter
2026-08-11 18:03:45 DEBUG o.s.data.convert.CustomConversions - Adding converter from class java.util.Date to class java.time.LocalDate as reading converter
2026-08-11 18:03:45 DEBUG o.s.data.convert.CustomConversions - Adding converter from class java.time.LocalDate to class java.util.Date as writing converter
2026-08-11 18:03:45 DEBUG o.s.data.convert.CustomConversions - Adding converter from class java.util.Date to class java.time.LocalTime as reading converter
2026-08-11 18:03:45 DEBUG o.s.data.convert.CustomConversions - Adding converter from class java.time.LocalTime to class java.util.Date as writing converter
2026-08-11 18:03:45 DEBUG o.s.data.convert.CustomConversions - Adding converter from class java.util.Date to class java.time.Instant as reading converter
2026-08-11 18:03:45 DEBUG o.s.data.convert.CustomConversions - Adding converter from class java.time.Instant to class java.util.Date as writing converter
2026-08-11 18:03:45 DEBUG o.s.data.convert.CustomConversions - Adding converter from class java.time.LocalDateTime to class java.time.Instant as reading converter
2026-08-11 18:03:45 DEBUG o.s.data.convert.CustomConversions - Adding converter from class java.time.Instant to class java.time.LocalDateTime as reading converter
2026-08-11 18:03:45 DEBUG o.s.data.convert.CustomConversions - Adding converter from class java.time.ZoneId to class java.lang.String as writing converter
2026-08-11 18:03:45 DEBUG o.s.data.convert.CustomConversions - Adding converter from class java.lang.String to class java.time.ZoneId as reading converter
2026-08-11 18:03:45 DEBUG o.s.data.convert.CustomConversions - Adding converter from class java.time.Duration to class java.lang.String as writing converter
2026-08-11 18:03:45 DEBUG o.s.data.convert.CustomConversions - Adding converter from class java.lang.String to class java.time.Duration as reading converter
2026-08-11 18:03:45 DEBUG o.s.data.convert.CustomConversions - Adding converter from class java.time.Period to class java.lang.String as writing converter
2026-08-11 18:03:45 DEBUG o.s.data.convert.CustomConversions - Adding converter from class java.lang.String to class java.time.Period as reading converter
2026-08-11 18:03:45 DEBUG o.s.data.convert.CustomConversions - Adding converter from class java.lang.String to class java.time.LocalDate as reading converter
2026-08-11 18:03:45 DEBUG o.s.data.convert.CustomConversions - Adding converter from class java.lang.String to class java.time.LocalDateTime as reading converter
2026-08-11 18:03:45 DEBUG o.s.data.convert.CustomConversions - Adding converter from class java.lang.String to class java.time.Instant as reading converter
2026-08-11 18:03:45 DEBUG o.s.b.f.s.DefaultListableBeanFactory - Creating shared instance of singleton bean 'objectMapper'
2026-08-11 18:03:45 DEBUG o.s.b.f.s.DefaultListableBeanFactory - Autowiring by type from bean name 'cacheServiceImpl' via constructor to bean named 'stringRedisTemplate'
2026-08-11 18:03:45 DEBUG o.s.b.f.s.DefaultListableBeanFactory - Autowiring by type from bean name 'cacheServiceImpl' via constructor to bean named 'objectMapper'
2026-08-11 18:03:45 DEBUG o.s.b.f.s.DefaultListableBeanFactory - Autowiring by type from bean name 'templateDaoImpl' via constructor to bean named 'templateRepository'
2026-08-11 18:03:45 DEBUG o.s.b.f.s.DefaultListableBeanFactory - Autowiring by type from bean name 'templateDaoImpl' via constructor to bean named 'cacheServiceImpl'
2026-08-11 18:03:45 DEBUG o.s.b.f.s.DefaultListableBeanFactory - Creating shared instance of singleton bean 'genericPublisherImpl'
2026-08-11 18:03:45 DEBUG o.s.b.f.s.DefaultListableBeanFactory - Creating shared instance of singleton bean 'kafkaProviderImpl'
2026-08-11 18:03:45 DEBUG o.s.b.f.s.DefaultListableBeanFactory - Creating shared instance of singleton bean 'kafkaTemplate'
2026-08-11 18:03:45 DEBUG o.s.b.f.s.DefaultListableBeanFactory - Creating shared instance of singleton bean 'org.springframework.boot.kafka.autoconfigure.KafkaAutoConfiguration'
2026-08-11 18:03:45 DEBUG o.s.b.f.s.DefaultListableBeanFactory - Creating shared instance of singleton bean 'spring.kafka-org.springframework.boot.kafka.autoconfigure.KafkaProperties'
2026-08-11 18:03:45 DEBUG o.s.b.f.s.DefaultListableBeanFactory - Autowiring by type from bean name 'org.springframework.boot.kafka.autoconfigure.KafkaAutoConfiguration' via constructor to bean named 'spring.kafka-org.springframework.boot.kafka.autoconfigure.KafkaProperties'
2026-08-11 18:03:45 DEBUG o.s.b.f.s.DefaultListableBeanFactory - Creating shared instance of singleton bean 'kafkaProducerFactory'
2026-08-11 18:03:45 DEBUG o.s.b.f.s.DefaultListableBeanFactory - Creating shared instance of singleton bean 'kafkaConnectionDetails'
2026-08-11 18:03:45 DEBUG o.s.b.f.s.DefaultListableBeanFactory - Autowiring by type from bean name 'kafkaProducerFactory' via factory method to bean named 'kafkaConnectionDetails'
2026-08-11 18:03:45 DEBUG o.s.b.f.s.DefaultListableBeanFactory - Creating shared instance of singleton bean 'kafkaProducerMetrics'
2026-08-11 18:03:45 DEBUG o.s.b.f.s.DefaultListableBeanFactory - Creating shared instance of singleton bean 'org.springframework.boot.kafka.autoconfigure.metrics.KafkaMetricsAutoConfiguration'
2026-08-11 18:03:45 DEBUG o.s.b.f.s.DefaultListableBeanFactory - Autowiring by type from bean name 'kafkaProducerMetrics' via factory method to bean named 'simpleMeterRegistry'
2026-08-11 18:03:45 DEBUG o.s.b.f.s.DefaultListableBeanFactory - Creating shared instance of singleton bean 'kafkaProducerListener'
2026-08-11 18:03:45 DEBUG o.s.b.f.s.DefaultListableBeanFactory - Autowiring by type from bean name 'kafkaTemplate' via factory method to bean named 'kafkaProducerFactory'
2026-08-11 18:03:45 DEBUG o.s.b.f.s.DefaultListableBeanFactory - Autowiring by type from bean name 'kafkaTemplate' via factory method to bean named 'kafkaProducerListener'
2026-08-11 18:03:45 DEBUG o.s.b.f.s.DefaultListableBeanFactory - Autowiring by type from bean name 'kafkaProviderImpl' via constructor to bean named 'kafkaTemplate'
2026-08-11 18:03:45 DEBUG o.s.b.f.s.DefaultListableBeanFactory - Autowiring by type from bean name 'genericPublisherImpl' via constructor to bean named 'kafkaProviderImpl'
2026-08-11 18:03:45 DEBUG o.s.b.f.s.DefaultListableBeanFactory - Autowiring by type from bean name 'genericPublisherImpl' via constructor to bean named 'objectMapper'
2026-08-11 18:03:45 DEBUG o.s.b.f.s.DefaultListableBeanFactory - Autowiring by type from bean name 'genericPublisherImpl' via constructor to bean named 'applicationProperties'
2026-08-11 18:03:45 DEBUG o.s.b.f.s.DefaultListableBeanFactory - Autowiring by type from bean name 'notificationServiceImpl' via constructor to bean named 'templateDaoImpl'
2026-08-11 18:03:45 DEBUG o.s.b.f.s.DefaultListableBeanFactory - Autowiring by type from bean name 'notificationServiceImpl' via constructor to bean named 'genericPublisherImpl'
2026-08-11 18:03:45 DEBUG o.s.b.f.s.DefaultListableBeanFactory - Autowiring by type from bean name 'notificationController' via constructor to bean named 'notificationServiceImpl'
2026-08-11 18:03:45 DEBUG o.s.b.f.s.DefaultListableBeanFactory - Creating shared instance of singleton bean 'templateController'
2026-08-11 18:03:45 DEBUG o.s.b.f.s.DefaultListableBeanFactory - Creating shared instance of singleton bean 'templateServiceImpl'
2026-08-11 18:03:45 DEBUG o.s.b.f.s.DefaultListableBeanFactory - Autowiring by type from bean name 'templateServiceImpl' via constructor to bean named 'templateDaoImpl'
2026-08-11 18:03:45 DEBUG o.s.b.f.s.DefaultListableBeanFactory - Autowiring by type from bean name 'templateController' via constructor to bean named 'templateServiceImpl'
2026-08-11 18:03:45 DEBUG o.s.b.f.s.DefaultListableBeanFactory - Creating shared instance of singleton bean 'globalExceptionHandler'
2026-08-11 18:03:45 DEBUG o.s.b.f.s.DefaultListableBeanFactory - Creating shared instance of singleton bean 'redisCacheManager'
2026-08-11 18:03:45 DEBUG o.s.b.f.s.DefaultListableBeanFactory - Autowiring by type from bean name 'redisCacheManager' via factory method to bean named 'redisConnectionFactory'
2026-08-11 18:03:45 DEBUG o.s.b.f.s.DefaultListableBeanFactory - Creating shared instance of singleton bean 'org.springframework.boot.autoconfigure.context.PropertyPlaceholderAutoConfiguration'
2026-08-11 18:03:45 DEBUG o.s.b.f.s.DefaultListableBeanFactory - Creating shared instance of singleton bean 'org.springframework.boot.webmvc.autoconfigure.DispatcherServletAutoConfiguration'
2026-08-11 18:03:45 DEBUG o.s.b.f.s.DefaultListableBeanFactory - Creating shared instance of singleton bean 'org.springframework.boot.autoconfigure.task.TaskExecutorConfigurations$SimpleAsyncTaskExecutorBuilderConfiguration'
2026-08-11 18:03:45 DEBUG o.s.b.f.s.DefaultListableBeanFactory - Autowiring by type from bean name 'org.springframework.boot.autoconfigure.task.TaskExecutorConfigurations$SimpleAsyncTaskExecutorBuilderConfiguration' via constructor to bean named 'spring.task.execution-org.springframework.boot.autoconfigure.task.TaskExecutionProperties'
2026-08-11 18:03:45 DEBUG o.s.b.f.s.DefaultListableBeanFactory - Creating shared instance of singleton bean 'simpleAsyncTaskExecutorBuilder'
2026-08-11 18:03:45 DEBUG o.s.b.f.s.DefaultListableBeanFactory - Creating shared instance of singleton bean 'org.springframework.boot.autoconfigure.task.TaskExecutorConfigurations$AsyncConfigurerConfiguration'
2026-08-11 18:03:45 DEBUG o.s.b.f.s.DefaultListableBeanFactory - Creating shared instance of singleton bean 'applicationTaskExecutorAsyncConfigurer'
2026-08-11 18:03:45 DEBUG o.s.b.f.s.DefaultListableBeanFactory - Autowiring by type from bean name 'applicationTaskExecutorAsyncConfigurer' via factory method to bean named 'org.springframework.beans.factory.support.DefaultListableBeanFactory@29182679'
2026-08-11 18:03:45 DEBUG o.s.b.f.s.DefaultListableBeanFactory - Creating shared instance of singleton bean 'org.springframework.boot.autoconfigure.task.TaskExecutorConfigurations$BootstrapExecutorConfiguration'
2026-08-11 18:03:45 DEBUG o.s.b.f.s.DefaultListableBeanFactory - Creating shared instance of singleton bean 'org.springframework.boot.autoconfigure.task.TaskExecutionAutoConfiguration'
2026-08-11 18:03:45 DEBUG o.s.b.f.s.DefaultListableBeanFactory - Creating shared instance of singleton bean 'org.springframework.boot.validation.autoconfigure.ValidationAutoConfiguration'
2026-08-11 18:03:45 DEBUG o.s.b.f.s.DefaultListableBeanFactory - Creating shared instance of singleton bean 'defaultValidator'
2026-08-11 18:03:45 DEBUG o.s.b.f.s.DefaultListableBeanFactory - Autowiring by type from bean name 'defaultValidator' via factory method to bean named 'org.springframework.boot.web.server.servlet.context.AnnotationConfigServletWebServerApplicationContext@1a1d3c1a'
2026-08-11 18:03:45 DEBUG o.h.v.m.ResourceBundleMessageInterpolator - Loaded expression factory via original TCCL
2026-08-11 18:03:45 DEBUG o.h.v.i.e.AbstractConfigurationImpl - Setting custom MessageInterpolator of type org.springframework.validation.beanvalidation.LocaleContextMessageInterpolator
2026-08-11 18:03:45 DEBUG o.h.v.i.e.AbstractConfigurationImpl - Setting custom ConstraintValidatorFactory of type org.springframework.validation.beanvalidation.SpringConstraintValidatorFactory
2026-08-11 18:03:45 DEBUG o.h.v.i.x.config.ValidationXmlParser - Trying to load META-INF/validation.xml for XML based Validator configuration.
2026-08-11 18:03:45 DEBUG o.h.v.i.x.c.ResourceLoaderHelper - Trying to load META-INF/validation.xml via user class loader
2026-08-11 18:03:45 DEBUG o.h.v.i.x.c.ResourceLoaderHelper - Trying to load META-INF/validation.xml via TCCL
2026-08-11 18:03:45 DEBUG o.h.v.i.x.c.ResourceLoaderHelper - Trying to load META-INF/validation.xml via Hibernate Validator's class loader
2026-08-11 18:03:45 DEBUG o.h.v.i.x.config.ValidationXmlParser - No META-INF/validation.xml found. Using annotation based configuration only.
2026-08-11 18:03:45 DEBUG o.h.v.i.e.r.TraversableResolvers - Cannot find jakarta.persistence.Persistence on classpath. Assuming non Jakarta Persistence environment. All properties will per default be traversable.
2026-08-11 18:03:45 DEBUG o.h.v.i.e.ValidatorFactoryConfigurationHelper - HV000252: Using org.hibernate.validator.internal.engine.DefaultPropertyNodeNameProvider as property node name provider.
2026-08-11 18:03:45 DEBUG o.h.v.i.e.ValidatorFactoryConfigurationHelper - HV000234: Using org.springframework.validation.beanvalidation.LocaleContextMessageInterpolator as ValidatorFactory-scoped message interpolator.
2026-08-11 18:03:45 DEBUG o.h.v.i.e.ValidatorFactoryConfigurationHelper - HV000234: Using org.hibernate.validator.internal.engine.resolver.TraverseAllTraversableResolver as ValidatorFactory-scoped traversable resolver.
2026-08-11 18:03:45 DEBUG o.h.v.i.e.ValidatorFactoryConfigurationHelper - HV000234: Using org.hibernate.validator.internal.util.ExecutableParameterNameProvider as ValidatorFactory-scoped parameter name provider.
2026-08-11 18:03:45 DEBUG o.h.v.i.e.ValidatorFactoryConfigurationHelper - HV000234: Using org.hibernate.validator.internal.engine.DefaultClockProvider as ValidatorFactory-scoped clock provider.
2026-08-11 18:03:45 DEBUG o.h.v.i.e.ValidatorFactoryConfigurationHelper - HV000234: Using org.hibernate.validator.internal.engine.scripting.DefaultScriptEvaluatorFactory as ValidatorFactory-scoped script evaluator factory.
2026-08-11 18:03:45 DEBUG o.s.b.f.s.DefaultListableBeanFactory - Creating shared instance of singleton bean 'org.springframework.boot.webmvc.autoconfigure.error.ErrorMvcAutoConfiguration$WhitelabelErrorViewConfiguration'
2026-08-11 18:03:45 DEBUG o.s.b.f.s.DefaultListableBeanFactory - Creating shared instance of singleton bean 'error'
2026-08-11 18:03:45 DEBUG o.s.b.f.s.DefaultListableBeanFactory - Creating shared instance of singleton bean 'beanNameViewResolver'
2026-08-11 18:03:45 DEBUG o.s.b.f.s.DefaultListableBeanFactory - Creating shared instance of singleton bean 'org.springframework.boot.webmvc.autoconfigure.error.ErrorMvcAutoConfiguration$DefaultErrorViewResolverConfiguration'
2026-08-11 18:03:45 DEBUG o.s.b.f.s.DefaultListableBeanFactory - Autowiring by type from bean name 'org.springframework.boot.webmvc.autoconfigure.error.ErrorMvcAutoConfiguration$DefaultErrorViewResolverConfiguration' via constructor to bean named 'org.springframework.boot.web.server.servlet.context.AnnotationConfigServletWebServerApplicationContext@1a1d3c1a'
2026-08-11 18:03:45 DEBUG o.s.b.f.s.DefaultListableBeanFactory - Autowiring by type from bean name 'org.springframework.boot.webmvc.autoconfigure.error.ErrorMvcAutoConfiguration$DefaultErrorViewResolverConfiguration' via constructor to bean named 'spring.web-org.springframework.boot.autoconfigure.web.WebProperties'
2026-08-11 18:03:45 DEBUG o.s.b.f.s.DefaultListableBeanFactory - Creating shared instance of singleton bean 'conventionErrorViewResolver'
2026-08-11 18:03:45 DEBUG o.s.b.f.s.DefaultListableBeanFactory - Creating shared instance of singleton bean 'errorAttributes'
2026-08-11 18:03:45 DEBUG o.s.b.f.s.DefaultListableBeanFactory - Creating shared instance of singleton bean 'basicErrorController'
2026-08-11 18:03:45 DEBUG o.s.b.f.s.DefaultListableBeanFactory - Autowiring by type from bean name 'basicErrorController' via factory method to bean named 'errorAttributes'
2026-08-11 18:03:45 DEBUG o.s.b.f.s.DefaultListableBeanFactory - Creating shared instance of singleton bean 'org.springframework.boot.webmvc.autoconfigure.WebMvcAutoConfiguration$EnableWebMvcConfiguration'
2026-08-11 18:03:45 DEBUG o.s.b.f.s.DefaultListableBeanFactory - Autowiring by type from bean name 'org.springframework.boot.webmvc.autoconfigure.WebMvcAutoConfiguration$EnableWebMvcConfiguration' via constructor to bean named 'spring.mvc-org.springframework.boot.webmvc.autoconfigure.WebMvcProperties'
2026-08-11 18:03:45 DEBUG o.s.b.f.s.DefaultListableBeanFactory - Autowiring by type from bean name 'org.springframework.boot.webmvc.autoconfigure.WebMvcAutoConfiguration$EnableWebMvcConfiguration' via constructor to bean named 'spring.web-org.springframework.boot.autoconfigure.web.WebProperties'
2026-08-11 18:03:45 DEBUG o.s.b.f.s.DefaultListableBeanFactory - Autowiring by type from bean name 'org.springframework.boot.webmvc.autoconfigure.WebMvcAutoConfiguration$EnableWebMvcConfiguration' via constructor to bean named 'org.springframework.beans.factory.support.DefaultListableBeanFactory@29182679'
2026-08-11 18:03:45 DEBUG o.s.b.f.s.DefaultListableBeanFactory - Creating shared instance of singleton bean 'org.springframework.boot.webmvc.autoconfigure.WebMvcAutoConfiguration$WebMvcAutoConfigurationAdapter'
2026-08-11 18:03:45 DEBUG o.s.b.f.s.DefaultListableBeanFactory - Autowiring by type from bean name 'org.springframework.boot.webmvc.autoconfigure.WebMvcAutoConfiguration$WebMvcAutoConfigurationAdapter' via constructor to bean named 'spring.web-org.springframework.boot.autoconfigure.web.WebProperties'
2026-08-11 18:03:45 DEBUG o.s.b.f.s.DefaultListableBeanFactory - Autowiring by type from bean name 'org.springframework.boot.webmvc.autoconfigure.WebMvcAutoConfiguration$WebMvcAutoConfigurationAdapter' via constructor to bean named 'spring.mvc-org.springframework.boot.webmvc.autoconfigure.WebMvcProperties'
2026-08-11 18:03:45 DEBUG o.s.b.f.s.DefaultListableBeanFactory - Autowiring by type from bean name 'org.springframework.boot.webmvc.autoconfigure.WebMvcAutoConfiguration$WebMvcAutoConfigurationAdapter' via constructor to bean named 'org.springframework.beans.factory.support.DefaultListableBeanFactory@29182679'
2026-08-11 18:03:45 DEBUG o.s.b.f.s.DefaultListableBeanFactory - Creating shared instance of singleton bean 'org.springframework.data.web.config.SpringDataWebConfiguration'
2026-08-11 18:03:45 DEBUG o.s.b.f.s.DefaultListableBeanFactory - Autowiring by type from bean name 'org.springframework.data.web.config.SpringDataWebConfiguration' via constructor to bean named 'org.springframework.boot.web.server.servlet.context.AnnotationConfigServletWebServerApplicationContext@1a1d3c1a'
2026-08-11 18:03:45 DEBUG o.s.b.f.s.DefaultListableBeanFactory - Creating shared instance of singleton bean 'endpointJsonMapperWebMvcConfigurer'
2026-08-11 18:03:45 DEBUG o.s.b.f.s.DefaultListableBeanFactory - Creating shared instance of singleton bean 'endpointJsonMapper'
2026-08-11 18:03:45 DEBUG o.s.b.f.s.DefaultListableBeanFactory - Creating shared instance of singleton bean 'org.springframework.boot.actuate.autoconfigure.endpoint.jackson.JacksonEndpointAutoConfiguration'
2026-08-11 18:03:45 DEBUG o.s.b.f.s.DefaultListableBeanFactory - Autowiring by type from bean name 'endpointJsonMapperWebMvcConfigurer' via factory method to bean named 'endpointJsonMapper'
2026-08-11 18:03:45 DEBUG o.s.b.f.s.DefaultListableBeanFactory - Creating shared instance of singleton bean 'endpointJackson2ObjectMapperWebMvcConfigurer'
2026-08-11 18:03:45 DEBUG o.s.b.f.s.DefaultListableBeanFactory - Creating shared instance of singleton bean 'jackson2EndpointJsonMapper'
2026-08-11 18:03:45 DEBUG o.s.b.f.s.DefaultListableBeanFactory - Creating shared instance of singleton bean 'org.springframework.boot.actuate.autoconfigure.endpoint.jackson.Jackson2EndpointAutoConfiguration'
2026-08-11 18:03:45 DEBUG o.s.b.f.s.DefaultListableBeanFactory - Autowiring by type from bean name 'endpointJackson2ObjectMapperWebMvcConfigurer' via factory method to bean named 'jackson2EndpointJsonMapper'
2026-08-11 18:03:45 DEBUG o.s.b.f.s.DefaultListableBeanFactory - Creating shared instance of singleton bean 'welcomePageHandlerMapping'
2026-08-11 18:03:45 DEBUG o.s.b.f.s.DefaultListableBeanFactory - Creating shared instance of singleton bean 'mvcConversionService'
2026-08-11 18:03:45 DEBUG o.s.b.f.s.DefaultListableBeanFactory - Creating shared instance of singleton bean 'mvcResourceUrlProvider'
2026-08-11 18:03:45 DEBUG o.s.b.f.s.DefaultListableBeanFactory - Autowiring by type from bean name 'welcomePageHandlerMapping' via factory method to bean named 'org.springframework.boot.web.server.servlet.context.AnnotationConfigServletWebServerApplicationContext@1a1d3c1a'
2026-08-11 18:03:45 DEBUG o.s.b.f.s.DefaultListableBeanFactory - Autowiring by type from bean name 'welcomePageHandlerMapping' via factory method to bean named 'mvcConversionService'
2026-08-11 18:03:45 DEBUG o.s.b.f.s.DefaultListableBeanFactory - Autowiring by type from bean name 'welcomePageHandlerMapping' via factory method to bean named 'mvcResourceUrlProvider'
2026-08-11 18:03:45 DEBUG o.s.b.f.s.DefaultListableBeanFactory - Creating shared instance of singleton bean 'welcomePageNotAcceptableHandlerMapping'
2026-08-11 18:03:45 DEBUG o.s.b.f.s.DefaultListableBeanFactory - Autowiring by type from bean name 'welcomePageNotAcceptableHandlerMapping' via factory method to bean named 'org.springframework.boot.web.server.servlet.context.AnnotationConfigServletWebServerApplicationContext@1a1d3c1a'
2026-08-11 18:03:45 DEBUG o.s.b.f.s.DefaultListableBeanFactory - Autowiring by type from bean name 'welcomePageNotAcceptableHandlerMapping' via factory method to bean named 'mvcConversionService'
2026-08-11 18:03:45 DEBUG o.s.b.f.s.DefaultListableBeanFactory - Autowiring by type from bean name 'welcomePageNotAcceptableHandlerMapping' via factory method to bean named 'mvcResourceUrlProvider'
2026-08-11 18:03:45 DEBUG o.s.b.f.s.DefaultListableBeanFactory - Creating shared instance of singleton bean 'localeResolver'
2026-08-11 18:03:45 DEBUG o.s.b.f.s.DefaultListableBeanFactory - Creating shared instance of singleton bean 'flashMapManager'
2026-08-11 18:03:45 DEBUG o.s.b.f.s.DefaultListableBeanFactory - Creating shared instance of singleton bean 'viewNameTranslator'
2026-08-11 18:03:45 DEBUG o.s.b.f.s.DefaultListableBeanFactory - Creating shared instance of singleton bean 'mvcValidator'
2026-08-11 18:03:45 DEBUG o.s.b.f.s.DefaultListableBeanFactory - Creating shared instance of singleton bean 'requestMappingHandlerMapping'
2026-08-11 18:03:45 DEBUG o.s.b.f.s.DefaultListableBeanFactory - Creating shared instance of singleton bean 'mvcContentNegotiationManager'
2026-08-11 18:03:45 DEBUG o.s.b.f.s.DefaultListableBeanFactory - Creating shared instance of singleton bean 'stringHttpMessageConvertersCustomizer'
2026-08-11 18:03:45 DEBUG o.s.b.f.s.DefaultListableBeanFactory - Creating shared instance of singleton bean 'org.springframework.boot.http.converter.autoconfigure.HttpMessageConvertersAutoConfiguration$StringHttpMessageConverterConfiguration'
2026-08-11 18:03:45 DEBUG o.s.b.f.s.DefaultListableBeanFactory - Creating shared instance of singleton bean 'spring.http.converters-org.springframework.boot.http.converter.autoconfigure.HttpMessageConvertersProperties'
2026-08-11 18:03:45 DEBUG o.s.b.f.s.DefaultListableBeanFactory - Autowiring by type from bean name 'stringHttpMessageConvertersCustomizer' via factory method to bean named 'spring.http.converters-org.springframework.boot.http.converter.autoconfigure.HttpMessageConvertersProperties'
2026-08-11 18:03:45 DEBUG o.s.b.f.s.DefaultListableBeanFactory - Creating shared instance of singleton bean 'jacksonJsonHttpMessageConvertersCustomizer'
2026-08-11 18:03:45 DEBUG o.s.b.f.s.DefaultListableBeanFactory - Creating shared instance of singleton bean 'org.springframework.boot.http.converter.autoconfigure.JacksonHttpMessageConvertersConfiguration$JacksonJsonHttpMessageConverterConfiguration'
2026-08-11 18:03:45 DEBUG o.s.b.f.s.DefaultListableBeanFactory - Creating shared instance of singleton bean 'jacksonJsonMapper'
2026-08-11 18:03:45 DEBUG o.s.b.f.s.DefaultListableBeanFactory - Creating shared instance of singleton bean 'org.springframework.boot.jackson.autoconfigure.JacksonAutoConfiguration'
2026-08-11 18:03:45 DEBUG o.s.b.f.s.DefaultListableBeanFactory - Creating shared instance of singleton bean 'problemDetailJsonMapperBuilderCustomizer'
2026-08-11 18:03:45 DEBUG o.s.b.f.s.DefaultListableBeanFactory - Creating shared instance of singleton bean 'org.springframework.boot.jackson.autoconfigure.JacksonAutoConfiguration$JsonProblemDetailsConfiguration'
2026-08-11 18:03:45 DEBUG o.s.b.f.s.DefaultListableBeanFactory - Creating shared instance of singleton bean 'standardJsonMapperBuilderCustomizer'
2026-08-11 18:03:45 DEBUG o.s.b.f.s.DefaultListableBeanFactory - Creating shared instance of singleton bean 'org.springframework.boot.jackson.autoconfigure.JacksonAutoConfiguration$JacksonJsonCustomizerConfiguration'
2026-08-11 18:03:45 DEBUG o.s.b.f.s.DefaultListableBeanFactory - Creating shared instance of singleton bean 'spring.jackson-org.springframework.boot.jackson.autoconfigure.JacksonProperties'
2026-08-11 18:03:45 DEBUG o.s.b.f.s.DefaultListableBeanFactory - Autowiring by type from bean name 'org.springframework.boot.jackson.autoconfigure.JacksonAutoConfiguration$JacksonJsonCustomizerConfiguration' via constructor to bean named 'spring.jackson-org.springframework.boot.jackson.autoconfigure.JacksonProperties'
2026-08-11 18:03:45 DEBUG o.s.b.f.s.DefaultListableBeanFactory - Autowiring by type from bean name 'standardJsonMapperBuilderCustomizer' via factory method to bean named 'org.springframework.beans.factory.support.DefaultListableBeanFactory@29182679'
2026-08-11 18:03:45 DEBUG o.s.b.f.s.DefaultListableBeanFactory - Creating shared instance of singleton bean 'jackson3GeoModule'
2026-08-11 18:03:45 DEBUG o.s.b.f.s.DefaultListableBeanFactory - Creating shared instance of singleton bean 'org.springframework.data.web.config.SpringDataJackson3Configuration'
2026-08-11 18:03:45 DEBUG o.s.b.f.s.DefaultListableBeanFactory - Creating shared instance of singleton bean 'springDataWebSettings'
2026-08-11 18:03:45 DEBUG o.s.b.f.s.DefaultListableBeanFactory - Creating shared instance of singleton bean 'org.springframework.boot.data.autoconfigure.web.DataWebAutoConfiguration'
2026-08-11 18:03:45 DEBUG o.s.b.f.s.DefaultListableBeanFactory - Creating shared instance of singleton bean 'spring.data.web-org.springframework.boot.data.autoconfigure.web.DataWebProperties'
2026-08-11 18:03:45 DEBUG o.s.b.f.s.DefaultListableBeanFactory - Autowiring by type from bean name 'org.springframework.boot.data.autoconfigure.web.DataWebAutoConfiguration' via constructor to bean named 'spring.data.web-org.springframework.boot.data.autoconfigure.web.DataWebProperties'
2026-08-11 18:03:45 DEBUG o.s.b.f.s.DefaultListableBeanFactory - Creating shared instance of singleton bean 'jackson3pageModule'
2026-08-11 18:03:45 DEBUG o.s.b.f.s.DefaultListableBeanFactory - Creating shared instance of singleton bean 'jacksonMixinModule'
2026-08-11 18:03:45 DEBUG o.s.b.f.s.DefaultListableBeanFactory - Creating shared instance of singleton bean 'org.springframework.boot.jackson.autoconfigure.JacksonAutoConfiguration$JacksonMixinConfiguration'
2026-08-11 18:03:45 DEBUG o.s.b.f.s.DefaultListableBeanFactory - Creating shared instance of singleton bean 'jacksonMixinModuleEntries'
2026-08-11 18:03:45 DEBUG o.s.b.f.s.DefaultListableBeanFactory - Autowiring by type from bean name 'jacksonMixinModuleEntries' via factory method to bean named 'org.springframework.boot.web.server.servlet.context.AnnotationConfigServletWebServerApplicationContext@1a1d3c1a'
2026-08-11 18:03:45 DEBUG o.s.b.f.s.DefaultListableBeanFactory - Autowiring by type from bean name 'jacksonMixinModule' via factory method to bean named 'org.springframework.boot.web.server.servlet.context.AnnotationConfigServletWebServerApplicationContext@1a1d3c1a'
2026-08-11 18:03:45 DEBUG o.s.b.f.s.DefaultListableBeanFactory - Autowiring by type from bean name 'jacksonMixinModule' via factory method to bean named 'jacksonMixinModuleEntries'
2026-08-11 18:03:45 DEBUG o.s.b.f.s.DefaultListableBeanFactory - Creating shared instance of singleton bean 'jsonComponentModule'
2026-08-11 18:03:45 DEBUG o.s.b.f.s.DefaultListableBeanFactory - Creating shared instance of singleton bean 'jsonFactory'
2026-08-11 18:03:45 DEBUG o.s.b.f.s.DefaultListableBeanFactory - Creating shared instance of singleton bean 'standardJsonFactoryBuilderCustomizer'
2026-08-11 18:03:45 DEBUG o.s.b.f.s.DefaultListableBeanFactory - Autowiring by type from bean name 'jsonFactory' via factory method to bean named 'standardJsonFactoryBuilderCustomizer'
2026-08-11 18:03:45 DEBUG o.s.b.f.s.DefaultListableBeanFactory - Autowiring by type from bean name 'jsonMapperBuilder' via factory method to bean named 'problemDetailJsonMapperBuilderCustomizer'
2026-08-11 18:03:45 DEBUG o.s.b.f.s.DefaultListableBeanFactory - Autowiring by type from bean name 'jsonMapperBuilder' via factory method to bean named 'standardJsonMapperBuilderCustomizer'
2026-08-11 18:03:45 DEBUG o.s.b.f.s.DefaultListableBeanFactory - Autowiring by type from bean name 'jsonMapperBuilder' via factory method to bean named 'jsonFactory'
2026-08-11 18:03:45 DEBUG o.s.b.f.s.DefaultListableBeanFactory - Autowiring by type from bean name 'jacksonJsonMapper' via factory method to bean named 'jsonMapperBuilder'
2026-08-11 18:03:45 DEBUG o.s.b.f.s.DefaultListableBeanFactory - Autowiring by type from bean name 'jacksonJsonHttpMessageConvertersCustomizer' via factory method to bean named 'jacksonJsonMapper'
2026-08-11 18:03:45 DEBUG o.s.b.f.s.DefaultListableBeanFactory - Creating shared instance of singleton bean 'serverConvertersCustomizer'
2026-08-11 18:03:45 DEBUG o.s.b.f.s.DefaultListableBeanFactory - Creating shared instance of singleton bean 'org.springframework.boot.http.converter.autoconfigure.HttpMessageConvertersAutoConfiguration'
2026-08-11 18:03:45 DEBUG o.s.b.f.s.DefaultListableBeanFactory - Creating shared instance of singleton bean 'mvcApiVersionStrategy'
2026-08-11 18:03:45 DEBUG o.s.b.f.s.DefaultListableBeanFactory - Autowiring by type from bean name 'requestMappingHandlerMapping' via factory method to bean named 'mvcContentNegotiationManager'
2026-08-11 18:03:45 DEBUG o.s.b.f.s.DefaultListableBeanFactory - Autowiring by type from bean name 'requestMappingHandlerMapping' via factory method to bean named 'mvcApiVersionStrategy'
2026-08-11 18:03:45 DEBUG o.s.b.f.s.DefaultListableBeanFactory - Autowiring by type from bean name 'requestMappingHandlerMapping' via factory method to bean named 'mvcConversionService'
2026-08-11 18:03:45 DEBUG o.s.b.f.s.DefaultListableBeanFactory - Autowiring by type from bean name 'requestMappingHandlerMapping' via factory method to bean named 'mvcResourceUrlProvider'
2026-08-11 18:03:45 DEBUG _.s.w.s.HandlerMapping.Mappings - 
	c.n.a.c.n.NotificationController:
	{POST [/api/notifications]}: sendNotification(SendNotifRequest)
2026-08-11 18:03:45 DEBUG _.s.w.s.HandlerMapping.Mappings - 
	c.n.a.c.t.TemplateController:
	{POST [/api/template]}: createTemplate(CreateTemplateRequest)
	{GET [/api/template]}: filterTemplate(TemplateFilterRequest)
	{PATCH [/api/template/{id}]}: updateTemplate(String,UpdateTemplateRequest)
	{DELETE [/api/template/{id}]}: deleteTemplate(String)
2026-08-11 18:03:45 DEBUG _.s.w.s.HandlerMapping.Mappings - 
	o.s.b.w.a.e.BasicErrorController:
	{ [/error]}: error(HttpServletRequest)
	{ [/error], produces [text/html]}: errorHtml(HttpServletRequest,HttpServletResponse)
2026-08-11 18:03:45 DEBUG o.s.w.s.m.m.a.RequestMappingHandlerMapping - 7 mappings in 'requestMappingHandlerMapping'
2026-08-11 18:03:45 DEBUG o.s.b.f.s.DefaultListableBeanFactory - Creating shared instance of singleton bean 'mvcPatternParser'
2026-08-11 18:03:45 DEBUG o.s.b.f.s.DefaultListableBeanFactory - Creating shared instance of singleton bean 'mvcUrlPathHelper'
2026-08-11 18:03:45 DEBUG o.s.b.f.s.DefaultListableBeanFactory - Creating shared instance of singleton bean 'mvcPathMatcher'
2026-08-11 18:03:45 DEBUG o.s.b.f.s.DefaultListableBeanFactory - Creating shared instance of singleton bean 'viewControllerHandlerMapping'
2026-08-11 18:03:45 DEBUG o.s.b.f.s.DefaultListableBeanFactory - Autowiring by type from bean name 'viewControllerHandlerMapping' via factory method to bean named 'mvcConversionService'
2026-08-11 18:03:45 DEBUG o.s.b.f.s.DefaultListableBeanFactory - Autowiring by type from bean name 'viewControllerHandlerMapping' via factory method to bean named 'mvcResourceUrlProvider'
2026-08-11 18:03:45 DEBUG o.s.b.f.s.DefaultListableBeanFactory - Creating shared instance of singleton bean 'beanNameHandlerMapping'
2026-08-11 18:03:45 DEBUG o.s.b.f.s.DefaultListableBeanFactory - Autowiring by type from bean name 'beanNameHandlerMapping' via factory method to bean named 'mvcConversionService'
2026-08-11 18:03:45 DEBUG o.s.b.f.s.DefaultListableBeanFactory - Autowiring by type from bean name 'beanNameHandlerMapping' via factory method to bean named 'mvcResourceUrlProvider'
2026-08-11 18:03:45 DEBUG _.s.w.s.HandlerMapping.Mappings - 'beanNameHandlerMapping' {}
2026-08-11 18:03:45 DEBUG o.s.b.f.s.DefaultListableBeanFactory - Creating shared instance of singleton bean 'routerFunctionMapping'
2026-08-11 18:03:45 DEBUG o.s.b.f.s.DefaultListableBeanFactory - Autowiring by type from bean name 'routerFunctionMapping' via factory method to bean named 'mvcConversionService'
2026-08-11 18:03:45 DEBUG o.s.b.f.s.DefaultListableBeanFactory - Autowiring by type from bean name 'routerFunctionMapping' via factory method to bean named 'mvcResourceUrlProvider'
2026-08-11 18:03:45 DEBUG o.s.b.f.s.DefaultListableBeanFactory - Autowiring by type from bean name 'routerFunctionMapping' via factory method to bean named 'mvcApiVersionStrategy'
2026-08-11 18:03:45 DEBUG o.s.b.f.s.DefaultListableBeanFactory - Creating shared instance of singleton bean 'resourceHandlerMapping'
2026-08-11 18:03:45 DEBUG o.s.b.f.s.DefaultListableBeanFactory - Autowiring by type from bean name 'resourceHandlerMapping' via factory method to bean named 'mvcContentNegotiationManager'
2026-08-11 18:03:45 DEBUG o.s.b.f.s.DefaultListableBeanFactory - Autowiring by type from bean name 'resourceHandlerMapping' via factory method to bean named 'mvcConversionService'
2026-08-11 18:03:45 DEBUG o.s.b.f.s.DefaultListableBeanFactory - Autowiring by type from bean name 'resourceHandlerMapping' via factory method to bean named 'mvcResourceUrlProvider'
2026-08-11 18:03:45 DEBUG _.s.w.s.HandlerMapping.Mappings - 'resourceHandlerMapping' {/webjars/**=ResourceHttpRequestHandler [classpath [META-INF/resources/webjars/]], /**=ResourceHttpRequestHandler [classpath [META-INF/resources/], classpath [resources/], classpath [static/], classpath [public/], ServletContext [/]]}
2026-08-11 18:03:45 DEBUG o.s.b.f.s.DefaultListableBeanFactory - Creating shared instance of singleton bean 'defaultServletHandlerMapping'
2026-08-11 18:03:45 DEBUG o.s.b.f.s.DefaultListableBeanFactory - Creating shared instance of singleton bean 'requestMappingHandlerAdapter'
2026-08-11 18:03:45 DEBUG o.s.b.f.s.DefaultListableBeanFactory - Autowiring by type from bean name 'requestMappingHandlerAdapter' via factory method to bean named 'mvcContentNegotiationManager'
2026-08-11 18:03:45 DEBUG o.s.b.f.s.DefaultListableBeanFactory - Autowiring by type from bean name 'requestMappingHandlerAdapter' via factory method to bean named 'mvcConversionService'
2026-08-11 18:03:45 DEBUG o.s.b.f.s.DefaultListableBeanFactory - Autowiring by type from bean name 'requestMappingHandlerAdapter' via factory method to bean named 'mvcValidator'
2026-08-11 18:03:45 DEBUG o.s.b.f.s.DefaultListableBeanFactory - Creating shared instance of singleton bean 'sortResolver'
2026-08-11 18:03:45 DEBUG o.s.b.f.s.DefaultListableBeanFactory - Creating shared instance of singleton bean 'sortCustomizer'
2026-08-11 18:03:45 DEBUG o.s.b.f.s.DefaultListableBeanFactory - Creating shared instance of singleton bean 'pageableResolver'
2026-08-11 18:03:45 DEBUG o.s.b.f.s.DefaultListableBeanFactory - Creating shared instance of singleton bean 'pageableCustomizer'
2026-08-11 18:03:45 DEBUG o.s.w.s.m.m.a.RequestMappingHandlerAdapter - ControllerAdvice beans: 0 @ModelAttribute, 0 @InitBinder, 2 RequestBodyAdvice, 1 ResponseBodyAdvice
2026-08-11 18:03:45 DEBUG o.s.b.f.s.DefaultListableBeanFactory - Creating shared instance of singleton bean 'mvcViewResolver'
2026-08-11 18:03:45 DEBUG o.s.b.f.s.DefaultListableBeanFactory - Autowiring by type from bean name 'mvcViewResolver' via factory method to bean named 'mvcContentNegotiationManager'
2026-08-11 18:03:45 DEBUG o.s.b.f.s.DefaultListableBeanFactory - Creating shared instance of singleton bean 'defaultViewResolver'
2026-08-11 18:03:45 DEBUG o.s.b.f.s.DefaultListableBeanFactory - Creating shared instance of singleton bean 'viewResolver'
2026-08-11 18:03:45 DEBUG o.s.b.f.s.DefaultListableBeanFactory - Autowiring by type from bean name 'viewResolver' via factory method to bean named 'org.springframework.beans.factory.support.DefaultListableBeanFactory@29182679'
2026-08-11 18:03:45 DEBUG o.s.b.f.s.DefaultListableBeanFactory - Creating shared instance of singleton bean 'viewResolver'
2026-08-11 18:03:45 DEBUG o.s.b.f.s.DefaultListableBeanFactory - Creating shared instance of singleton bean 'handlerFunctionAdapter'
2026-08-11 18:03:45 DEBUG o.s.b.f.s.DefaultListableBeanFactory - Creating shared instance of singleton bean 'mvcUriComponentsContributor'
2026-08-11 18:03:45 DEBUG o.s.b.f.s.DefaultListableBeanFactory - Autowiring by type from bean name 'mvcUriComponentsContributor' via factory method to bean named 'mvcConversionService'
2026-08-11 18:03:45 DEBUG o.s.b.f.s.DefaultListableBeanFactory - Autowiring by type from bean name 'mvcUriComponentsContributor' via factory method to bean named 'requestMappingHandlerAdapter'
2026-08-11 18:03:45 DEBUG o.s.b.f.s.DefaultListableBeanFactory - Creating shared instance of singleton bean 'httpRequestHandlerAdapter'
2026-08-11 18:03:45 DEBUG o.s.b.f.s.DefaultListableBeanFactory - Creating shared instance of singleton bean 'simpleControllerHandlerAdapter'
2026-08-11 18:03:45 DEBUG o.s.b.f.s.DefaultListableBeanFactory - Creating shared instance of singleton bean 'handlerExceptionResolver'
2026-08-11 18:03:45 DEBUG o.s.b.f.s.DefaultListableBeanFactory - Autowiring by type from bean name 'handlerExceptionResolver' via factory method to bean named 'mvcContentNegotiationManager'
2026-08-11 18:03:45 DEBUG o.s.w.s.m.m.a.ExceptionHandlerExceptionResolver - ControllerAdvice beans: 1 @ExceptionHandler, 1 ResponseBodyAdvice
2026-08-11 18:03:45 DEBUG o.s.b.f.s.DefaultListableBeanFactory - Creating shared instance of singleton bean 'org.springframework.boot.actuate.autoconfigure.audit.AuditEventsEndpointAutoConfiguration'
2026-08-11 18:03:45 DEBUG o.s.b.f.s.DefaultListableBeanFactory - Creating shared instance of singleton bean 'org.springframework.boot.actuate.autoconfigure.beans.BeansEndpointAutoConfiguration'
2026-08-11 18:03:45 DEBUG o.s.b.f.s.DefaultListableBeanFactory - Creating shared instance of singleton bean 'beansEndpoint'
2026-08-11 18:03:45 DEBUG o.s.b.f.s.DefaultListableBeanFactory - Autowiring by type from bean name 'beansEndpoint' via factory method to bean named 'org.springframework.boot.web.server.servlet.context.AnnotationConfigServletWebServerApplicationContext@1a1d3c1a'
2026-08-11 18:03:45 DEBUG o.s.b.f.s.DefaultListableBeanFactory - Creating shared instance of singleton bean 'org.springframework.boot.actuate.autoconfigure.condition.ConditionsReportEndpointAutoConfiguration'
2026-08-11 18:03:45 DEBUG o.s.b.f.s.DefaultListableBeanFactory - Creating shared instance of singleton bean 'conditionsReportEndpoint'
2026-08-11 18:03:45 DEBUG o.s.b.f.s.DefaultListableBeanFactory - Autowiring by type from bean name 'conditionsReportEndpoint' via factory method to bean named 'org.springframework.boot.web.server.servlet.context.AnnotationConfigServletWebServerApplicationContext@1a1d3c1a'
2026-08-11 18:03:45 DEBUG o.s.b.f.s.DefaultListableBeanFactory - Creating shared instance of singleton bean 'org.springframework.boot.actuate.autoconfigure.context.properties.ConfigurationPropertiesReportEndpointAutoConfiguration'
2026-08-11 18:03:45 DEBUG o.s.b.f.s.DefaultListableBeanFactory - Creating shared instance of singleton bean 'configurationPropertiesReportEndpoint'
2026-08-11 18:03:45 DEBUG o.s.b.f.s.DefaultListableBeanFactory - Creating shared instance of singleton bean 'management.endpoint.configprops-org.springframework.boot.actuate.autoconfigure.context.properties.ConfigurationPropertiesReportEndpointProperties'
2026-08-11 18:03:45 DEBUG o.s.b.f.s.DefaultListableBeanFactory - Autowiring by type from bean name 'configurationPropertiesReportEndpoint' via factory method to bean named 'management.endpoint.configprops-org.springframework.boot.actuate.autoconfigure.context.properties.ConfigurationPropertiesReportEndpointProperties'
2026-08-11 18:03:45 DEBUG o.s.b.f.s.DefaultListableBeanFactory - Creating shared instance of singleton bean 'endpointOperationParameterMapper'
2026-08-11 18:03:45 DEBUG o.s.b.f.s.DefaultListableBeanFactory - Creating shared instance of singleton bean 'endpointCachingOperationInvokerAdvisor'
2026-08-11 18:03:45 DEBUG o.s.b.f.s.DefaultListableBeanFactory - Autowiring by type from bean name 'endpointCachingOperationInvokerAdvisor' via factory method to bean named 'environment'
2026-08-11 18:03:45 DEBUG o.s.b.f.s.DefaultListableBeanFactory - Creating shared instance of singleton bean 'org.springframework.boot.actuate.autoconfigure.endpoint.jmx.JmxEndpointAutoConfiguration$JmxJacksonEndpointConfiguration'
2026-08-11 18:03:45 DEBUG o.s.b.f.s.DefaultListableBeanFactory - Creating shared instance of singleton bean 'jmxMBeanExporter'
2026-08-11 18:03:45 DEBUG o.s.b.f.s.DefaultListableBeanFactory - Creating shared instance of singleton bean 'endpointObjectNameFactory'
2026-08-11 18:03:45 DEBUG o.s.b.f.s.DefaultListableBeanFactory - Creating shared instance of singleton bean 'org.springframework.boot.actuate.autoconfigure.endpoint.jmx.JmxEndpointAutoConfiguration'
2026-08-11 18:03:45 DEBUG o.s.b.f.s.DefaultListableBeanFactory - Creating shared instance of singleton bean 'management.endpoints.jmx-org.springframework.boot.actuate.autoconfigure.endpoint.jmx.JmxEndpointProperties'
2026-08-11 18:03:45 DEBUG o.s.b.f.s.DefaultListableBeanFactory - Autowiring by type from bean name 'org.springframework.boot.actuate.autoconfigure.endpoint.jmx.JmxEndpointAutoConfiguration' via constructor to bean named 'org.springframework.boot.web.server.servlet.context.AnnotationConfigServletWebServerApplicationContext@1a1d3c1a'
2026-08-11 18:03:45 DEBUG o.s.b.f.s.DefaultListableBeanFactory - Autowiring by type from bean name 'org.springframework.boot.actuate.autoconfigure.endpoint.jmx.JmxEndpointAutoConfiguration' via constructor to bean named 'management.endpoints.jmx-org.springframework.boot.actuate.autoconfigure.endpoint.jmx.JmxEndpointProperties'
2026-08-11 18:03:45 DEBUG o.s.b.f.s.DefaultListableBeanFactory - Autowiring by type from bean name 'org.springframework.boot.actuate.autoconfigure.endpoint.jmx.JmxEndpointAutoConfiguration' via constructor to bean named 'spring.jmx-org.springframework.boot.autoconfigure.jmx.JmxProperties'
2026-08-11 18:03:45 DEBUG o.s.b.f.s.DefaultListableBeanFactory - Autowiring by type from bean name 'endpointObjectNameFactory' via factory method to bean named 'mbeanServer'
2026-08-11 18:03:45 DEBUG o.s.b.f.s.DefaultListableBeanFactory - Creating shared instance of singleton bean 'jmxAnnotationEndpointDiscoverer'
2026-08-11 18:03:45 DEBUG o.s.b.f.s.DefaultListableBeanFactory - Autowiring by type from bean name 'jmxAnnotationEndpointDiscoverer' via factory method to bean named 'endpointOperationParameterMapper'
2026-08-11 18:03:45 DEBUG o.s.b.f.s.DefaultListableBeanFactory - Creating shared instance of singleton bean 'jmxIncludeExcludePropertyEndpointFilter'
2026-08-11 18:03:45 DEBUG o.s.b.f.s.DefaultListableBeanFactory - Creating shared instance of singleton bean 'jmxAccessPropertiesOperationFilter'
2026-08-11 18:03:45 DEBUG o.s.b.f.s.DefaultListableBeanFactory - Autowiring by type from bean name 'jmxAccessPropertiesOperationFilter' via factory method to bean named 'propertiesEndpointAccessResolver'
2026-08-11 18:03:45 DEBUG o.s.b.f.s.DefaultListableBeanFactory - Autowiring by type from bean name 'jmxMBeanExporter' via factory method to bean named 'mbeanServer'
2026-08-11 18:03:45 DEBUG o.s.b.f.s.DefaultListableBeanFactory - Autowiring by type from bean name 'jmxMBeanExporter' via factory method to bean named 'endpointObjectNameFactory'
2026-08-11 18:03:45 DEBUG o.s.b.f.s.DefaultListableBeanFactory - Autowiring by type from bean name 'jmxMBeanExporter' via factory method to bean named 'jmxAnnotationEndpointDiscoverer'
2026-08-11 18:03:45 DEBUG o.s.b.f.s.DefaultListableBeanFactory - Creating shared instance of singleton bean 'healthEndpoint'
2026-08-11 18:03:45 DEBUG o.s.b.f.s.DefaultListableBeanFactory - Creating shared instance of singleton bean 'org.springframework.boot.health.autoconfigure.actuate.endpoint.HealthEndpointConfiguration'
2026-08-11 18:03:45 DEBUG o.s.b.f.s.DefaultListableBeanFactory - Creating shared instance of singleton bean 'healthContributorRegistry'
2026-08-11 18:03:45 DEBUG o.s.b.f.s.DefaultListableBeanFactory - Creating shared instance of singleton bean 'org.springframework.boot.health.autoconfigure.registry.HealthContributorRegistryAutoConfiguration'
2026-08-11 18:03:45 DEBUG o.s.b.f.s.DefaultListableBeanFactory - Creating shared instance of singleton bean 'livenessStateHealthIndicator'
2026-08-11 18:03:45 DEBUG o.s.b.f.s.DefaultListableBeanFactory - Creating shared instance of singleton bean 'org.springframework.boot.health.autoconfigure.actuate.endpoint.AvailabilityProbesAutoConfiguration'
2026-08-11 18:03:45 DEBUG o.s.b.f.s.DefaultListableBeanFactory - Creating shared instance of singleton bean 'applicationAvailability'
2026-08-11 18:03:45 DEBUG o.s.b.f.s.DefaultListableBeanFactory - Creating shared instance of singleton bean 'org.springframework.boot.autoconfigure.availability.ApplicationAvailabilityAutoConfiguration'
2026-08-11 18:03:45 DEBUG o.s.b.f.s.DefaultListableBeanFactory - Autowiring by type from bean name 'livenessStateHealthIndicator' via factory method to bean named 'applicationAvailability'
2026-08-11 18:03:45 DEBUG o.s.b.f.s.DefaultListableBeanFactory - Creating shared instance of singleton bean 'readinessStateHealthIndicator'
2026-08-11 18:03:45 DEBUG o.s.b.f.s.DefaultListableBeanFactory - Autowiring by type from bean name 'readinessStateHealthIndicator' via factory method to bean named 'applicationAvailability'
2026-08-11 18:03:45 DEBUG o.s.b.f.s.DefaultListableBeanFactory - Creating shared instance of singleton bean 'diskSpaceHealthIndicator'
2026-08-11 18:03:45 DEBUG o.s.b.f.s.DefaultListableBeanFactory - Creating shared instance of singleton bean 'org.springframework.boot.health.autoconfigure.application.DiskSpaceHealthContributorAutoConfiguration'
2026-08-11 18:03:45 DEBUG o.s.b.f.s.DefaultListableBeanFactory - Creating shared instance of singleton bean 'management.health.diskspace-org.springframework.boot.health.autoconfigure.application.DiskSpaceHealthIndicatorProperties'
2026-08-11 18:03:45 DEBUG o.s.b.f.s.DefaultListableBeanFactory - Autowiring by type from bean name 'diskSpaceHealthIndicator' via factory method to bean named 'management.health.diskspace-org.springframework.boot.health.autoconfigure.application.DiskSpaceHealthIndicatorProperties'
2026-08-11 18:03:45 DEBUG o.s.b.f.s.DefaultListableBeanFactory - Creating shared instance of singleton bean 'sslHealthIndicator'
2026-08-11 18:03:45 DEBUG o.s.b.f.s.DefaultListableBeanFactory - Creating shared instance of singleton bean 'org.springframework.boot.health.autoconfigure.application.SslHealthContributorAutoConfiguration'
2026-08-11 18:03:45 DEBUG o.s.b.f.s.DefaultListableBeanFactory - Creating shared instance of singleton bean 'sslInfo'
2026-08-11 18:03:45 DEBUG o.s.b.f.s.DefaultListableBeanFactory - Autowiring by type from bean name 'sslInfo' via factory method to bean named 'sslBundleRegistry'
2026-08-11 18:03:45 DEBUG o.s.b.f.s.DefaultListableBeanFactory - Creating shared instance of singleton bean 'management.health.ssl-org.springframework.boot.health.autoconfigure.application.SslHealthIndicatorProperties'
2026-08-11 18:03:45 DEBUG o.s.b.f.s.DefaultListableBeanFactory - Autowiring by type from bean name 'sslHealthIndicator' via factory method to bean named 'sslInfo'
2026-08-11 18:03:45 DEBUG o.s.b.f.s.DefaultListableBeanFactory - Autowiring by type from bean name 'sslHealthIndicator' via factory method to bean named 'management.health.ssl-org.springframework.boot.health.autoconfigure.application.SslHealthIndicatorProperties'
2026-08-11 18:03:45 DEBUG o.s.b.f.s.DefaultListableBeanFactory - Creating shared instance of singleton bean 'pingHealthContributor'
2026-08-11 18:03:45 DEBUG o.s.b.f.s.DefaultListableBeanFactory - Creating shared instance of singleton bean 'org.springframework.boot.health.autoconfigure.contributor.HealthContributorAutoConfiguration'
2026-08-11 18:03:45 DEBUG o.s.b.f.s.DefaultListableBeanFactory - Creating shared instance of singleton bean 'mongoHealthContributor'
2026-08-11 18:03:45 DEBUG o.s.b.f.s.DefaultListableBeanFactory - Creating shared instance of singleton bean 'org.springframework.boot.mongodb.autoconfigure.health.MongoHealthContributorAutoConfiguration'
2026-08-11 18:03:45 DEBUG o.s.b.f.s.DefaultListableBeanFactory - Autowiring by type from bean name 'mongoHealthContributor' via factory method to bean named 'org.springframework.beans.factory.support.DefaultListableBeanFactory@29182679'
2026-08-11 18:03:45 DEBUG o.s.b.f.s.DefaultListableBeanFactory - Creating shared instance of singleton bean 'groupsHealthContributorNameValidator'
2026-08-11 18:03:45 DEBUG o.s.b.f.s.DefaultListableBeanFactory - Creating shared instance of singleton bean 'healthEndpointGroups'
2026-08-11 18:03:45 DEBUG o.s.b.f.s.DefaultListableBeanFactory - Creating shared instance of singleton bean 'management.endpoint.health-org.springframework.boot.health.autoconfigure.actuate.endpoint.HealthEndpointProperties'
2026-08-11 18:03:45 DEBUG o.s.b.f.s.DefaultListableBeanFactory - Autowiring by type from bean name 'healthEndpointGroups' via factory method to bean named 'org.springframework.boot.web.server.servlet.context.AnnotationConfigServletWebServerApplicationContext@1a1d3c1a'
2026-08-11 18:03:45 DEBUG o.s.b.f.s.DefaultListableBeanFactory - Autowiring by type from bean name 'healthEndpointGroups' via factory method to bean named 'management.endpoint.health-org.springframework.boot.health.autoconfigure.actuate.endpoint.HealthEndpointProperties'
2026-08-11 18:03:45 DEBUG o.s.b.f.s.DefaultListableBeanFactory - Creating shared instance of singleton bean 'healthStatusAggregator'
2026-08-11 18:03:45 DEBUG o.s.b.f.s.DefaultListableBeanFactory - Autowiring by type from bean name 'healthStatusAggregator' via factory method to bean named 'management.endpoint.health-org.springframework.boot.health.autoconfigure.actuate.endpoint.HealthEndpointProperties'
2026-08-11 18:03:45 DEBUG o.s.b.f.s.DefaultListableBeanFactory - Creating shared instance of singleton bean 'healthHttpCodeStatusMapper'
2026-08-11 18:03:45 DEBUG o.s.b.f.s.DefaultListableBeanFactory - Autowiring by type from bean name 'healthHttpCodeStatusMapper' via factory method to bean named 'management.endpoint.health-org.springframework.boot.health.autoconfigure.actuate.endpoint.HealthEndpointProperties'
2026-08-11 18:03:45 DEBUG o.s.b.f.s.DefaultListableBeanFactory - Creating shared instance of singleton bean 'availabilityProbesHealthEndpointGroupsPostProcessor'
2026-08-11 18:03:45 DEBUG o.s.b.f.s.DefaultListableBeanFactory - Autowiring by type from bean name 'availabilityProbesHealthEndpointGroupsPostProcessor' via factory method to bean named 'environment'
2026-08-11 18:03:45 DEBUG o.s.b.f.s.DefaultListableBeanFactory - Autowiring by type from bean name 'healthContributorRegistry' via factory method to bean named 'livenessStateHealthIndicator'
2026-08-11 18:03:45 DEBUG o.s.b.f.s.DefaultListableBeanFactory - Autowiring by type from bean name 'healthContributorRegistry' via factory method to bean named 'readinessStateHealthIndicator'
2026-08-11 18:03:45 DEBUG o.s.b.f.s.DefaultListableBeanFactory - Autowiring by type from bean name 'healthContributorRegistry' via factory method to bean named 'diskSpaceHealthIndicator'
2026-08-11 18:03:45 DEBUG o.s.b.f.s.DefaultListableBeanFactory - Autowiring by type from bean name 'healthContributorRegistry' via factory method to bean named 'sslHealthIndicator'
2026-08-11 18:03:45 DEBUG o.s.b.f.s.DefaultListableBeanFactory - Autowiring by type from bean name 'healthContributorRegistry' via factory method to bean named 'pingHealthContributor'
2026-08-11 18:03:45 DEBUG o.s.b.f.s.DefaultListableBeanFactory - Autowiring by type from bean name 'healthContributorRegistry' via factory method to bean named 'mongoHealthContributor'
2026-08-11 18:03:45 DEBUG o.s.b.f.s.DefaultListableBeanFactory - Autowiring by type from bean name 'healthContributorRegistry' via factory method to bean named 'groupsHealthContributorNameValidator'
2026-08-11 18:03:45 DEBUG o.s.b.f.s.DefaultListableBeanFactory - Autowiring by type from bean name 'healthEndpoint' via factory method to bean named 'healthContributorRegistry'
2026-08-11 18:03:45 DEBUG o.s.b.f.s.DefaultListableBeanFactory - Autowiring by type from bean name 'healthEndpoint' via factory method to bean named 'healthEndpointGroups'
2026-08-11 18:03:45 DEBUG o.s.b.f.s.DefaultListableBeanFactory - Autowiring by type from bean name 'healthEndpoint' via factory method to bean named 'management.endpoint.health-org.springframework.boot.health.autoconfigure.actuate.endpoint.HealthEndpointProperties'
2026-08-11 18:03:45 DEBUG o.s.b.f.s.DefaultListableBeanFactory - Creating shared instance of singleton bean 'reactiveHealthContributorRegistry'
2026-08-11 18:03:45 DEBUG o.s.b.f.s.DefaultListableBeanFactory - Creating shared instance of singleton bean 'org.springframework.boot.health.autoconfigure.registry.HealthContributorRegistryAutoConfiguration$ReactiveHealthContributorRegistryConfiguration'
2026-08-11 18:03:45 DEBUG o.s.b.f.s.DefaultListableBeanFactory - Creating shared instance of singleton bean 'redisHealthContributor'
2026-08-11 18:03:45 DEBUG o.s.b.f.s.DefaultListableBeanFactory - Creating shared instance of singleton bean 'org.springframework.boot.data.redis.autoconfigure.health.DataRedisReactiveHealthContributorAutoConfiguration'
2026-08-11 18:03:45 DEBUG o.s.b.f.s.DefaultListableBeanFactory - Autowiring by type from bean name 'redisHealthContributor' via factory method to bean named 'org.springframework.beans.factory.support.DefaultListableBeanFactory@29182679'
2026-08-11 18:03:45 DEBUG o.s.b.f.s.DefaultListableBeanFactory - Autowiring by type from bean name 'reactiveHealthContributorRegistry' via factory method to bean named 'redisHealthContributor'
2026-08-11 18:03:45 DEBUG o.s.b.f.s.DefaultListableBeanFactory - Autowiring by type from bean name 'reactiveHealthContributorRegistry' via factory method to bean named 'groupsHealthContributorNameValidator'
2026-08-11 18:03:45 DEBUG o.s.b.f.s.DefaultListableBeanFactory - Creating shared instance of singleton bean 'environmentEndpoint'
2026-08-11 18:03:45 DEBUG o.s.b.f.s.DefaultListableBeanFactory - Creating shared instance of singleton bean 'org.springframework.boot.actuate.autoconfigure.env.EnvironmentEndpointAutoConfiguration'
2026-08-11 18:03:45 DEBUG o.s.b.f.s.DefaultListableBeanFactory - Creating shared instance of singleton bean 'management.endpoint.env-org.springframework.boot.actuate.autoconfigure.env.EnvironmentEndpointProperties'
2026-08-11 18:03:45 DEBUG o.s.b.f.s.DefaultListableBeanFactory - Autowiring by type from bean name 'environmentEndpoint' via factory method to bean named 'environment'
2026-08-11 18:03:45 DEBUG o.s.b.f.s.DefaultListableBeanFactory - Autowiring by type from bean name 'environmentEndpoint' via factory method to bean named 'management.endpoint.env-org.springframework.boot.actuate.autoconfigure.env.EnvironmentEndpointProperties'
2026-08-11 18:03:45 DEBUG o.s.b.f.s.DefaultListableBeanFactory - Creating shared instance of singleton bean 'infoEndpoint'
2026-08-11 18:03:45 DEBUG o.s.b.f.s.DefaultListableBeanFactory - Creating shared instance of singleton bean 'org.springframework.boot.actuate.autoconfigure.info.InfoEndpointAutoConfiguration'
2026-08-11 18:03:45 DEBUG o.s.b.f.s.DefaultListableBeanFactory - Creating shared instance of singleton bean 'loggersEndpoint'
2026-08-11 18:03:45 DEBUG o.s.b.f.s.DefaultListableBeanFactory - Creating shared instance of singleton bean 'org.springframework.boot.actuate.autoconfigure.logging.LoggersEndpointAutoConfiguration'
2026-08-11 18:03:45 DEBUG o.s.b.f.s.DefaultListableBeanFactory - Autowiring by type from bean name 'loggersEndpoint' via factory method to bean named 'springBootLoggingSystem'
2026-08-11 18:03:45 DEBUG o.s.b.f.s.DefaultListableBeanFactory - Creating shared instance of singleton bean 'dumpEndpoint'
2026-08-11 18:03:45 DEBUG o.s.b.f.s.DefaultListableBeanFactory - Creating shared instance of singleton bean 'org.springframework.boot.actuate.autoconfigure.management.ThreadDumpEndpointAutoConfiguration'
2026-08-11 18:03:45 DEBUG o.s.b.f.s.DefaultListableBeanFactory - Creating shared instance of singleton bean 'sbomEndpoint'
2026-08-11 18:03:45 DEBUG o.s.b.f.s.DefaultListableBeanFactory - Creating shared instance of singleton bean 'org.springframework.boot.actuate.autoconfigure.sbom.SbomEndpointAutoConfiguration'
2026-08-11 18:03:45 DEBUG o.s.b.f.s.DefaultListableBeanFactory - Creating shared instance of singleton bean 'management.endpoint.sbom-org.springframework.boot.actuate.sbom.SbomProperties'
2026-08-11 18:03:45 DEBUG o.s.b.f.s.DefaultListableBeanFactory - Autowiring by type from bean name 'org.springframework.boot.actuate.autoconfigure.sbom.SbomEndpointAutoConfiguration' via constructor to bean named 'management.endpoint.sbom-org.springframework.boot.actuate.sbom.SbomProperties'
2026-08-11 18:03:45 DEBUG o.s.b.f.s.DefaultListableBeanFactory - Autowiring by type from bean name 'sbomEndpoint' via factory method to bean named 'org.springframework.boot.web.server.servlet.context.AnnotationConfigServletWebServerApplicationContext@1a1d3c1a'
2026-08-11 18:03:45 DEBUG o.s.b.f.s.DefaultListableBeanFactory - Creating shared instance of singleton bean 'scheduledTasksEndpoint'
2026-08-11 18:03:45 DEBUG o.s.b.f.s.DefaultListableBeanFactory - Creating shared instance of singleton bean 'org.springframework.boot.actuate.autoconfigure.scheduling.ScheduledTasksEndpointAutoConfiguration'
2026-08-11 18:03:45 DEBUG o.s.b.f.s.DefaultListableBeanFactory - Creating shared instance of singleton bean 'mappingsEndpoint'
2026-08-11 18:03:45 DEBUG o.s.b.f.s.DefaultListableBeanFactory - Creating shared instance of singleton bean 'org.springframework.boot.actuate.autoconfigure.web.mappings.MappingsEndpointAutoConfiguration'
2026-08-11 18:03:45 DEBUG o.s.b.f.s.DefaultListableBeanFactory - Autowiring by type from bean name 'mappingsEndpoint' via factory method to bean named 'org.springframework.boot.web.server.servlet.context.AnnotationConfigServletWebServerApplicationContext@1a1d3c1a'
2026-08-11 18:03:45 DEBUG o.s.b.f.s.DefaultListableBeanFactory - Creating shared instance of singleton bean 'servletMappingDescriptionProvider'
2026-08-11 18:03:45 DEBUG o.s.b.f.s.DefaultListableBeanFactory - Creating shared instance of singleton bean 'org.springframework.boot.servlet.autoconfigure.actuate.web.mappings.ServletMappingsAutoConfiguration'
2026-08-11 18:03:45 DEBUG o.s.b.f.s.DefaultListableBeanFactory - Creating shared instance of singleton bean 'filterMappingDescriptionProvider'
2026-08-11 18:03:45 DEBUG o.s.b.f.s.DefaultListableBeanFactory - Creating shared instance of singleton bean 'dispatcherServletMappingDescriptionProvider'
2026-08-11 18:03:45 DEBUG o.s.b.f.s.DefaultListableBeanFactory - Creating shared instance of singleton bean 'org.springframework.boot.webmvc.autoconfigure.actuate.web.mappings.WebMvcMappingsAutoConfiguration'
2026-08-11 18:03:45 DEBUG o.s.b.f.s.DefaultListableBeanFactory - Creating shared instance of singleton bean 'metricsEndpoint'
2026-08-11 18:03:45 DEBUG o.s.b.f.s.DefaultListableBeanFactory - Creating shared instance of singleton bean 'org.springframework.boot.micrometer.metrics.autoconfigure.MetricsEndpointAutoConfiguration'
2026-08-11 18:03:45 DEBUG o.s.b.f.s.DefaultListableBeanFactory - Autowiring by type from bean name 'metricsEndpoint' via factory method to bean named 'simpleMeterRegistry'
2026-08-11 18:03:45 DEBUG o.s.b.f.s.DefaultListableBeanFactory - Creating shared instance of singleton bean 'eagerlyInitializeJmxEndpointExporter'
2026-08-11 18:03:45 DEBUG o.s.b.f.s.DefaultListableBeanFactory - Creating shared instance of singleton bean 'endpointMediaTypes'
2026-08-11 18:03:45 DEBUG o.s.b.f.s.DefaultListableBeanFactory - Creating shared instance of singleton bean 'webEndpointDiscoverer'
2026-08-11 18:03:45 DEBUG o.s.b.f.s.DefaultListableBeanFactory - Autowiring by type from bean name 'webEndpointDiscoverer' via factory method to bean named 'endpointOperationParameterMapper'
2026-08-11 18:03:45 DEBUG o.s.b.f.s.DefaultListableBeanFactory - Autowiring by type from bean name 'webEndpointDiscoverer' via factory method to bean named 'endpointMediaTypes'
2026-08-11 18:03:45 DEBUG o.s.b.f.s.DefaultListableBeanFactory - Creating shared instance of singleton bean 'webExposeExcludePropertyEndpointFilter'
2026-08-11 18:03:45 DEBUG o.s.b.f.s.DefaultListableBeanFactory - Creating shared instance of singleton bean 'webAccessPropertiesOperationFilter'
2026-08-11 18:03:45 DEBUG o.s.b.f.s.DefaultListableBeanFactory - Autowiring by type from bean name 'webAccessPropertiesOperationFilter' via factory method to bean named 'propertiesEndpointAccessResolver'
2026-08-11 18:03:45 DEBUG o.s.b.f.s.DefaultListableBeanFactory - Creating shared instance of singleton bean 'controllerEndpointDiscoverer'
2026-08-11 18:03:45 DEBUG o.s.b.f.s.DefaultListableBeanFactory - Creating shared instance of singleton bean 'controllerExposeExcludePropertyEndpointFilter'
2026-08-11 18:03:45 DEBUG o.s.b.f.s.DefaultListableBeanFactory - Creating shared instance of singleton bean 'pathMappedEndpoints'
2026-08-11 18:03:45 DEBUG o.s.b.f.s.DefaultListableBeanFactory - Autowiring by type from bean name 'pathMappedEndpoints' via factory method to bean named 'jmxAnnotationEndpointDiscoverer'
2026-08-11 18:03:45 DEBUG o.s.b.f.s.DefaultListableBeanFactory - Autowiring by type from bean name 'pathMappedEndpoints' via factory method to bean named 'servletEndpointDiscoverer'
2026-08-11 18:03:45 DEBUG o.s.b.f.s.DefaultListableBeanFactory - Autowiring by type from bean name 'pathMappedEndpoints' via factory method to bean named 'webEndpointDiscoverer'
2026-08-11 18:03:45 DEBUG o.s.b.f.s.DefaultListableBeanFactory - Autowiring by type from bean name 'pathMappedEndpoints' via factory method to bean named 'controllerEndpointDiscoverer'
2026-08-11 18:03:45 DEBUG o.s.b.f.s.DefaultListableBeanFactory - Creating shared instance of singleton bean 'healthEndpointWebExtension'
2026-08-11 18:03:45 DEBUG o.s.b.f.s.DefaultListableBeanFactory - Creating shared instance of singleton bean 'org.springframework.boot.health.autoconfigure.actuate.endpoint.HealthEndpointWebExtensionConfiguration'
2026-08-11 18:03:45 DEBUG o.s.b.f.s.DefaultListableBeanFactory - Autowiring by type from bean name 'healthEndpointWebExtension' via factory method to bean named 'healthContributorRegistry'
2026-08-11 18:03:45 DEBUG o.s.b.f.s.DefaultListableBeanFactory - Autowiring by type from bean name 'healthEndpointWebExtension' via factory method to bean named 'healthEndpointGroups'
2026-08-11 18:03:45 DEBUG o.s.b.f.s.DefaultListableBeanFactory - Autowiring by type from bean name 'healthEndpointWebExtension' via factory method to bean named 'management.endpoint.health-org.springframework.boot.health.autoconfigure.actuate.endpoint.HealthEndpointProperties'
2026-08-11 18:03:45 DEBUG o.s.b.f.s.DefaultListableBeanFactory - Creating shared instance of singleton bean 'org.springframework.boot.autoconfigure.info.ProjectInfoAutoConfiguration'
2026-08-11 18:03:45 DEBUG o.s.b.f.s.DefaultListableBeanFactory - Creating shared instance of singleton bean 'spring.info-org.springframework.boot.autoconfigure.info.ProjectInfoProperties'
2026-08-11 18:03:45 DEBUG o.s.b.f.s.DefaultListableBeanFactory - Autowiring by type from bean name 'org.springframework.boot.autoconfigure.info.ProjectInfoAutoConfiguration' via constructor to bean named 'spring.info-org.springframework.boot.autoconfigure.info.ProjectInfoProperties'
2026-08-11 18:03:45 DEBUG o.s.b.f.s.DefaultListableBeanFactory - Creating shared instance of singleton bean 'org.springframework.boot.actuate.autoconfigure.info.InfoContributorAutoConfiguration'
2026-08-11 18:03:45 DEBUG o.s.b.f.s.DefaultListableBeanFactory - Creating shared instance of singleton bean 'management.info-org.springframework.boot.actuate.autoconfigure.info.InfoContributorProperties'
2026-08-11 18:03:45 DEBUG o.s.b.f.s.DefaultListableBeanFactory - Creating shared instance of singleton bean 'org.springframework.boot.actuate.autoconfigure.logging.LogFileWebEndpointAutoConfiguration'
2026-08-11 18:03:45 DEBUG o.s.b.f.s.DefaultListableBeanFactory - Creating shared instance of singleton bean 'management.endpoint.logfile-org.springframework.boot.actuate.autoconfigure.logging.LogFileWebEndpointProperties'
2026-08-11 18:03:45 DEBUG o.s.b.f.s.DefaultListableBeanFactory - Creating shared instance of singleton bean 'org.springframework.boot.actuate.autoconfigure.web.exchanges.HttpExchangesEndpointAutoConfiguration'
2026-08-11 18:03:45 DEBUG o.s.b.f.s.DefaultListableBeanFactory - Creating shared instance of singleton bean 'org.springframework.boot.autoconfigure.aop.AopAutoConfiguration$ClassProxyingConfiguration'
2026-08-11 18:03:45 DEBUG o.s.b.f.s.DefaultListableBeanFactory - Creating shared instance of singleton bean 'org.springframework.boot.autoconfigure.aop.AopAutoConfiguration'
2026-08-11 18:03:45 DEBUG o.s.b.f.s.DefaultListableBeanFactory - Creating shared instance of singleton bean 'org.springframework.boot.autoconfigure.context.ConfigurationPropertiesAutoConfiguration'
2026-08-11 18:03:45 DEBUG o.s.b.f.s.DefaultListableBeanFactory - Creating shared instance of singleton bean 'org.springframework.boot.autoconfigure.context.LifecycleAutoConfiguration'
2026-08-11 18:03:45 DEBUG o.s.b.f.s.DefaultListableBeanFactory - Creating shared instance of singleton bean 'lifecycleProcessor'
2026-08-11 18:03:45 DEBUG o.s.b.f.s.DefaultListableBeanFactory - Creating shared instance of singleton bean 'spring.lifecycle-org.springframework.boot.autoconfigure.context.LifecycleProperties'
2026-08-11 18:03:45 DEBUG o.s.b.f.s.DefaultListableBeanFactory - Autowiring by type from bean name 'lifecycleProcessor' via factory method to bean named 'spring.lifecycle-org.springframework.boot.autoconfigure.context.LifecycleProperties'
2026-08-11 18:03:45 DEBUG o.s.b.f.s.DefaultListableBeanFactory - Creating shared instance of singleton bean 'org.springframework.boot.autoconfigure.task.TaskSchedulingConfigurations$ThreadPoolTaskSchedulerBuilderConfiguration'
2026-08-11 18:03:45 DEBUG o.s.b.f.s.DefaultListableBeanFactory - Creating shared instance of singleton bean 'threadPoolTaskSchedulerBuilder'
2026-08-11 18:03:45 DEBUG o.s.b.f.s.DefaultListableBeanFactory - Creating shared instance of singleton bean 'spring.task.scheduling-org.springframework.boot.autoconfigure.task.TaskSchedulingProperties'
2026-08-11 18:03:45 DEBUG o.s.b.f.s.DefaultListableBeanFactory - Autowiring by type from bean name 'threadPoolTaskSchedulerBuilder' via factory method to bean named 'spring.task.scheduling-org.springframework.boot.autoconfigure.task.TaskSchedulingProperties'
2026-08-11 18:03:45 DEBUG o.s.b.f.s.DefaultListableBeanFactory - Creating shared instance of singleton bean 'org.springframework.boot.autoconfigure.task.TaskSchedulingConfigurations$SimpleAsyncTaskSchedulerBuilderConfiguration'
2026-08-11 18:03:45 DEBUG o.s.b.f.s.DefaultListableBeanFactory - Autowiring by type from bean name 'org.springframework.boot.autoconfigure.task.TaskSchedulingConfigurations$SimpleAsyncTaskSchedulerBuilderConfiguration' via constructor to bean named 'spring.task.scheduling-org.springframework.boot.autoconfigure.task.TaskSchedulingProperties'
2026-08-11 18:03:45 DEBUG o.s.b.f.s.DefaultListableBeanFactory - Creating shared instance of singleton bean 'simpleAsyncTaskSchedulerBuilder'
2026-08-11 18:03:45 DEBUG o.s.b.f.s.DefaultListableBeanFactory - Creating shared instance of singleton bean 'org.springframework.boot.autoconfigure.task.TaskSchedulingAutoConfiguration'
2026-08-11 18:03:45 DEBUG o.s.b.f.s.DefaultListableBeanFactory - Creating shared instance of singleton bean 'meterRegistryCloser'
2026-08-11 18:03:45 DEBUG o.s.b.f.s.DefaultListableBeanFactory - Autowiring by type from bean name 'meterRegistryCloser' via factory method to bean named 'org.springframework.boot.web.server.servlet.context.AnnotationConfigServletWebServerApplicationContext@1a1d3c1a'
2026-08-11 18:03:45 DEBUG o.s.b.f.s.DefaultListableBeanFactory - Autowiring by type from bean name 'meterRegistryCloser' via factory method to bean named 'management.metrics-org.springframework.boot.micrometer.metrics.autoconfigure.MetricsProperties'
2026-08-11 18:03:45 DEBUG o.s.b.f.s.DefaultListableBeanFactory - Creating shared instance of singleton bean 'org.springframework.boot.micrometer.metrics.autoconfigure.CompositeMeterRegistryAutoConfiguration'
2026-08-11 18:03:45 DEBUG o.s.b.f.s.DefaultListableBeanFactory - Creating shared instance of singleton bean 'org.springframework.data.web.config.ProjectingArgumentResolverRegistrar'
2026-08-11 18:03:45 DEBUG o.s.b.f.s.DefaultListableBeanFactory - Creating shared instance of singleton bean 'offsetResolver'
2026-08-11 18:03:45 DEBUG o.s.b.f.s.DefaultListableBeanFactory - Creating shared instance of singleton bean 'org.springframework.data.web.config.SpringDataJacksonConfiguration'
2026-08-11 18:03:45 DEBUG o.s.b.f.s.DefaultListableBeanFactory - Creating shared instance of singleton bean 'jacksonGeoModule'
2026-08-11 18:03:45 DEBUG o.s.b.f.s.DefaultListableBeanFactory - Creating shared instance of singleton bean 'pageModule'
2026-08-11 18:03:45 DEBUG o.s.b.f.s.DefaultListableBeanFactory - Creating shared instance of singleton bean 'org.springframework.data.mongodb.config.GeoJsonConfiguration'
2026-08-11 18:03:45 DEBUG o.s.b.f.s.DefaultListableBeanFactory - Creating shared instance of singleton bean 'geoJsonModule'
2026-08-11 18:03:45 DEBUG o.s.b.f.s.DefaultListableBeanFactory - Creating shared instance of singleton bean 'org.springframework.boot.mongodb.autoconfigure.metrics.MongoMetricsAutoConfiguration'
2026-08-11 18:03:45 DEBUG o.s.b.f.s.DefaultListableBeanFactory - Creating shared instance of singleton bean 'gridFsTemplate'
2026-08-11 18:03:45 DEBUG o.s.b.f.s.DefaultListableBeanFactory - Autowiring by type from bean name 'gridFsTemplate' via factory method to bean named 'spring.data.mongodb-org.springframework.boot.data.mongodb.autoconfigure.DataMongoProperties'
2026-08-11 18:03:45 DEBUG o.s.b.f.s.DefaultListableBeanFactory - Autowiring by type from bean name 'gridFsTemplate' via factory method to bean named 'mongoDatabaseFactory'
2026-08-11 18:03:45 DEBUG o.s.b.f.s.DefaultListableBeanFactory - Autowiring by type from bean name 'gridFsTemplate' via factory method to bean named 'mongoTemplate'
2026-08-11 18:03:45 DEBUG o.s.b.f.s.DefaultListableBeanFactory - Creating shared instance of singleton bean 'org.springframework.boot.data.mongodb.autoconfigure.DataMongoAutoConfiguration'
2026-08-11 18:03:45 DEBUG o.s.b.f.s.DefaultListableBeanFactory - Creating shared instance of singleton bean 'org.springframework.boot.data.mongodb.autoconfigure.DataMongoRepositoriesAutoConfiguration'
2026-08-11 18:03:45 DEBUG o.s.b.f.s.DefaultListableBeanFactory - Creating shared instance of singleton bean 'data-mongo.repository-aot-processor#0'
2026-08-11 18:03:45 DEBUG o.s.b.f.s.DefaultListableBeanFactory - Creating shared instance of singleton bean 'spelValueExpressionResolver'
2026-08-11 18:03:45 DEBUG o.s.b.f.s.DefaultListableBeanFactory - Creating shared instance of singleton bean 'org.springframework.data.redis.config.internalRedisListenerEndpointRegistry'
2026-08-11 18:03:45 DEBUG o.s.b.f.s.DefaultListableBeanFactory - Creating shared instance of singleton bean 'org.springframework.boot.data.redis.autoconfigure.DataRedisAnnotationDrivenConfiguration$EnableRedisListenersConfiguration'
2026-08-11 18:03:45 DEBUG o.s.b.f.s.DefaultListableBeanFactory - Creating shared instance of singleton bean 'org.springframework.boot.data.redis.autoconfigure.DataRedisAnnotationDrivenConfiguration'
2026-08-11 18:03:45 DEBUG o.s.b.f.s.DefaultListableBeanFactory - Autowiring by type from bean name 'org.springframework.boot.data.redis.autoconfigure.DataRedisAnnotationDrivenConfiguration' via constructor to bean named 'spring.data.redis-org.springframework.boot.data.redis.autoconfigure.DataRedisProperties'
2026-08-11 18:03:45 DEBUG o.s.b.f.s.DefaultListableBeanFactory - Creating shared instance of singleton bean 'redisMessageListenerContainerConfigurer'
2026-08-11 18:03:45 DEBUG o.s.b.f.s.DefaultListableBeanFactory - Creating shared instance of singleton bean 'redisMessageListenerContainer'
2026-08-11 18:03:45 DEBUG o.s.b.f.s.DefaultListableBeanFactory - Autowiring by type from bean name 'redisMessageListenerContainer' via factory method to bean named 'redisMessageListenerContainerConfigurer'
2026-08-11 18:03:45 DEBUG o.s.b.f.s.DefaultListableBeanFactory - Autowiring by type from bean name 'redisMessageListenerContainer' via factory method to bean named 'redisConnectionFactory'
2026-08-11 18:03:45 DEBUG o.s.b.f.s.DefaultListableBeanFactory - Creating shared instance of singleton bean 'redisTemplate'
2026-08-11 18:03:45 DEBUG o.s.b.f.s.DefaultListableBeanFactory - Autowiring by type from bean name 'redisTemplate' via factory method to bean named 'redisConnectionFactory'
2026-08-11 18:03:45 DEBUG o.s.b.f.s.DefaultListableBeanFactory - Creating shared instance of singleton bean 'org.springframework.boot.data.redis.autoconfigure.DataRedisReactiveAutoConfiguration'
2026-08-11 18:03:45 DEBUG o.s.b.f.s.DefaultListableBeanFactory - Creating shared instance of singleton bean 'reactiveRedisTemplate'
2026-08-11 18:03:45 DEBUG o.s.b.f.s.DefaultListableBeanFactory - Autowiring by type from bean name 'reactiveRedisTemplate' via factory method to bean named 'redisConnectionFactory'
2026-08-11 18:03:45 DEBUG o.s.b.f.s.DefaultListableBeanFactory - Autowiring by type from bean name 'reactiveRedisTemplate' via factory method to bean named 'org.springframework.boot.web.server.servlet.context.AnnotationConfigServletWebServerApplicationContext@1a1d3c1a'
2026-08-11 18:03:45 DEBUG o.s.b.f.s.DefaultListableBeanFactory - Creating shared instance of singleton bean 'reactiveStringRedisTemplate'
2026-08-11 18:03:45 DEBUG o.s.b.f.s.DefaultListableBeanFactory - Autowiring by type from bean name 'reactiveStringRedisTemplate' via factory method to bean named 'redisConnectionFactory'
2026-08-11 18:03:45 DEBUG o.s.b.f.s.DefaultListableBeanFactory - Creating shared instance of singleton bean 'org.springframework.boot.data.redis.autoconfigure.DataRedisRepositoriesAutoConfiguration'
2026-08-11 18:03:45 DEBUG o.s.b.f.s.DefaultListableBeanFactory - Creating shared instance of singleton bean 'redisIndexConfiguration#0'
2026-08-11 18:03:45 DEBUG o.s.b.f.s.DefaultListableBeanFactory - Creating shared instance of singleton bean 'redisKeyspaceConfiguration#0'
2026-08-11 18:03:45 DEBUG o.s.b.f.s.DefaultListableBeanFactory - Creating shared instance of singleton bean 'redisMappingConfiguration#0'
2026-08-11 18:03:45 DEBUG o.s.b.f.s.DefaultListableBeanFactory - Creating shared instance of singleton bean 'keyValueMappingContext'
2026-08-11 18:03:45 DEBUG o.s.b.f.s.DefaultListableBeanFactory - Creating shared instance of singleton bean 'redisCustomConversions'
2026-08-11 18:03:45 DEBUG o.s.data.convert.CustomConversions - Adding converter from class java.lang.String to class [B as writing converter
2026-08-11 18:03:45 DEBUG o.s.data.convert.CustomConversions - Adding converter from class [B to class java.lang.String as reading converter
2026-08-11 18:03:45 DEBUG o.s.data.convert.CustomConversions - Adding converter from class java.lang.Number to class [B as writing converter
2026-08-11 18:03:45 DEBUG o.s.data.convert.CustomConversions - Adding converter from class [B to class java.lang.Number as reading converter
2026-08-11 18:03:45 DEBUG o.s.data.convert.CustomConversions - Adding converter from class java.lang.Enum to class [B as writing converter
2026-08-11 18:03:45 DEBUG o.s.data.convert.CustomConversions - Adding converter from class [B to class java.lang.Enum as reading converter
2026-08-11 18:03:45 DEBUG o.s.data.convert.CustomConversions - Adding converter from class java.lang.Boolean to class [B as writing converter
2026-08-11 18:03:45 DEBUG o.s.data.convert.CustomConversions - Adding converter from class [B to class java.lang.Boolean as reading converter
2026-08-11 18:03:45 DEBUG o.s.data.convert.CustomConversions - Adding converter from class java.util.Date to class [B as writing converter
2026-08-11 18:03:45 DEBUG o.s.data.convert.CustomConversions - Adding converter from class [B to class java.util.Date as reading converter
2026-08-11 18:03:45 DEBUG o.s.data.convert.CustomConversions - Adding converter from class java.util.UUID to class [B as writing converter
2026-08-11 18:03:45 DEBUG o.s.data.convert.CustomConversions - Adding converter from class [B to class java.util.UUID as reading converter
2026-08-11 18:03:45 DEBUG o.s.data.convert.CustomConversions - Adding converter from class java.time.LocalDateTime to class [B as reading converter
2026-08-11 18:03:45 DEBUG o.s.data.convert.CustomConversions - Adding converter from class [B to class java.time.LocalDateTime as reading converter
2026-08-11 18:03:45 DEBUG o.s.data.convert.CustomConversions - Adding converter from class java.time.LocalDate to class [B as reading converter
2026-08-11 18:03:45 DEBUG o.s.data.convert.CustomConversions - Adding converter from class [B to class java.time.LocalDate as reading converter
2026-08-11 18:03:45 DEBUG o.s.data.convert.CustomConversions - Adding converter from class java.time.LocalTime to class [B as reading converter
2026-08-11 18:03:45 DEBUG o.s.data.convert.CustomConversions - Adding converter from class [B to class java.time.LocalTime as reading converter
2026-08-11 18:03:45 DEBUG o.s.data.convert.CustomConversions - Adding converter from class java.time.ZonedDateTime to class [B as reading converter
2026-08-11 18:03:45 DEBUG o.s.data.convert.CustomConversions - Adding converter from class [B to class java.time.ZonedDateTime as reading converter
2026-08-11 18:03:45 DEBUG o.s.data.convert.CustomConversions - Adding converter from class java.time.Instant to class [B as reading converter
2026-08-11 18:03:45 DEBUG o.s.data.convert.CustomConversions - Adding converter from class [B to class java.time.Instant as reading converter
2026-08-11 18:03:45 DEBUG o.s.data.convert.CustomConversions - Adding converter from class java.time.ZoneId to class [B as reading converter
2026-08-11 18:03:45 DEBUG o.s.data.convert.CustomConversions - Adding converter from class [B to class java.time.ZoneId as reading converter
2026-08-11 18:03:45 DEBUG o.s.data.convert.CustomConversions - Adding converter from class java.time.Period to class [B as reading converter
2026-08-11 18:03:45 DEBUG o.s.data.convert.CustomConversions - Adding converter from class [B to class java.time.Period as reading converter
2026-08-11 18:03:45 DEBUG o.s.data.convert.CustomConversions - Adding converter from class java.time.Duration to class [B as reading converter
2026-08-11 18:03:45 DEBUG o.s.data.convert.CustomConversions - Adding converter from class [B to class java.time.Duration as reading converter
2026-08-11 18:03:45 DEBUG o.s.data.convert.CustomConversions - Adding converter from class java.time.OffsetDateTime to class [B as reading converter
2026-08-11 18:03:45 DEBUG o.s.data.convert.CustomConversions - Adding converter from class [B to class java.time.OffsetDateTime as reading converter
2026-08-11 18:03:45 DEBUG o.s.data.convert.CustomConversions - Adding converter from class java.time.OffsetTime to class [B as reading converter
2026-08-11 18:03:45 DEBUG o.s.data.convert.CustomConversions - Adding converter from class [B to class java.time.OffsetTime as reading converter
2026-08-11 18:03:45 DEBUG o.s.data.convert.CustomConversions - Adding converter from class java.util.Date to class java.time.LocalDateTime as reading converter
2026-08-11 18:03:45 DEBUG o.s.data.convert.CustomConversions - Adding converter from class java.time.LocalDateTime to class java.util.Date as writing converter
2026-08-11 18:03:45 DEBUG o.s.data.convert.CustomConversions - Adding converter from class java.util.Date to class java.time.LocalDate as reading converter
2026-08-11 18:03:45 DEBUG o.s.data.convert.CustomConversions - Adding converter from class java.time.LocalDate to class java.util.Date as writing converter
2026-08-11 18:03:45 DEBUG o.s.data.convert.CustomConversions - Adding converter from class java.util.Date to class java.time.LocalTime as reading converter
2026-08-11 18:03:45 DEBUG o.s.data.convert.CustomConversions - Adding converter from class java.time.LocalTime to class java.util.Date as writing converter
2026-08-11 18:03:45 DEBUG o.s.data.convert.CustomConversions - Adding converter from class java.util.Date to class java.time.Instant as reading converter
2026-08-11 18:03:45 DEBUG o.s.data.convert.CustomConversions - Adding converter from class java.time.Instant to class java.util.Date as writing converter
2026-08-11 18:03:45 DEBUG o.s.data.convert.CustomConversions - Adding converter from class java.time.LocalDateTime to class java.time.Instant as reading converter
2026-08-11 18:03:45 DEBUG o.s.data.convert.CustomConversions - Adding converter from class java.time.Instant to class java.time.LocalDateTime as reading converter
2026-08-11 18:03:45 DEBUG o.s.data.convert.CustomConversions - Adding converter from class java.time.ZoneId to class java.lang.String as writing converter
2026-08-11 18:03:45 DEBUG o.s.data.convert.CustomConversions - Adding converter from class java.lang.String to class java.time.ZoneId as reading converter
2026-08-11 18:03:45 DEBUG o.s.data.convert.CustomConversions - Adding converter from class java.time.Duration to class java.lang.String as writing converter
2026-08-11 18:03:45 DEBUG o.s.data.convert.CustomConversions - Adding converter from class java.lang.String to class java.time.Duration as reading converter
2026-08-11 18:03:45 DEBUG o.s.data.convert.CustomConversions - Adding converter from class java.time.Period to class java.lang.String as writing converter
2026-08-11 18:03:45 DEBUG o.s.data.convert.CustomConversions - Adding converter from class java.lang.String to class java.time.Period as reading converter
2026-08-11 18:03:45 DEBUG o.s.data.convert.CustomConversions - Adding converter from class java.lang.String to class java.time.LocalDate as reading converter
2026-08-11 18:03:45 DEBUG o.s.data.convert.CustomConversions - Adding converter from class java.lang.String to class java.time.LocalDateTime as reading converter
2026-08-11 18:03:45 DEBUG o.s.data.convert.CustomConversions - Adding converter from class java.lang.String to class java.time.Instant as reading converter
2026-08-11 18:03:45 DEBUG o.s.b.f.s.DefaultListableBeanFactory - Creating shared instance of singleton bean 'redisReferenceResolver'
2026-08-11 18:03:45 DEBUG o.s.b.f.s.DefaultListableBeanFactory - Creating shared instance of singleton bean 'redisConverter'
2026-08-11 18:03:45 DEBUG o.s.data.convert.CustomConversions - Adding converter from class java.lang.String to class [B as writing converter
2026-08-11 18:03:45 DEBUG o.s.data.convert.CustomConversions - Adding converter from class [B to class java.lang.String as reading converter
2026-08-11 18:03:45 DEBUG o.s.data.convert.CustomConversions - Adding converter from class java.lang.Number to class [B as writing converter
2026-08-11 18:03:45 DEBUG o.s.data.convert.CustomConversions - Adding converter from class [B to class java.lang.Number as reading converter
2026-08-11 18:03:45 DEBUG o.s.data.convert.CustomConversions - Adding converter from class java.lang.Enum to class [B as writing converter
2026-08-11 18:03:45 DEBUG o.s.data.convert.CustomConversions - Adding converter from class [B to class java.lang.Enum as reading converter
2026-08-11 18:03:45 DEBUG o.s.data.convert.CustomConversions - Adding converter from class java.lang.Boolean to class [B as writing converter
2026-08-11 18:03:45 DEBUG o.s.data.convert.CustomConversions - Adding converter from class [B to class java.lang.Boolean as reading converter
2026-08-11 18:03:45 DEBUG o.s.data.convert.CustomConversions - Adding converter from class java.util.Date to class [B as writing converter
2026-08-11 18:03:45 DEBUG o.s.data.convert.CustomConversions - Adding converter from class [B to class java.util.Date as reading converter
2026-08-11 18:03:45 DEBUG o.s.data.convert.CustomConversions - Adding converter from class java.util.UUID to class [B as writing converter
2026-08-11 18:03:45 DEBUG o.s.data.convert.CustomConversions - Adding converter from class [B to class java.util.UUID as reading converter
2026-08-11 18:03:45 DEBUG o.s.data.convert.CustomConversions - Adding converter from class java.time.LocalDateTime to class [B as reading converter
2026-08-11 18:03:45 DEBUG o.s.data.convert.CustomConversions - Adding converter from class [B to class java.time.LocalDateTime as reading converter
2026-08-11 18:03:45 DEBUG o.s.data.convert.CustomConversions - Adding converter from class java.time.LocalDate to class [B as reading converter
2026-08-11 18:03:45 DEBUG o.s.data.convert.CustomConversions - Adding converter from class [B to class java.time.LocalDate as reading converter
2026-08-11 18:03:45 DEBUG o.s.data.convert.CustomConversions - Adding converter from class java.time.LocalTime to class [B as reading converter
2026-08-11 18:03:45 DEBUG o.s.data.convert.CustomConversions - Adding converter from class [B to class java.time.LocalTime as reading converter
2026-08-11 18:03:45 DEBUG o.s.data.convert.CustomConversions - Adding converter from class java.time.ZonedDateTime to class [B as reading converter
2026-08-11 18:03:45 DEBUG o.s.data.convert.CustomConversions - Adding converter from class [B to class java.time.ZonedDateTime as reading converter
2026-08-11 18:03:45 DEBUG o.s.data.convert.CustomConversions - Adding converter from class java.time.Instant to class [B as reading converter
2026-08-11 18:03:45 DEBUG o.s.data.convert.CustomConversions - Adding converter from class [B to class java.time.Instant as reading converter
2026-08-11 18:03:45 DEBUG o.s.data.convert.CustomConversions - Adding converter from class java.time.ZoneId to class [B as reading converter
2026-08-11 18:03:45 DEBUG o.s.data.convert.CustomConversions - Adding converter from class [B to class java.time.ZoneId as reading converter
2026-08-11 18:03:45 DEBUG o.s.data.convert.CustomConversions - Adding converter from class java.time.Period to class [B as reading converter
2026-08-11 18:03:45 DEBUG o.s.data.convert.CustomConversions - Adding converter from class [B to class java.time.Period as reading converter
2026-08-11 18:03:45 DEBUG o.s.data.convert.CustomConversions - Adding converter from class java.time.Duration to class [B as reading converter
2026-08-11 18:03:45 DEBUG o.s.data.convert.CustomConversions - Adding converter from class [B to class java.time.Duration as reading converter
2026-08-11 18:03:45 DEBUG o.s.data.convert.CustomConversions - Adding converter from class java.time.OffsetDateTime to class [B as reading converter
2026-08-11 18:03:45 DEBUG o.s.data.convert.CustomConversions - Adding converter from class [B to class java.time.OffsetDateTime as reading converter
2026-08-11 18:03:45 DEBUG o.s.data.convert.CustomConversions - Adding converter from class java.time.OffsetTime to class [B as reading converter
2026-08-11 18:03:45 DEBUG o.s.data.convert.CustomConversions - Adding converter from class [B to class java.time.OffsetTime as reading converter
2026-08-11 18:03:45 DEBUG o.s.data.convert.CustomConversions - Adding converter from class java.util.Date to class java.time.LocalDateTime as reading converter
2026-08-11 18:03:45 DEBUG o.s.data.convert.CustomConversions - Adding converter from class java.time.LocalDateTime to class java.util.Date as writing converter
2026-08-11 18:03:45 DEBUG o.s.data.convert.CustomConversions - Adding converter from class java.util.Date to class java.time.LocalDate as reading converter
2026-08-11 18:03:45 DEBUG o.s.data.convert.CustomConversions - Adding converter from class java.time.LocalDate to class java.util.Date as writing converter
2026-08-11 18:03:45 DEBUG o.s.data.convert.CustomConversions - Adding converter from class java.util.Date to class java.time.LocalTime as reading converter
2026-08-11 18:03:45 DEBUG o.s.data.convert.CustomConversions - Adding converter from class java.time.LocalTime to class java.util.Date as writing converter
2026-08-11 18:03:45 DEBUG o.s.data.convert.CustomConversions - Adding converter from class java.util.Date to class java.time.Instant as reading converter
2026-08-11 18:03:45 DEBUG o.s.data.convert.CustomConversions - Adding converter from class java.time.Instant to class java.util.Date as writing converter
2026-08-11 18:03:45 DEBUG o.s.data.convert.CustomConversions - Adding converter from class java.time.LocalDateTime to class java.time.Instant as reading converter
2026-08-11 18:03:45 DEBUG o.s.data.convert.CustomConversions - Adding converter from class java.time.Instant to class java.time.LocalDateTime as reading converter
2026-08-11 18:03:45 DEBUG o.s.data.convert.CustomConversions - Adding converter from class java.time.ZoneId to class java.lang.String as writing converter
2026-08-11 18:03:45 DEBUG o.s.data.convert.CustomConversions - Adding converter from class java.lang.String to class java.time.ZoneId as reading converter
2026-08-11 18:03:45 DEBUG o.s.data.convert.CustomConversions - Adding converter from class java.time.Duration to class java.lang.String as writing converter
2026-08-11 18:03:45 DEBUG o.s.data.convert.CustomConversions - Adding converter from class java.lang.String to class java.time.Duration as reading converter
2026-08-11 18:03:45 DEBUG o.s.data.convert.CustomConversions - Adding converter from class java.time.Period to class java.lang.String as writing converter
2026-08-11 18:03:45 DEBUG o.s.data.convert.CustomConversions - Adding converter from class java.lang.String to class java.time.Period as reading converter
2026-08-11 18:03:45 DEBUG o.s.data.convert.CustomConversions - Adding converter from class java.lang.String to class java.time.LocalDate as reading converter
2026-08-11 18:03:45 DEBUG o.s.data.convert.CustomConversions - Adding converter from class java.lang.String to class java.time.LocalDateTime as reading converter
2026-08-11 18:03:45 DEBUG o.s.data.convert.CustomConversions - Adding converter from class java.lang.String to class java.time.Instant as reading converter
2026-08-11 18:03:45 DEBUG o.s.data.convert.CustomConversions - Adding converter from class java.lang.String to class [B as writing converter
2026-08-11 18:03:45 DEBUG o.s.data.convert.CustomConversions - Adding converter from class [B to class java.lang.String as reading converter
2026-08-11 18:03:45 DEBUG o.s.data.convert.CustomConversions - Adding converter from class java.lang.Number to class [B as writing converter
2026-08-11 18:03:45 DEBUG o.s.data.convert.CustomConversions - Adding converter from class [B to class java.lang.Number as reading converter
2026-08-11 18:03:45 DEBUG o.s.data.convert.CustomConversions - Adding converter from class java.lang.Enum to class [B as writing converter
2026-08-11 18:03:45 DEBUG o.s.data.convert.CustomConversions - Adding converter from class [B to class java.lang.Enum as reading converter
2026-08-11 18:03:45 DEBUG o.s.data.convert.CustomConversions - Adding converter from class java.lang.Boolean to class [B as writing converter
2026-08-11 18:03:45 DEBUG o.s.data.convert.CustomConversions - Adding converter from class [B to class java.lang.Boolean as reading converter
2026-08-11 18:03:45 DEBUG o.s.data.convert.CustomConversions - Adding converter from class java.util.Date to class [B as writing converter
2026-08-11 18:03:45 DEBUG o.s.data.convert.CustomConversions - Adding converter from class [B to class java.util.Date as reading converter
2026-08-11 18:03:45 DEBUG o.s.data.convert.CustomConversions - Adding converter from class java.util.UUID to class [B as writing converter
2026-08-11 18:03:45 DEBUG o.s.data.convert.CustomConversions - Adding converter from class [B to class java.util.UUID as reading converter
2026-08-11 18:03:45 DEBUG o.s.data.convert.CustomConversions - Adding converter from class java.time.LocalDateTime to class [B as reading converter
2026-08-11 18:03:45 DEBUG o.s.data.convert.CustomConversions - Adding converter from class [B to class java.time.LocalDateTime as reading converter
2026-08-11 18:03:45 DEBUG o.s.data.convert.CustomConversions - Adding converter from class java.time.LocalDate to class [B as reading converter
2026-08-11 18:03:45 DEBUG o.s.data.convert.CustomConversions - Adding converter from class [B to class java.time.LocalDate as reading converter
2026-08-11 18:03:45 DEBUG o.s.data.convert.CustomConversions - Adding converter from class java.time.LocalTime to class [B as reading converter
2026-08-11 18:03:45 DEBUG o.s.data.convert.CustomConversions - Adding converter from class [B to class java.time.LocalTime as reading converter
2026-08-11 18:03:45 DEBUG o.s.data.convert.CustomConversions - Adding converter from class java.time.ZonedDateTime to class [B as reading converter
2026-08-11 18:03:45 DEBUG o.s.data.convert.CustomConversions - Adding converter from class [B to class java.time.ZonedDateTime as reading converter
2026-08-11 18:03:45 DEBUG o.s.data.convert.CustomConversions - Adding converter from class java.time.Instant to class [B as reading converter
2026-08-11 18:03:45 DEBUG o.s.data.convert.CustomConversions - Adding converter from class [B to class java.time.Instant as reading converter
2026-08-11 18:03:45 DEBUG o.s.data.convert.CustomConversions - Adding converter from class java.time.ZoneId to class [B as reading converter
2026-08-11 18:03:45 DEBUG o.s.data.convert.CustomConversions - Adding converter from class [B to class java.time.ZoneId as reading converter
2026-08-11 18:03:45 DEBUG o.s.data.convert.CustomConversions - Adding converter from class java.time.Period to class [B as reading converter
2026-08-11 18:03:45 DEBUG o.s.data.convert.CustomConversions - Adding converter from class [B to class java.time.Period as reading converter
2026-08-11 18:03:45 DEBUG o.s.data.convert.CustomConversions - Adding converter from class java.time.Duration to class [B as reading converter
2026-08-11 18:03:45 DEBUG o.s.data.convert.CustomConversions - Adding converter from class [B to class java.time.Duration as reading converter
2026-08-11 18:03:45 DEBUG o.s.data.convert.CustomConversions - Adding converter from class java.time.OffsetDateTime to class [B as reading converter
2026-08-11 18:03:45 DEBUG o.s.data.convert.CustomConversions - Adding converter from class [B to class java.time.OffsetDateTime as reading converter
2026-08-11 18:03:45 DEBUG o.s.data.convert.CustomConversions - Adding converter from class java.time.OffsetTime to class [B as reading converter
2026-08-11 18:03:45 DEBUG o.s.data.convert.CustomConversions - Adding converter from class [B to class java.time.OffsetTime as reading converter
2026-08-11 18:03:45 DEBUG o.s.data.convert.CustomConversions - Adding converter from class java.util.Date to class java.time.LocalDateTime as reading converter
2026-08-11 18:03:45 DEBUG o.s.data.convert.CustomConversions - Adding converter from class java.time.LocalDateTime to class java.util.Date as writing converter
2026-08-11 18:03:45 DEBUG o.s.data.convert.CustomConversions - Adding converter from class java.util.Date to class java.time.LocalDate as reading converter
2026-08-11 18:03:45 DEBUG o.s.data.convert.CustomConversions - Adding converter from class java.time.LocalDate to class java.util.Date as writing converter
2026-08-11 18:03:45 DEBUG o.s.data.convert.CustomConversions - Adding converter from class java.util.Date to class java.time.LocalTime as reading converter
2026-08-11 18:03:45 DEBUG o.s.data.convert.CustomConversions - Adding converter from class java.time.LocalTime to class java.util.Date as writing converter
2026-08-11 18:03:45 DEBUG o.s.data.convert.CustomConversions - Adding converter from class java.util.Date to class java.time.Instant as reading converter
2026-08-11 18:03:45 DEBUG o.s.data.convert.CustomConversions - Adding converter from class java.time.Instant to class java.util.Date as writing converter
2026-08-11 18:03:45 DEBUG o.s.data.convert.CustomConversions - Adding converter from class java.time.LocalDateTime to class java.time.Instant as reading converter
2026-08-11 18:03:45 DEBUG o.s.data.convert.CustomConversions - Adding converter from class java.time.Instant to class java.time.LocalDateTime as reading converter
2026-08-11 18:03:45 DEBUG o.s.data.convert.CustomConversions - Adding converter from class java.time.ZoneId to class java.lang.String as writing converter
2026-08-11 18:03:45 DEBUG o.s.data.convert.CustomConversions - Adding converter from class java.lang.String to class java.time.ZoneId as reading converter
2026-08-11 18:03:45 DEBUG o.s.data.convert.CustomConversions - Adding converter from class java.time.Duration to class java.lang.String as writing converter
2026-08-11 18:03:45 DEBUG o.s.data.convert.CustomConversions - Adding converter from class java.lang.String to class java.time.Duration as reading converter
2026-08-11 18:03:45 DEBUG o.s.data.convert.CustomConversions - Adding converter from class java.time.Period to class java.lang.String as writing converter
2026-08-11 18:03:45 DEBUG o.s.data.convert.CustomConversions - Adding converter from class java.lang.String to class java.time.Period as reading converter
2026-08-11 18:03:45 DEBUG o.s.data.convert.CustomConversions - Adding converter from class java.lang.String to class java.time.LocalDate as reading converter
2026-08-11 18:03:45 DEBUG o.s.data.convert.CustomConversions - Adding converter from class java.lang.String to class java.time.LocalDateTime as reading converter
2026-08-11 18:03:45 DEBUG o.s.data.convert.CustomConversions - Adding converter from class java.lang.String to class java.time.Instant as reading converter
2026-08-11 18:03:45 DEBUG o.s.b.f.s.DefaultListableBeanFactory - Creating shared instance of singleton bean 'redisKeyValueAdapter'
2026-08-11 18:03:45 DEBUG o.s.b.f.s.DefaultListableBeanFactory - Creating shared instance of singleton bean 'redisKeyValueTemplate'
2026-08-11 18:03:45 DEBUG o.s.b.f.s.DefaultListableBeanFactory - Creating shared instance of singleton bean 'data-redis.repository-aot-processor#0'
2026-08-11 18:03:45 DEBUG o.s.b.f.s.DefaultListableBeanFactory - Creating shared instance of singleton bean 'org.springframework.boot.data.redis.autoconfigure.health.DataRedisHealthContributorAutoConfiguration'
2026-08-11 18:03:45 DEBUG o.s.b.f.s.DefaultListableBeanFactory - Creating shared instance of singleton bean 'org.springframework.boot.health.autoconfigure.application.AvailabilityHealthContributorAutoConfiguration'
2026-08-11 18:03:45 DEBUG o.s.b.f.s.DefaultListableBeanFactory - Creating shared instance of singleton bean 'healthEndpointGroupMembershipValidator'
2026-08-11 18:03:45 DEBUG o.s.b.f.s.DefaultListableBeanFactory - Autowiring by type from bean name 'healthEndpointGroupMembershipValidator' via factory method to bean named 'management.endpoint.health-org.springframework.boot.health.autoconfigure.actuate.endpoint.HealthEndpointProperties'
2026-08-11 18:03:45 DEBUG o.s.b.f.s.DefaultListableBeanFactory - Autowiring by type from bean name 'healthEndpointGroupMembershipValidator' via factory method to bean named 'healthContributorRegistry'
2026-08-11 18:03:45 DEBUG o.s.b.f.s.DefaultListableBeanFactory - Creating shared instance of singleton bean 'org.springframework.boot.health.autoconfigure.actuate.endpoint.HealthEndpointAutoConfiguration'
2026-08-11 18:03:45 DEBUG o.s.b.f.s.DefaultListableBeanFactory - Creating shared instance of singleton bean 'org.springframework.boot.http.converter.autoconfigure.JacksonHttpMessageConvertersConfiguration'
2026-08-11 18:03:45 DEBUG o.s.b.f.s.DefaultListableBeanFactory - Creating shared instance of singleton bean 'org.springframework.boot.http.converter.autoconfigure.Jackson2HttpMessageConvertersConfiguration'
2026-08-11 18:03:45 DEBUG o.s.b.f.s.DefaultListableBeanFactory - Creating shared instance of singleton bean 'clientConvertersCustomizer'
2026-08-11 18:03:45 DEBUG o.s.b.f.s.DefaultListableBeanFactory - Creating shared instance of singleton bean 'org.springframework.boot.kafka.autoconfigure.metrics.KafkaMetricsAutoConfiguration$KafkaStreamsMetricsConfiguration'
2026-08-11 18:03:45 DEBUG o.s.b.f.s.DefaultListableBeanFactory - Creating shared instance of singleton bean 'kafkaStreamsMetrics'
2026-08-11 18:03:45 DEBUG o.s.b.f.s.DefaultListableBeanFactory - Autowiring by type from bean name 'kafkaStreamsMetrics' via factory method to bean named 'simpleMeterRegistry'
2026-08-11 18:03:45 DEBUG o.s.b.f.s.DefaultListableBeanFactory - Creating shared instance of singleton bean 'kafkaConsumerMetrics'
2026-08-11 18:03:45 DEBUG o.s.b.f.s.DefaultListableBeanFactory - Autowiring by type from bean name 'kafkaConsumerMetrics' via factory method to bean named 'simpleMeterRegistry'
2026-08-11 18:03:45 DEBUG o.s.b.f.s.DefaultListableBeanFactory - Creating shared instance of singleton bean 'org.springframework.boot.kafka.autoconfigure.KafkaAnnotationDrivenConfiguration$EnableKafkaConfiguration'
2026-08-11 18:03:45 DEBUG o.s.b.f.s.DefaultListableBeanFactory - Creating shared instance of singleton bean 'org.springframework.kafka.config.internalKafkaListenerEndpointRegistry'
2026-08-11 18:03:45 DEBUG o.s.b.f.s.DefaultListableBeanFactory - Creating shared instance of singleton bean 'org.springframework.boot.kafka.autoconfigure.KafkaAnnotationDrivenConfiguration'
2026-08-11 18:03:45 DEBUG o.s.b.f.s.DefaultListableBeanFactory - Autowiring by type from bean name 'org.springframework.boot.kafka.autoconfigure.KafkaAnnotationDrivenConfiguration' via constructor to bean named 'spring.kafka-org.springframework.boot.kafka.autoconfigure.KafkaProperties'
2026-08-11 18:03:45 DEBUG o.s.b.f.s.DefaultListableBeanFactory - Creating shared instance of singleton bean 'kafkaListenerContainerFactoryConfigurer'
2026-08-11 18:03:45 DEBUG o.s.b.f.s.DefaultListableBeanFactory - Creating shared instance of singleton bean 'kafkaListenerContainerFactory'
2026-08-11 18:03:45 DEBUG o.s.b.f.s.DefaultListableBeanFactory - Autowiring by type from bean name 'kafkaListenerContainerFactory' via factory method to bean named 'kafkaListenerContainerFactoryConfigurer'
2026-08-11 18:03:45 DEBUG o.s.b.f.s.DefaultListableBeanFactory - Creating shared instance of singleton bean 'kafkaConsumerFactory'
2026-08-11 18:03:45 DEBUG o.s.b.f.s.DefaultListableBeanFactory - Autowiring by type from bean name 'kafkaConsumerFactory' via factory method to bean named 'kafkaConnectionDetails'
2026-08-11 18:03:45 DEBUG o.s.b.f.s.DefaultListableBeanFactory - Creating shared instance of singleton bean 'kafkaAdmin'
2026-08-11 18:03:45 DEBUG o.s.b.f.s.DefaultListableBeanFactory - Autowiring by type from bean name 'kafkaAdmin' via factory method to bean named 'kafkaConnectionDetails'
2026-08-11 18:03:45 DEBUG o.s.b.f.s.DefaultListableBeanFactory - Creating shared instance of singleton bean 'org.springframework.boot.micrometer.metrics.autoconfigure.jvm.JvmMetricsAutoConfiguration'
2026-08-11 18:03:45 DEBUG o.s.b.f.s.DefaultListableBeanFactory - Creating shared instance of singleton bean 'jvmGcMetrics'
2026-08-11 18:03:45 DEBUG o.s.b.f.s.DefaultListableBeanFactory - Creating shared instance of singleton bean 'jvmHeapPressureMetrics'
2026-08-11 18:03:45 DEBUG o.s.b.f.s.DefaultListableBeanFactory - Creating shared instance of singleton bean 'jvmMemoryMetrics'
2026-08-11 18:03:45 DEBUG o.s.b.f.s.DefaultListableBeanFactory - Creating shared instance of singleton bean 'jvmThreadMetrics'
2026-08-11 18:03:45 DEBUG o.s.b.f.s.DefaultListableBeanFactory - Creating shared instance of singleton bean 'classLoaderMetrics'
2026-08-11 18:03:45 DEBUG o.s.b.f.s.DefaultListableBeanFactory - Creating shared instance of singleton bean 'jvmInfoMetrics'
2026-08-11 18:03:45 DEBUG o.s.b.f.s.DefaultListableBeanFactory - Creating shared instance of singleton bean 'jvmCompilationMetrics'
2026-08-11 18:03:45 DEBUG o.s.b.f.s.DefaultListableBeanFactory - Creating shared instance of singleton bean 'org.springframework.boot.micrometer.metrics.autoconfigure.logging.logback.LogbackMetricsAutoConfiguration'
2026-08-11 18:03:45 DEBUG o.s.b.f.s.DefaultListableBeanFactory - Creating shared instance of singleton bean 'logbackMetrics'
2026-08-11 18:03:45 DEBUG o.s.b.f.s.DefaultListableBeanFactory - Creating shared instance of singleton bean 'org.springframework.boot.micrometer.metrics.autoconfigure.ssl.SslMetricsAutoConfiguration'
2026-08-11 18:03:45 DEBUG o.s.b.f.s.DefaultListableBeanFactory - Creating shared instance of singleton bean 'sslMeterBinder'
2026-08-11 18:03:45 DEBUG o.s.b.f.s.DefaultListableBeanFactory - Autowiring by type from bean name 'sslMeterBinder' via factory method to bean named 'sslBundleRegistry'
2026-08-11 18:03:45 DEBUG o.s.b.f.s.DefaultListableBeanFactory - Creating shared instance of singleton bean 'org.springframework.boot.micrometer.metrics.autoconfigure.system.SystemMetricsAutoConfiguration'
2026-08-11 18:03:45 DEBUG o.s.b.f.s.DefaultListableBeanFactory - Creating shared instance of singleton bean 'uptimeMetrics'
2026-08-11 18:03:45 DEBUG o.s.b.f.s.DefaultListableBeanFactory - Creating shared instance of singleton bean 'processorMetrics'
2026-08-11 18:03:45 DEBUG o.s.b.f.s.DefaultListableBeanFactory - Creating shared instance of singleton bean 'fileDescriptorMetrics'
2026-08-11 18:03:45 DEBUG o.s.b.f.s.DefaultListableBeanFactory - Creating shared instance of singleton bean 'diskSpaceMetrics'
2026-08-11 18:03:45 DEBUG o.s.b.f.s.DefaultListableBeanFactory - Autowiring by type from bean name 'diskSpaceMetrics' via factory method to bean named 'management.metrics-org.springframework.boot.micrometer.metrics.autoconfigure.MetricsProperties'
2026-08-11 18:03:45 DEBUG o.s.b.f.s.DefaultListableBeanFactory - Creating shared instance of singleton bean 'org.springframework.boot.micrometer.metrics.autoconfigure.task.TaskExecutorMetricsAutoConfiguration'
2026-08-11 18:03:45 DEBUG o.s.b.f.s.DefaultListableBeanFactory - Creating shared instance of singleton bean 'eagerTaskExecutorMetrics'
2026-08-11 18:03:45 DEBUG o.s.b.f.s.DefaultListableBeanFactory - Creating shared instance of singleton bean 'org.springframework.boot.micrometer.observation.autoconfigure.ScheduledTasksObservationAutoConfiguration'
2026-08-11 18:03:45 DEBUG o.s.b.f.s.DefaultListableBeanFactory - Creating shared instance of singleton bean 'observabilitySchedulingConfigurer'
2026-08-11 18:03:45 DEBUG o.s.b.f.s.DefaultListableBeanFactory - Autowiring by type from bean name 'observabilitySchedulingConfigurer' via factory method to bean named 'observationRegistry'
2026-08-11 18:03:45 DEBUG o.s.b.f.s.DefaultListableBeanFactory - Creating shared instance of singleton bean 'org.springframework.boot.netty.autoconfigure.NettyAutoConfiguration'
2026-08-11 18:03:45 DEBUG o.s.b.f.s.DefaultListableBeanFactory - Creating shared instance of singleton bean 'spring.netty-org.springframework.boot.netty.autoconfigure.NettyProperties'
2026-08-11 18:03:45 DEBUG o.s.b.f.s.DefaultListableBeanFactory - Autowiring by type from bean name 'org.springframework.boot.netty.autoconfigure.NettyAutoConfiguration' via constructor to bean named 'spring.netty-org.springframework.boot.netty.autoconfigure.NettyProperties'
2026-08-11 18:03:45 DEBUG o.s.b.f.s.DefaultListableBeanFactory - Creating shared instance of singleton bean 'nettyAutoConfigurationLazyInitializationExcludeFilter'
2026-08-11 18:03:45 DEBUG o.s.b.f.s.DefaultListableBeanFactory - Creating shared instance of singleton bean 'org.springframework.boot.persistence.autoconfigure.PersistenceExceptionTranslationAutoConfiguration'
2026-08-11 18:03:45 DEBUG o.s.b.f.s.DefaultListableBeanFactory - Creating shared instance of singleton bean 'multipartResolver'
2026-08-11 18:03:45 DEBUG o.s.b.f.s.DefaultListableBeanFactory - Creating shared instance of singleton bean 'org.springframework.boot.servlet.autoconfigure.actuate.web.ServletManagementContextAutoConfiguration'
2026-08-11 18:03:45 DEBUG o.s.b.f.s.DefaultListableBeanFactory - Creating shared instance of singleton bean 'managementServletContext'
2026-08-11 18:03:45 DEBUG o.s.b.f.s.DefaultListableBeanFactory - Autowiring by type from bean name 'managementServletContext' via factory method to bean named 'management.endpoints.web-org.springframework.boot.actuate.autoconfigure.endpoint.web.WebEndpointProperties'
2026-08-11 18:03:45 DEBUG o.s.b.f.s.DefaultListableBeanFactory - Creating shared instance of singleton bean 'org.springframework.boot.tomcat.autoconfigure.metrics.TomcatMetricsAutoConfiguration'
2026-08-11 18:03:45 DEBUG o.s.b.f.s.DefaultListableBeanFactory - Creating shared instance of singleton bean 'tomcatMetricsBinder'
2026-08-11 18:03:45 DEBUG o.s.b.f.s.DefaultListableBeanFactory - Autowiring by type from bean name 'tomcatMetricsBinder' via factory method to bean named 'simpleMeterRegistry'
2026-08-11 18:03:45 DEBUG o.s.b.f.s.DefaultListableBeanFactory - Creating shared instance of singleton bean 'org.springframework.boot.transaction.autoconfigure.TransactionManagerCustomizationAutoConfiguration'
2026-08-11 18:03:45 DEBUG o.s.b.f.s.DefaultListableBeanFactory - Creating shared instance of singleton bean 'platformTransactionManagerCustomizers'
2026-08-11 18:03:45 DEBUG o.s.b.f.s.DefaultListableBeanFactory - Creating shared instance of singleton bean 'transactionExecutionListeners'
2026-08-11 18:03:45 DEBUG o.s.b.f.s.DefaultListableBeanFactory - Creating shared instance of singleton bean 'spring.transaction-org.springframework.boot.transaction.autoconfigure.TransactionProperties'
2026-08-11 18:03:45 DEBUG o.s.b.f.s.DefaultListableBeanFactory - Creating shared instance of singleton bean 'org.springframework.boot.transaction.autoconfigure.TransactionAutoConfiguration'
2026-08-11 18:03:45 DEBUG o.s.b.f.s.DefaultListableBeanFactory - Creating shared instance of singleton bean 'org.springframework.boot.webmvc.autoconfigure.actuate.endpoint.web.WebMvcHealthEndpointExtensionAutoConfiguration'
2026-08-11 18:03:45 DEBUG o.s.b.f.s.DefaultListableBeanFactory - Creating shared instance of singleton bean 'healthEndpointWebMvcHandlerMapping'
2026-08-11 18:03:45 DEBUG o.s.b.f.s.DefaultListableBeanFactory - Autowiring by type from bean name 'healthEndpointWebMvcHandlerMapping' via factory method to bean named 'webEndpointDiscoverer'
2026-08-11 18:03:45 DEBUG o.s.b.f.s.DefaultListableBeanFactory - Autowiring by type from bean name 'healthEndpointWebMvcHandlerMapping' via factory method to bean named 'healthEndpointGroups'
2026-08-11 18:03:45 DEBUG o.s.b.f.s.DefaultListableBeanFactory - Creating shared instance of singleton bean 'org.springframework.boot.webmvc.autoconfigure.actuate.web.WebMvcEndpointManagementContextConfiguration$HealthConfiguration'
2026-08-11 18:03:45 DEBUG o.s.b.f.s.DefaultListableBeanFactory - Creating shared instance of singleton bean 'webEndpointServletHandlerMapping'
2026-08-11 18:03:45 DEBUG o.s.b.f.s.DefaultListableBeanFactory - Creating shared instance of singleton bean 'management.endpoints.web.cors-org.springframework.boot.actuate.autoconfigure.endpoint.web.CorsEndpointProperties'
2026-08-11 18:03:45 DEBUG o.s.b.f.s.DefaultListableBeanFactory - Autowiring by type from bean name 'webEndpointServletHandlerMapping' via factory method to bean named 'webEndpointDiscoverer'
2026-08-11 18:03:45 DEBUG o.s.b.f.s.DefaultListableBeanFactory - Autowiring by type from bean name 'webEndpointServletHandlerMapping' via factory method to bean named 'servletEndpointDiscoverer'
2026-08-11 18:03:45 DEBUG o.s.b.f.s.DefaultListableBeanFactory - Autowiring by type from bean name 'webEndpointServletHandlerMapping' via factory method to bean named 'controllerEndpointDiscoverer'
2026-08-11 18:03:45 DEBUG o.s.b.f.s.DefaultListableBeanFactory - Autowiring by type from bean name 'webEndpointServletHandlerMapping' via factory method to bean named 'endpointMediaTypes'
2026-08-11 18:03:45 DEBUG o.s.b.f.s.DefaultListableBeanFactory - Autowiring by type from bean name 'webEndpointServletHandlerMapping' via factory method to bean named 'management.endpoints.web.cors-org.springframework.boot.actuate.autoconfigure.endpoint.web.CorsEndpointProperties'
2026-08-11 18:03:45 DEBUG o.s.b.f.s.DefaultListableBeanFactory - Autowiring by type from bean name 'webEndpointServletHandlerMapping' via factory method to bean named 'management.endpoints.web-org.springframework.boot.actuate.autoconfigure.endpoint.web.WebEndpointProperties'
2026-08-11 18:03:45 DEBUG o.s.b.f.s.DefaultListableBeanFactory - Autowiring by type from bean name 'webEndpointServletHandlerMapping' via factory method to bean named 'environment'
2026-08-11 18:03:45 DEBUG o.s.b.f.s.DefaultListableBeanFactory - Creating shared instance of singleton bean 'controllerEndpointHandlerMapping'
2026-08-11 18:03:45 DEBUG o.s.b.f.s.DefaultListableBeanFactory - Autowiring by type from bean name 'controllerEndpointHandlerMapping' via factory method to bean named 'controllerEndpointDiscoverer'
2026-08-11 18:03:45 DEBUG o.s.b.f.s.DefaultListableBeanFactory - Autowiring by type from bean name 'controllerEndpointHandlerMapping' via factory method to bean named 'management.endpoints.web.cors-org.springframework.boot.actuate.autoconfigure.endpoint.web.CorsEndpointProperties'
2026-08-11 18:03:45 DEBUG o.s.b.f.s.DefaultListableBeanFactory - Autowiring by type from bean name 'controllerEndpointHandlerMapping' via factory method to bean named 'management.endpoints.web-org.springframework.boot.actuate.autoconfigure.endpoint.web.WebEndpointProperties'
2026-08-11 18:03:45 DEBUG o.s.b.f.s.DefaultListableBeanFactory - Autowiring by type from bean name 'controllerEndpointHandlerMapping' via factory method to bean named 'propertiesEndpointAccessResolver'
2026-08-11 18:03:45 DEBUG o.s.b.f.s.DefaultListableBeanFactory - Creating shared instance of singleton bean 'org.springframework.boot.actuate.autoconfigure.web.server.ManagementContextAutoConfiguration$SameManagementContextConfiguration$EnableSameManagementContextConfiguration'
2026-08-11 18:03:45 DEBUG o.s.b.f.s.DefaultListableBeanFactory - Creating shared instance of singleton bean 'org.springframework.boot.actuate.autoconfigure.web.server.ManagementContextAutoConfiguration$SameManagementContextConfiguration'
2026-08-11 18:03:45 DEBUG o.s.b.f.s.DefaultListableBeanFactory - Autowiring by type from bean name 'org.springframework.boot.actuate.autoconfigure.web.server.ManagementContextAutoConfiguration$SameManagementContextConfiguration' via constructor to bean named 'environment'
2026-08-11 18:03:45 DEBUG o.s.b.f.s.DefaultListableBeanFactory - Creating shared instance of singleton bean 'org.springframework.boot.actuate.autoconfigure.web.server.ManagementContextAutoConfiguration'
2026-08-11 18:03:45 DEBUG o.s.j.e.a.AnnotationMBeanExporter - Registering beans for JMX exposure on startup
2026-08-11 18:03:45 DEBUG o.s.j.e.a.AnnotationMBeanExporter - Auto-detecting user-defined JMX MBeans
2026-08-11 18:03:45 DEBUG o.s.c.s.DefaultLifecycleProcessor - Starting beans in phase -2147483648
2026-08-11 18:03:45 DEBUG o.s.c.s.DefaultLifecycleProcessor - Successfully started bean 'kafkaProducerFactory'
2026-08-11 18:03:45 DEBUG o.s.c.s.DefaultLifecycleProcessor - Starting beans in phase -2147483647
2026-08-11 18:03:45 DEBUG o.s.c.s.DefaultLifecycleProcessor - Successfully started bean 'springBootLoggingLifecycle'
2026-08-11 18:03:45 DEBUG o.s.c.s.DefaultLifecycleProcessor - Starting beans in phase 0
2026-08-11 18:03:45 DEBUG o.s.c.s.DefaultLifecycleProcessor - Starting beans in phase 1073741823
2026-08-11 18:03:45 DEBUG o.s.c.s.DefaultLifecycleProcessor - Starting beans in phase 2147481599
2026-08-11 18:03:45 DEBUG o.s.c.s.DefaultLifecycleProcessor - Successfully started bean 'webServerStartStop'
2026-08-11 18:03:45 DEBUG o.s.c.s.DefaultLifecycleProcessor - Starting beans in phase 2147482623
2026-08-11 18:03:45 DEBUG o.s.c.s.DefaultLifecycleProcessor - Successfully started bean 'webServerGracefulShutdown'
2026-08-11 18:03:45 DEBUG o.s.c.s.DefaultLifecycleProcessor - Starting beans in phase 2147483547
2026-08-11 18:03:45 DEBUG o.s.c.s.DefaultLifecycleProcessor - Successfully started bean 'org.springframework.kafka.config.internalKafkaListenerEndpointRegistry'
2026-08-11 18:03:45 DEBUG o.s.c.s.DefaultLifecycleProcessor - Starting beans in phase 2147483647
2026-08-11 18:03:45 DEBUG o.s.c.s.DefaultLifecycleProcessor - Successfully started bean 'org.springframework.data.redis.config.internalRedisListenerEndpointRegistry'
2026-08-11 18:03:45 DEBUG o.s.d.r.l.RedisMessageListenerContainer - Starting RedisMessageListenerContainer...
2026-08-11 18:03:45 DEBUG o.s.d.r.l.RedisMessageListenerContainer - Postpone listening for Redis messages until actual listeners are added
2026-08-11 18:03:45 DEBUG o.s.c.s.DefaultLifecycleProcessor - Successfully started bean 'redisMessageListenerContainer'
2026-08-11 18:03:45 DEBUG o.s.d.r.l.RedisMessageListenerContainer - Starting RedisMessageListenerContainer...
2026-08-11 18:03:45 DEBUG o.s.d.r.l.RedisMessageListenerContainer - Postpone listening for Redis messages until actual listeners are added
2026-08-11 18:03:45 DEBUG o.s.c.s.DefaultLifecycleProcessor - Successfully started bean 'redisKeyValueAdapter'
2026-08-11 18:03:45 DEBUG o.s.b.a.l.ConditionEvaluationReportLogger - 


============================
CONDITIONS EVALUATION REPORT
============================


Positive matches:
-----------------

   AopAutoConfiguration matched:
      - @ConditionalOnBooleanProperty (spring.aop.auto=true) matched (OnPropertyCondition)

   AopAutoConfiguration.ClassProxyingConfiguration matched:
      - @ConditionalOnMissingClass did not find unwanted class 'org.aspectj.weaver.Advice' (OnClassCondition)
      - @ConditionalOnBooleanProperty (spring.aop.proxy-target-class=true) matched (OnPropertyCondition)

   ApplicationAvailabilityAutoConfiguration#applicationAvailability matched:
      - @ConditionalOnMissingBean (types: org.springframework.boot.availability.ApplicationAvailability; SearchStrategy: all) did not find any beans (OnBeanCondition)

   AuditEventsEndpointAutoConfiguration matched:
      - @ConditionalOnAvailableEndpoint marked as exposed by a 'management.endpoints.jmx.exposure' property (OnAvailableEndpointCondition)

   AvailabilityHealthContributorAutoConfiguration matched:
      - @ConditionalOnClass found required class 'org.springframework.boot.health.contributor.Health' (OnClassCondition)

   AvailabilityProbesAutoConfiguration matched:
      - @ConditionalOnClass found required class 'org.springframework.boot.actuate.endpoint.annotation.Endpoint' (OnClassCondition)
      - @ConditionalOnBooleanProperty (management.endpoint.health.probes.enabled=true) matched (OnPropertyCondition)

   AvailabilityProbesAutoConfiguration#livenessStateHealthIndicator matched:
      - @ConditionalOnMissingBean (names: livenessStateHealthIndicator; SearchStrategy: all) did not find any beans (OnBeanCondition)

   AvailabilityProbesAutoConfiguration#readinessStateHealthIndicator matched:
      - @ConditionalOnMissingBean (names: readinessStateHealthIndicator; SearchStrategy: all) did not find any beans (OnBeanCondition)

   BeansEndpointAutoConfiguration matched:
      - @ConditionalOnAvailableEndpoint marked as exposed by a 'management.endpoints.jmx.exposure' property (OnAvailableEndpointCondition)

   BeansEndpointAutoConfiguration#beansEndpoint matched:
      - @ConditionalOnMissingBean (types: org.springframework.boot.actuate.beans.BeansEndpoint; SearchStrategy: all) did not find any beans (OnBeanCondition)

   CompositeMeterRegistryAutoConfiguration matched:
      - @ConditionalOnClass found required class 'io.micrometer.core.instrument.composite.CompositeMeterRegistry' (OnClassCondition)

   ConditionsReportEndpointAutoConfiguration matched:
      - @ConditionalOnAvailableEndpoint marked as exposed by a 'management.endpoints.jmx.exposure' property (OnAvailableEndpointCondition)

   ConditionsReportEndpointAutoConfiguration#conditionsReportEndpoint matched:
      - @ConditionalOnMissingBean (types: org.springframework.boot.actuate.autoconfigure.condition.ConditionsReportEndpoint; SearchStrategy: current) did not find any beans (OnBeanCondition)

   ConfigurationPropertiesReportEndpointAutoConfiguration matched:
      - @ConditionalOnAvailableEndpoint marked as exposed by a 'management.endpoints.jmx.exposure' property (OnAvailableEndpointCondition)

   ConfigurationPropertiesReportEndpointAutoConfiguration#configurationPropertiesReportEndpoint matched:
      - @ConditionalOnMissingBean (types: org.springframework.boot.actuate.context.properties.ConfigurationPropertiesReportEndpoint; SearchStrategy: all) did not find any beans (OnBeanCondition)

   DataMongoAutoConfiguration matched:
      - @ConditionalOnClass found required classes 'com.mongodb.client.MongoClient', 'org.springframework.data.mongodb.core.MongoTemplate' (OnClassCondition)

   DataMongoConfiguration#mappingMongoConverter matched:
      - @ConditionalOnMissingBean (types: org.springframework.data.mongodb.core.convert.MongoConverter; SearchStrategy: all) did not find any beans (OnBeanCondition)

   DataMongoConfiguration#mongoCustomConversions matched:
      - @ConditionalOnMissingBean (types: org.springframework.data.mongodb.core.convert.MongoCustomConversions; SearchStrategy: all) did not find any beans (OnBeanCondition)

   DataMongoConfiguration#mongoManagedTypes matched:
      - @ConditionalOnMissingBean (types: org.springframework.data.mongodb.MongoManagedTypes; SearchStrategy: all) did not find any beans (OnBeanCondition)

   DataMongoConfiguration#mongoMappingContext matched:
      - @ConditionalOnMissingBean (types: org.springframework.data.mongodb.core.mapping.MongoMappingContext; SearchStrategy: all) did not find any beans (OnBeanCondition)

   DataMongoRepositoriesAutoConfiguration matched:
      - @ConditionalOnClass found required classes 'com.mongodb.client.MongoClient', 'org.springframework.data.mongodb.repository.MongoRepository' (OnClassCondition)
      - @ConditionalOnRepositoryType configured type of 'AUTO' matched required type (OnRepositoryTypeCondition)
      - @ConditionalOnMissingBean (types: org.springframework.data.mongodb.repository.support.MongoRepositoryFactoryBean,org.springframework.data.mongodb.repository.config.MongoRepositoryConfigurationExtension; SearchStrategy: all) did not find any beans (OnBeanCondition)

   DataRedisAnnotationDrivenConfiguration matched:
      - @ConditionalOnClass found required classes 'org.springframework.data.redis.annotation.EnableRedisListeners', 'org.springframework.messaging.Message' (OnClassCondition)

   DataRedisAnnotationDrivenConfiguration#redisMessageListenerContainer matched:
      - @ConditionalOnSingleCandidate (types: org.springframework.data.redis.connection.RedisConnectionFactory; SearchStrategy: all) found a single bean 'redisConnectionFactory'; @ConditionalOnMissingBean (names: redisMessageListenerContainer; SearchStrategy: all) did not find any beans (OnBeanCondition)

   DataRedisAnnotationDrivenConfiguration#redisMessageListenerContainerConfigurer matched:
      - @ConditionalOnMissingBean (types: org.springframework.boot.data.redis.autoconfigure.RedisMessageListenerContainerConfigurer; SearchStrategy: all) did not find any beans (OnBeanCondition)

   DataRedisAnnotationDrivenConfiguration.EnableRedisListenersConfiguration matched:
      - @ConditionalOnMissingBean (names: org.springframework.data.redis.config.internalRedisListenerAnnotationProcessor; SearchStrategy: all) did not find any beans (OnBeanCondition)

   DataRedisAutoConfiguration matched:
      - @ConditionalOnClass found required class 'org.springframework.data.redis.core.RedisOperations' (OnClassCondition)

   DataRedisAutoConfiguration#redisConnectionDetails matched:
      - @ConditionalOnMissingBean (types: org.springframework.boot.data.redis.autoconfigure.DataRedisConnectionDetails; SearchStrategy: all) did not find any beans (OnBeanCondition)

   DataRedisAutoConfiguration#redisTemplate matched:
      - @ConditionalOnSingleCandidate (types: org.springframework.data.redis.connection.RedisConnectionFactory; SearchStrategy: all) found a single bean 'redisConnectionFactory'; @ConditionalOnMissingBean (names: redisTemplate; SearchStrategy: all) did not find any beans (OnBeanCondition)

   DataRedisAutoConfiguration#stringRedisTemplate matched:
      - @ConditionalOnSingleCandidate (types: org.springframework.data.redis.connection.RedisConnectionFactory; SearchStrategy: all) found a single bean 'redisConnectionFactory'; @ConditionalOnMissingBean (types: org.springframework.data.redis.core.StringRedisTemplate; SearchStrategy: all) did not find any beans (OnBeanCondition)

   DataRedisHealthContributorAutoConfiguration matched:
      - @ConditionalOnClass found required classes 'org.springframework.data.redis.connection.RedisConnectionFactory', 'org.springframework.boot.health.contributor.HealthIndicator', 'org.springframework.boot.health.autoconfigure.contributor.ConditionalOnEnabledHealthIndicator' (OnClassCondition)
      - @ConditionalOnEnabledHealthIndicator management.health.defaults.enabled is considered true (OnEnabledHealthIndicatorCondition)
      - @ConditionalOnBean (types: org.springframework.data.redis.connection.RedisConnectionFactory; SearchStrategy: all) found bean 'redisConnectionFactory' (OnBeanCondition)

   DataRedisReactiveAutoConfiguration matched:
      - @ConditionalOnClass found required classes 'org.springframework.data.redis.connection.ReactiveRedisConnectionFactory', 'org.springframework.data.redis.core.ReactiveRedisTemplate', 'reactor.core.publisher.Flux' (OnClassCondition)

   DataRedisReactiveAutoConfiguration#reactiveRedisTemplate matched:
      - @ConditionalOnBean (types: org.springframework.data.redis.connection.ReactiveRedisConnectionFactory; SearchStrategy: all) found bean 'redisConnectionFactory'; @ConditionalOnMissingBean (names: reactiveRedisTemplate; SearchStrategy: all) did not find any beans (OnBeanCondition)

   DataRedisReactiveAutoConfiguration#reactiveStringRedisTemplate matched:
      - @ConditionalOnBean (types: org.springframework.data.redis.connection.ReactiveRedisConnectionFactory; SearchStrategy: all) found bean 'redisConnectionFactory'; @ConditionalOnMissingBean (names: reactiveStringRedisTemplate; SearchStrategy: all) did not find any beans (OnBeanCondition)

   DataRedisReactiveHealthContributorAutoConfiguration matched:
      - @ConditionalOnClass found required classes 'org.springframework.data.redis.connection.ReactiveRedisConnectionFactory', 'reactor.core.publisher.Flux', 'org.springframework.boot.health.contributor.ReactiveHealthIndicator', 'org.springframework.boot.health.autoconfigure.contributor.ConditionalOnEnabledHealthIndicator' (OnClassCondition)
      - @ConditionalOnEnabledHealthIndicator management.health.defaults.enabled is considered true (OnEnabledHealthIndicatorCondition)
      - @ConditionalOnBean (types: org.springframework.data.redis.connection.ReactiveRedisConnectionFactory; SearchStrategy: all) found bean 'redisConnectionFactory' (OnBeanCondition)

   DataRedisReactiveHealthContributorAutoConfiguration#redisHealthContributor matched:
      - @ConditionalOnMissingBean (names: redisHealthIndicator,redisHealthContributor; SearchStrategy: all) did not find any beans (OnBeanCondition)

   DataRedisRepositoriesAutoConfiguration matched:
      - @ConditionalOnClass found required class 'org.springframework.data.redis.repository.configuration.EnableRedisRepositories' (OnClassCondition)
      - @ConditionalOnBooleanProperty (spring.data.redis.repositories.enabled=true) matched (OnPropertyCondition)
      - @ConditionalOnBean (types: org.springframework.data.redis.connection.RedisConnectionFactory; SearchStrategy: all) found bean 'redisConnectionFactory'; @ConditionalOnMissingBean (types: org.springframework.data.redis.repository.support.RedisRepositoryFactoryBean; SearchStrategy: all) did not find any beans (OnBeanCondition)

   DataRepositoryMetricsAutoConfiguration matched:
      - @ConditionalOnClass found required class 'org.springframework.data.repository.Repository' (OnClassCondition)
      - @ConditionalOnBean (types: io.micrometer.core.instrument.MeterRegistry; SearchStrategy: all) found bean 'simpleMeterRegistry' (OnBeanCondition)

   DataRepositoryMetricsAutoConfiguration#metricsRepositoryMethodInvocationListener matched:
      - @ConditionalOnMissingBean (types: org.springframework.boot.data.metrics.MetricsRepositoryMethodInvocationListener; SearchStrategy: all) did not find any beans (OnBeanCondition)

   DataRepositoryMetricsAutoConfiguration#repositoryTagsProvider matched:
      - @ConditionalOnMissingBean (types: org.springframework.boot.data.metrics.RepositoryTagsProvider; SearchStrategy: all) did not find any beans (OnBeanCondition)

   DataWebAutoConfiguration matched:
      - @ConditionalOnClass found required classes 'org.springframework.data.web.PageableHandlerMethodArgumentResolver', 'org.springframework.web.servlet.config.annotation.WebMvcConfigurer' (OnClassCondition)
      - found 'session' scope (OnWebApplicationCondition)
      - @ConditionalOnMissingBean (types: org.springframework.data.web.PageableHandlerMethodArgumentResolver; SearchStrategy: all) did not find any beans (OnBeanCondition)

   DataWebAutoConfiguration#pageableCustomizer matched:
      - @ConditionalOnMissingBean (types: org.springframework.data.web.config.PageableHandlerMethodArgumentResolverCustomizer; SearchStrategy: all) did not find any beans (OnBeanCondition)

   DataWebAutoConfiguration#sortCustomizer matched:
      - @ConditionalOnMissingBean (types: org.springframework.data.web.config.SortHandlerMethodArgumentResolverCustomizer; SearchStrategy: all) did not find any beans (OnBeanCondition)

   DataWebAutoConfiguration#springDataWebSettings matched:
      - @ConditionalOnMissingBean (types: org.springframework.data.web.config.SpringDataWebSettings; SearchStrategy: all) did not find any beans (OnBeanCondition)

   DiskSpaceHealthContributorAutoConfiguration matched:
      - @ConditionalOnClass found required class 'org.springframework.boot.health.contributor.Health' (OnClassCondition)
      - @ConditionalOnEnabledHealthIndicator management.health.defaults.enabled is considered true (OnEnabledHealthIndicatorCondition)

   DiskSpaceHealthContributorAutoConfiguration#diskSpaceHealthIndicator matched:
      - @ConditionalOnMissingBean (names: diskSpaceHealthIndicator; SearchStrategy: all) did not find any beans (OnBeanCondition)

   DispatcherServletAutoConfiguration matched:
      - @ConditionalOnClass found required class 'org.springframework.web.servlet.DispatcherServlet' (OnClassCondition)
      - found 'session' scope (OnWebApplicationCondition)

   DispatcherServletAutoConfiguration.DispatcherServletConfiguration matched:
      - @ConditionalOnClass found required class 'jakarta.servlet.ServletRegistration' (OnClassCondition)
      - Default DispatcherServlet did not find dispatcher servlet beans (DispatcherServletAutoConfiguration.DefaultDispatcherServletCondition)

   DispatcherServletAutoConfiguration.DispatcherServletRegistrationConfiguration matched:
      - @ConditionalOnClass found required class 'jakarta.servlet.ServletRegistration' (OnClassCondition)
      - DispatcherServlet Registration did not find servlet registration bean (DispatcherServletAutoConfiguration.DispatcherServletRegistrationCondition)

   DispatcherServletAutoConfiguration.DispatcherServletRegistrationConfiguration#dispatcherServletRegistration matched:
      - @ConditionalOnBean (names: dispatcherServlet types: org.springframework.web.servlet.DispatcherServlet; SearchStrategy: all) found bean 'dispatcherServlet' (OnBeanCondition)

   EndpointAutoConfiguration#endpointCachingOperationInvokerAdvisor matched:
      - @ConditionalOnMissingBean (types: org.springframework.boot.actuate.endpoint.invoker.cache.CachingOperationInvokerAdvisor; SearchStrategy: all) did not find any beans (OnBeanCondition)

   EndpointAutoConfiguration#endpointOperationParameterMapper matched:
      - @ConditionalOnMissingBean (types: org.springframework.boot.actuate.endpoint.invoke.ParameterValueMapper; SearchStrategy: all) did not find any beans (OnBeanCondition)

   EndpointAutoConfiguration#propertiesEndpointAccessResolver matched:
      - @ConditionalOnMissingBean (types: org.springframework.boot.actuate.endpoint.EndpointAccessResolver; SearchStrategy: all) did not find any beans (OnBeanCondition)

   EnvironmentEndpointAutoConfiguration matched:
      - @ConditionalOnAvailableEndpoint marked as exposed by a 'management.endpoints.jmx.exposure' property (OnAvailableEndpointCondition)

   EnvironmentEndpointAutoConfiguration#environmentEndpoint matched:
      - @ConditionalOnMissingBean (types: org.springframework.boot.actuate.env.EnvironmentEndpoint; SearchStrategy: all) did not find any beans (OnBeanCondition)

   ErrorMvcAutoConfiguration matched:
      - @ConditionalOnClass found required classes 'jakarta.servlet.Servlet', 'org.springframework.web.servlet.DispatcherServlet' (OnClassCondition)
      - found 'session' scope (OnWebApplicationCondition)

   ErrorMvcAutoConfiguration#basicErrorController matched:
      - @ConditionalOnMissingBean (types: org.springframework.boot.webmvc.error.ErrorController; SearchStrategy: current) did not find any beans (OnBeanCondition)

   ErrorMvcAutoConfiguration#errorAttributes matched:
      - @ConditionalOnMissingBean (types: org.springframework.boot.webmvc.error.ErrorAttributes; SearchStrategy: current) did not find any beans (OnBeanCondition)

   ErrorMvcAutoConfiguration.DefaultErrorViewResolverConfiguration#conventionErrorViewResolver matched:
      - @ConditionalOnBean (types: org.springframework.web.servlet.DispatcherServlet; SearchStrategy: all) found bean 'dispatcherServlet'; @ConditionalOnMissingBean (types: org.springframework.boot.webmvc.autoconfigure.error.ErrorViewResolver; SearchStrategy: all) did not find any beans (OnBeanCondition)

   ErrorMvcAutoConfiguration.WhitelabelErrorViewConfiguration matched:
      - @ConditionalOnBooleanProperty (spring.web.error.whitelabel.enabled=true) matched (OnPropertyCondition)
      - ErrorTemplate Missing did not find error template view (ErrorMvcAutoConfiguration.ErrorTemplateMissingCondition)

   ErrorMvcAutoConfiguration.WhitelabelErrorViewConfiguration#beanNameViewResolver matched:
      - @ConditionalOnMissingBean (types: org.springframework.web.servlet.view.BeanNameViewResolver; SearchStrategy: all) did not find any beans (OnBeanCondition)

   ErrorMvcAutoConfiguration.WhitelabelErrorViewConfiguration#defaultErrorView matched:
      - @ConditionalOnMissingBean (names: error; SearchStrategy: all) did not find any beans (OnBeanCondition)

   HealthContributorAutoConfiguration#pingHealthContributor matched:
      - @ConditionalOnEnabledHealthIndicator management.health.defaults.enabled is considered true (OnEnabledHealthIndicatorCondition)

   HealthContributorRegistryAutoConfiguration#healthContributorRegistry matched:
      - @ConditionalOnMissingBean (types: org.springframework.boot.health.registry.HealthContributorRegistry; SearchStrategy: all) did not find any beans (OnBeanCondition)

   HealthContributorRegistryAutoConfiguration.ReactiveHealthContributorRegistryConfiguration matched:
      - @ConditionalOnClass found required class 'reactor.core.publisher.Flux' (OnClassCondition)

   HealthContributorRegistryAutoConfiguration.ReactiveHealthContributorRegistryConfiguration#reactiveHealthContributorRegistry matched:
      - @ConditionalOnMissingBean (types: org.springframework.boot.health.registry.ReactiveHealthContributorRegistry; SearchStrategy: all) did not find any beans (OnBeanCondition)

   HealthEndpointAutoConfiguration matched:
      - @ConditionalOnClass found required class 'org.springframework.boot.actuate.endpoint.annotation.Endpoint' (OnClassCondition)
      - @ConditionalOnAvailableEndpoint marked as exposed by a 'management.endpoints.web.exposure' property (OnAvailableEndpointCondition)
      - @ConditionalOnBean (types: org.springframework.boot.health.registry.HealthContributorRegistry; SearchStrategy: all) found bean 'healthContributorRegistry' (OnBeanCondition)

   HealthEndpointConfiguration#healthEndpoint matched:
      - @ConditionalOnMissingBean (types: org.springframework.boot.health.actuate.endpoint.HealthEndpoint; SearchStrategy: all) did not find any beans (OnBeanCondition)

   HealthEndpointConfiguration#healthEndpointGroupMembershipValidator matched:
      - @ConditionalOnBooleanProperty (management.endpoint.health.validate-group-membership=true) matched (OnPropertyCondition)

   HealthEndpointConfiguration#healthEndpointGroups matched:
      - @ConditionalOnMissingBean (types: org.springframework.boot.health.actuate.endpoint.HealthEndpointGroups; SearchStrategy: all) did not find any beans (OnBeanCondition)

   HealthEndpointConfiguration#healthHttpCodeStatusMapper matched:
      - @ConditionalOnMissingBean (types: org.springframework.boot.health.actuate.endpoint.HttpCodeStatusMapper; SearchStrategy: all) did not find any beans (OnBeanCondition)

   HealthEndpointConfiguration#healthStatusAggregator matched:
      - @ConditionalOnMissingBean (types: org.springframework.boot.health.actuate.endpoint.StatusAggregator; SearchStrategy: all) did not find any beans (OnBeanCondition)

   HealthEndpointWebExtensionConfiguration matched:
      - found 'session' scope (OnWebApplicationCondition)
      - @ConditionalOnAvailableEndpoint marked as exposed by a 'management.endpoints.web.exposure' property (OnAvailableEndpointCondition)
      - @ConditionalOnBean (types: org.springframework.boot.health.actuate.endpoint.HealthEndpoint; SearchStrategy: all) found bean 'healthEndpoint' (OnBeanCondition)

   HealthEndpointWebExtensionConfiguration#healthEndpointWebExtension matched:
      - @ConditionalOnMissingBean (types: org.springframework.boot.health.actuate.endpoint.HealthEndpointWebExtension; SearchStrategy: all) did not find any beans (OnBeanCondition)

   HttpEncodingAutoConfiguration matched:
      - @ConditionalOnClass found required class 'org.springframework.web.filter.CharacterEncodingFilter' (OnClassCondition)
      - found 'session' scope (OnWebApplicationCondition)
      - @ConditionalOnBooleanProperty (spring.servlet.encoding.enabled=true) matched (OnPropertyCondition)

   HttpEncodingAutoConfiguration#characterEncodingFilter matched:
      - @ConditionalOnMissingBean (types: org.springframework.web.filter.CharacterEncodingFilter; SearchStrategy: all) did not find any beans (OnBeanCondition)

   HttpExchangesEndpointAutoConfiguration matched:
      - @ConditionalOnAvailableEndpoint marked as exposed by a 'management.endpoints.jmx.exposure' property (OnAvailableEndpointCondition)

   HttpMessageConvertersAutoConfiguration matched:
      - @ConditionalOnClass found required class 'org.springframework.http.converter.HttpMessageConverter' (OnClassCondition)
      - NoneNestedConditions 0 matched 1 did not; NestedCondition on HttpMessageConvertersAutoConfiguration.NotReactiveWebApplicationCondition.ReactiveWebApplication did not find reactive web application classes (HttpMessageConvertersAutoConfiguration.NotReactiveWebApplicationCondition)

   HttpMessageConvertersAutoConfiguration.StringHttpMessageConverterConfiguration#stringHttpMessageConvertersCustomizer matched:
      - @ConditionalOnMissingBean (types: org.springframework.http.converter.StringHttpMessageConverter; SearchStrategy: all) did not find any beans (OnBeanCondition)

   InfoEndpointAutoConfiguration matched:
      - @ConditionalOnAvailableEndpoint marked as exposed by a 'management.endpoints.jmx.exposure' property (OnAvailableEndpointCondition)

   InfoEndpointAutoConfiguration#infoEndpoint matched:
      - @ConditionalOnMissingBean (types: org.springframework.boot.actuate.info.InfoEndpoint; SearchStrategy: all) did not find any beans (OnBeanCondition)

   Jackson2EndpointAutoConfiguration matched:
      - @ConditionalOnClass found required classes 'com.fasterxml.jackson.databind.ObjectMapper', 'org.springframework.http.converter.json.Jackson2ObjectMapperBuilder' (OnClassCondition)

   Jackson2EndpointAutoConfiguration#jackson2EndpointJsonMapper matched:
      - @ConditionalOnBooleanProperty (management.endpoints.jackson2.isolated-object-mapper=true) matched (OnPropertyCondition)

   JacksonAutoConfiguration matched:
      - @ConditionalOnClass found required class 'tools.jackson.databind.json.JsonMapper' (OnClassCondition)

   JacksonAutoConfiguration#jacksonJsonMapper matched:
      - @ConditionalOnMissingBean (types: tools.jackson.databind.json.JsonMapper; SearchStrategy: all) did not find any beans (OnBeanCondition)

   JacksonAutoConfiguration#jsonFactory matched:
      - @ConditionalOnMissingBean (types: tools.jackson.core.json.JsonFactory; SearchStrategy: all) did not find any beans (OnBeanCondition)

   JacksonAutoConfiguration#jsonMapperBuilder matched:
      - @ConditionalOnMissingBean (types: tools.jackson.databind.json.JsonMapper$Builder; SearchStrategy: all) did not find any beans (OnBeanCondition)

   JacksonAutoConfiguration.JsonProblemDetailsConfiguration matched:
      - @ConditionalOnClass found required class 'org.springframework.http.ProblemDetail' (OnClassCondition)

   JacksonEndpointAutoConfiguration matched:
      - @ConditionalOnClass found required class 'tools.jackson.databind.json.JsonMapper' (OnClassCondition)

   JacksonEndpointAutoConfiguration#endpointJsonMapper matched:
      - @ConditionalOnBooleanProperty (management.endpoints.jackson.isolated-json-mapper=true) matched (OnPropertyCondition)

   JacksonHttpMessageConvertersConfiguration.JacksonJsonHttpMessageConverterConfiguration matched:
      - @ConditionalOnClass found required class 'tools.jackson.databind.json.JsonMapper' (OnClassCondition)
      - @ConditionalOnProperty (spring.http.converters.preferred-json-mapper=jackson) matched (OnPropertyCondition)
      - @ConditionalOnBean (types: tools.jackson.databind.json.JsonMapper; SearchStrategy: all) found bean 'jacksonJsonMapper' (OnBeanCondition)

   JacksonHttpMessageConvertersConfiguration.JacksonJsonHttpMessageConverterConfiguration#jacksonJsonHttpMessageConvertersCustomizer matched:
      - @ConditionalOnMissingBean (types: org.springframework.http.converter.json.JacksonJsonHttpMessageConverter ignored: org.springframework.hateoas.server.mvc.TypeConstrainedJacksonJsonHttpMessageConverter,org.springframework.data.rest.webmvc.alps.AlpsJacksonJsonHttpMessageConverter; SearchStrategy: all) did not find any beans (OnBeanCondition)

   JmxAutoConfiguration matched:
      - @ConditionalOnClass found required class 'org.springframework.jmx.export.MBeanExporter' (OnClassCondition)
      - @ConditionalOnBooleanProperty (spring.jmx.enabled=true) matched (OnPropertyCondition)

   JmxAutoConfiguration#mbeanExporter matched:
      - @ConditionalOnMissingBean (types: org.springframework.jmx.export.MBeanExporter; SearchStrategy: current) did not find any beans (OnBeanCondition)

   JmxAutoConfiguration#mbeanServer matched:
      - @ConditionalOnMissingBean (types: javax.management.MBeanServer; SearchStrategy: all) did not find any beans (OnBeanCondition)

   JmxAutoConfiguration#objectNamingStrategy matched:
      - @ConditionalOnMissingBean (types: org.springframework.jmx.export.naming.ObjectNamingStrategy; SearchStrategy: current) did not find any beans (OnBeanCondition)

   JmxEndpointAutoConfiguration matched:
      - @ConditionalOnBooleanProperty (spring.jmx.enabled=true) matched (OnPropertyCondition)

   JmxEndpointAutoConfiguration#endpointObjectNameFactory matched:
      - @ConditionalOnMissingBean (types: org.springframework.boot.actuate.endpoint.jmx.EndpointObjectNameFactory; SearchStrategy: current) did not find any beans (OnBeanCondition)

   JmxEndpointAutoConfiguration#jmxAnnotationEndpointDiscoverer matched:
      - @ConditionalOnMissingBean (types: org.springframework.boot.actuate.endpoint.jmx.JmxEndpointsSupplier; SearchStrategy: all) did not find any beans (OnBeanCondition)

   JmxEndpointAutoConfiguration.JmxJacksonEndpointConfiguration matched:
      - @ConditionalOnClass found required class 'tools.jackson.databind.json.JsonMapper' (OnClassCondition)

   JmxEndpointAutoConfiguration.JmxJacksonEndpointConfiguration#jmxMBeanExporter matched:
      - @ConditionalOnSingleCandidate (types: javax.management.MBeanServer; SearchStrategy: all) found a single bean 'mbeanServer' (OnBeanCondition)

   JvmMetricsAutoConfiguration matched:
      - @ConditionalOnClass found required class 'io.micrometer.core.instrument.MeterRegistry' (OnClassCondition)
      - @ConditionalOnBean (types: io.micrometer.core.instrument.MeterRegistry; SearchStrategy: all) found bean 'simpleMeterRegistry' (OnBeanCondition)

   JvmMetricsAutoConfiguration#classLoaderMetrics matched:
      - @ConditionalOnMissingBean (types: io.micrometer.core.instrument.binder.jvm.ClassLoaderMetrics; SearchStrategy: all) did not find any beans (OnBeanCondition)

   JvmMetricsAutoConfiguration#jvmCompilationMetrics matched:
      - @ConditionalOnMissingBean (types: io.micrometer.core.instrument.binder.jvm.JvmCompilationMetrics; SearchStrategy: all) did not find any beans (OnBeanCondition)

   JvmMetricsAutoConfiguration#jvmGcMetrics matched:
      - @ConditionalOnMissingBean (types: io.micrometer.core.instrument.binder.jvm.JvmGcMetrics; SearchStrategy: all) did not find any beans (OnBeanCondition)

   JvmMetricsAutoConfiguration#jvmHeapPressureMetrics matched:
      - @ConditionalOnMissingBean (types: io.micrometer.core.instrument.binder.jvm.JvmHeapPressureMetrics; SearchStrategy: all) did not find any beans (OnBeanCondition)

   JvmMetricsAutoConfiguration#jvmInfoMetrics matched:
      - @ConditionalOnMissingBean (types: io.micrometer.core.instrument.binder.jvm.JvmInfoMetrics; SearchStrategy: all) did not find any beans (OnBeanCondition)

   JvmMetricsAutoConfiguration#jvmMemoryMetrics matched:
      - @ConditionalOnMissingBean (types: io.micrometer.core.instrument.binder.jvm.JvmMemoryMetrics; SearchStrategy: all) did not find any beans (OnBeanCondition)

   JvmMetricsAutoConfiguration#jvmThreadMetrics matched:
      - @ConditionalOnMissingBean (types: io.micrometer.core.instrument.binder.jvm.JvmThreadMetrics; SearchStrategy: all) did not find any beans (OnBeanCondition)

   KafkaAnnotationDrivenConfiguration matched:
      - @ConditionalOnClass found required class 'org.springframework.kafka.annotation.EnableKafka' (OnClassCondition)

   KafkaAnnotationDrivenConfiguration#kafkaListenerContainerFactory matched:
      - @ConditionalOnMissingBean (names: kafkaListenerContainerFactory; SearchStrategy: all) did not find any beans (OnBeanCondition)

   KafkaAnnotationDrivenConfiguration#kafkaListenerContainerFactoryConfigurer matched:
      - @ConditionalOnMissingBean (types: org.springframework.boot.kafka.autoconfigure.ConcurrentKafkaListenerContainerFactoryConfigurer; SearchStrategy: all) did not find any beans (OnBeanCondition)
      - @ConditionalOnThreading found PLATFORM (OnThreadingCondition)

   KafkaAnnotationDrivenConfiguration.EnableKafkaConfiguration matched:
      - @ConditionalOnMissingBean (names: org.springframework.kafka.config.internalKafkaListenerAnnotationProcessor; SearchStrategy: all) did not find any beans (OnBeanCondition)

   KafkaAutoConfiguration matched:
      - @ConditionalOnClass found required class 'org.springframework.kafka.core.KafkaTemplate' (OnClassCondition)

   KafkaAutoConfiguration#kafkaAdmin matched:
      - @ConditionalOnMissingBean (types: org.springframework.kafka.core.KafkaAdmin; SearchStrategy: all) did not find any beans (OnBeanCondition)

   KafkaAutoConfiguration#kafkaConnectionDetails matched:
      - @ConditionalOnMissingBean (types: org.springframework.boot.kafka.autoconfigure.KafkaConnectionDetails; SearchStrategy: all) did not find any beans (OnBeanCondition)

   KafkaAutoConfiguration#kafkaConsumerFactory matched:
      - @ConditionalOnMissingBean (types: org.springframework.kafka.core.ConsumerFactory; SearchStrategy: all) did not find any beans (OnBeanCondition)

   KafkaAutoConfiguration#kafkaProducerFactory matched:
      - @ConditionalOnMissingBean (types: org.springframework.kafka.core.ProducerFactory; SearchStrategy: all) did not find any beans (OnBeanCondition)

   KafkaAutoConfiguration#kafkaProducerListener matched:
      - @ConditionalOnMissingBean (types: org.springframework.kafka.support.ProducerListener; SearchStrategy: all) did not find any beans (OnBeanCondition)

   KafkaAutoConfiguration#kafkaTemplate matched:
      - @ConditionalOnMissingBean (types: org.springframework.kafka.core.KafkaTemplate; SearchStrategy: all) did not find any beans (OnBeanCondition)

   KafkaMetricsAutoConfiguration matched:
      - @ConditionalOnClass found required classes 'io.micrometer.core.instrument.binder.kafka.KafkaClientMetrics', 'org.springframework.kafka.core.ProducerFactory', 'io.micrometer.core.instrument.MeterRegistry' (OnClassCondition)
      - @ConditionalOnBean (types: io.micrometer.core.instrument.MeterRegistry; SearchStrategy: all) found bean 'simpleMeterRegistry' (OnBeanCondition)

   KafkaMetricsAutoConfiguration.KafkaStreamsMetricsConfiguration matched:
      - @ConditionalOnClass found required classes 'io.micrometer.core.instrument.binder.kafka.KafkaStreamsMetrics', 'org.springframework.kafka.config.StreamsBuilderFactoryBean' (OnClassCondition)

   KafkaProviderImpl matched:
      - @ConditionalOnProperty (messaging.providers.kafka.enabled=true) matched (OnPropertyCondition)

   LettuceConnectionConfiguration matched:
      - @ConditionalOnClass found required class 'io.lettuce.core.RedisClient' (OnClassCondition)
      - @ConditionalOnProperty (spring.data.redis.client-type=lettuce) matched (OnPropertyCondition)

   LettuceConnectionConfiguration#lettuceClientResources matched:
      - @ConditionalOnMissingBean (types: io.lettuce.core.resource.ClientResources; SearchStrategy: all) did not find any beans (OnBeanCondition)

   LettuceConnectionConfiguration#redisConnectionFactory matched:
      - @ConditionalOnMissingBean (types: org.springframework.data.redis.connection.RedisConnectionFactory; SearchStrategy: all) did not find any beans (OnBeanCondition)
      - @ConditionalOnThreading found PLATFORM (OnThreadingCondition)

   LettuceObservationAutoConfiguration matched:
      - @ConditionalOnClass found required classes 'io.lettuce.core.RedisClient', 'io.lettuce.core.tracing.MicrometerTracing', 'io.micrometer.observation.ObservationRegistry' (OnClassCondition)
      - @ConditionalOnBean (types: io.micrometer.observation.ObservationRegistry; SearchStrategy: all) found bean 'observationRegistry' (OnBeanCondition)

   LifecycleAutoConfiguration#defaultLifecycleProcessor matched:
      - @ConditionalOnMissingBean (names: lifecycleProcessor; SearchStrategy: current) did not find any beans (OnBeanCondition)

   LogFileWebEndpointAutoConfiguration matched:
      - @ConditionalOnAvailableEndpoint marked as exposed by a 'management.endpoints.jmx.exposure' property (OnAvailableEndpointCondition)

   LogbackMetricsAutoConfiguration matched:
      - @ConditionalOnClass found required classes 'io.micrometer.core.instrument.MeterRegistry', 'ch.qos.logback.classic.LoggerContext', 'org.slf4j.LoggerFactory' (OnClassCondition)
      - LogbackLoggingCondition ILoggerFactory is a Logback LoggerContext (LogbackMetricsAutoConfiguration.LogbackLoggingCondition)
      - @ConditionalOnBean (types: io.micrometer.core.instrument.MeterRegistry; SearchStrategy: all) found bean 'simpleMeterRegistry' (OnBeanCondition)

   LogbackMetricsAutoConfiguration#logbackMetrics matched:
      - @ConditionalOnMissingBean (types: io.micrometer.core.instrument.binder.logging.LogbackMetrics; SearchStrategy: all) did not find any beans (OnBeanCondition)

   LoggersEndpointAutoConfiguration matched:
      - @ConditionalOnAvailableEndpoint marked as exposed by a 'management.endpoints.jmx.exposure' property (OnAvailableEndpointCondition)

   LoggersEndpointAutoConfiguration#loggersEndpoint matched:
      - Logging System enabled (LoggersEndpointAutoConfiguration.OnEnabledLoggingSystemCondition)
      - @ConditionalOnBean (types: org.springframework.boot.logging.LoggingSystem; SearchStrategy: all) found bean 'springBootLoggingSystem'; @ConditionalOnMissingBean (types: org.springframework.boot.actuate.logging.LoggersEndpoint; SearchStrategy: all) did not find any beans (OnBeanCondition)

   ManagementContextAutoConfiguration.SameManagementContextConfiguration matched:
      - Management Port actual port type (SAME) matched required type (OnManagementPortCondition)

   MappingsEndpointAutoConfiguration matched:
      - @ConditionalOnAvailableEndpoint marked as exposed by a 'management.endpoints.jmx.exposure' property (OnAvailableEndpointCondition)

   MetricsAutoConfiguration matched:
      - @ConditionalOnClass found required class 'io.micrometer.core.annotation.Timed' (OnClassCondition)

   MetricsAutoConfiguration#micrometerClock matched:
      - @ConditionalOnMissingBean (types: io.micrometer.core.instrument.Clock; SearchStrategy: all) did not find any beans (OnBeanCondition)

   MetricsEndpointAutoConfiguration matched:
      - @ConditionalOnClass found required classes 'org.springframework.boot.actuate.autoconfigure.endpoint.condition.ConditionalOnAvailableEndpoint', 'io.micrometer.core.annotation.Timed' (OnClassCondition)
      - @ConditionalOnAvailableEndpoint marked as exposed by a 'management.endpoints.jmx.exposure' property (OnAvailableEndpointCondition)

   MetricsEndpointAutoConfiguration#metricsEndpoint matched:
      - @ConditionalOnBean (types: io.micrometer.core.instrument.MeterRegistry; SearchStrategy: all) found bean 'simpleMeterRegistry'; @ConditionalOnMissingBean (types: org.springframework.boot.micrometer.metrics.actuate.endpoint.MetricsEndpoint; SearchStrategy: all) did not find any beans (OnBeanCondition)

   MongoAutoConfiguration matched:
      - @ConditionalOnClass found required class 'com.mongodb.client.MongoClient' (OnClassCondition)
      - @ConditionalOnMissingBean (types: org.springframework.data.mongodb.MongoDatabaseFactory; SearchStrategy: all) did not find any beans (OnBeanCondition)

   MongoAutoConfiguration#mongo matched:
      - @ConditionalOnMissingBean (types: com.mongodb.client.MongoClient; SearchStrategy: all) did not find any beans (OnBeanCondition)

   MongoAutoConfiguration#mongoConnectionDetails matched:
      - @ConditionalOnMissingBean (types: org.springframework.boot.mongodb.autoconfigure.MongoConnectionDetails; SearchStrategy: all) did not find any beans (OnBeanCondition)

   MongoAutoConfiguration.MongoClientSettingsConfiguration matched:
      - @ConditionalOnMissingBean (types: com.mongodb.MongoClientSettings; SearchStrategy: all) did not find any beans (OnBeanCondition)

   MongoDatabaseFactoryConfiguration matched:
      - @ConditionalOnSingleCandidate (types: com.mongodb.client.MongoClient; SearchStrategy: all) found a single bean 'mongo'; @ConditionalOnMissingBean (types: org.springframework.data.mongodb.MongoDatabaseFactory; SearchStrategy: all) did not find any beans (OnBeanCondition)

   MongoDatabaseFactoryDependentConfiguration matched:
      - @ConditionalOnBean (types: org.springframework.data.mongodb.MongoDatabaseFactory; SearchStrategy: all) found bean 'mongoDatabaseFactory' (OnBeanCondition)

   MongoDatabaseFactoryDependentConfiguration#gridFsTemplate matched:
      - @ConditionalOnMissingBean (types: org.springframework.data.mongodb.gridfs.GridFsOperations; SearchStrategy: all) did not find any beans (OnBeanCondition)

   MongoDatabaseFactoryDependentConfiguration#mongoTemplate matched:
      - @ConditionalOnMissingBean (types: org.springframework.data.mongodb.core.MongoOperations; SearchStrategy: all) did not find any beans (OnBeanCondition)

   MongoHealthContributorAutoConfiguration matched:
      - @ConditionalOnClass found required classes 'com.mongodb.client.MongoClient', 'org.springframework.boot.mongodb.health.MongoHealthIndicator', 'org.springframework.boot.health.autoconfigure.contributor.ConditionalOnEnabledHealthIndicator' (OnClassCondition)
      - @ConditionalOnEnabledHealthIndicator management.health.defaults.enabled is considered true (OnEnabledHealthIndicatorCondition)
      - @ConditionalOnBean (types: com.mongodb.client.MongoClient; SearchStrategy: all) found bean 'mongo' (OnBeanCondition)

   MongoHealthContributorAutoConfiguration#mongoHealthContributor matched:
      - @ConditionalOnMissingBean (names: mongoHealthIndicator,mongoHealthContributor; SearchStrategy: all) did not find any beans (OnBeanCondition)

   MongoMetricsAutoConfiguration matched:
      - @ConditionalOnClass found required classes 'com.mongodb.MongoClientSettings', 'io.micrometer.core.instrument.MeterRegistry' (OnClassCondition)
      - @ConditionalOnBean (types: io.micrometer.core.instrument.MeterRegistry; SearchStrategy: all) found bean 'simpleMeterRegistry' (OnBeanCondition)

   MongoMetricsAutoConfiguration.MongoCommandMetricsConfiguration matched:
      - @ConditionalOnClass found required class 'io.micrometer.core.instrument.binder.mongodb.MongoMetricsCommandListener' (OnClassCondition)
      - @ConditionalOnBooleanProperty (management.metrics.mongodb.command.enabled=true) matched (OnPropertyCondition)

   MongoMetricsAutoConfiguration.MongoCommandMetricsConfiguration#mongoCommandTagsProvider matched:
      - @ConditionalOnMissingBean (types: io.micrometer.core.instrument.binder.mongodb.MongoCommandTagsProvider; SearchStrategy: all) did not find any beans (OnBeanCondition)

   MongoMetricsAutoConfiguration.MongoCommandMetricsConfiguration#mongoMetricsCommandListener matched:
      - @ConditionalOnMissingBean (types: io.micrometer.core.instrument.binder.mongodb.MongoMetricsCommandListener; SearchStrategy: all) did not find any beans (OnBeanCondition)

   MongoMetricsAutoConfiguration.MongoConnectionPoolMetricsConfiguration matched:
      - @ConditionalOnClass found required class 'io.micrometer.core.instrument.binder.mongodb.MongoMetricsConnectionPoolListener' (OnClassCondition)
      - @ConditionalOnBooleanProperty (management.metrics.mongodb.connectionpool.enabled=true) matched (OnPropertyCondition)

   MongoMetricsAutoConfiguration.MongoConnectionPoolMetricsConfiguration#mongoConnectionPoolTagsProvider matched:
      - @ConditionalOnMissingBean (types: io.micrometer.core.instrument.binder.mongodb.MongoConnectionPoolTagsProvider; SearchStrategy: all) did not find any beans (OnBeanCondition)

   MongoMetricsAutoConfiguration.MongoConnectionPoolMetricsConfiguration#mongoMetricsConnectionPoolListener matched:
      - @ConditionalOnMissingBean (types: io.micrometer.core.instrument.binder.mongodb.MongoMetricsConnectionPoolListener; SearchStrategy: all) did not find any beans (OnBeanCondition)

   MultipartAutoConfiguration matched:
      - @ConditionalOnClass found required classes 'jakarta.servlet.Servlet', 'org.springframework.web.multipart.support.StandardServletMultipartResolver', 'jakarta.servlet.MultipartConfigElement' (OnClassCondition)
      - found 'session' scope (OnWebApplicationCondition)
      - @ConditionalOnBooleanProperty (spring.servlet.multipart.enabled=true) matched (OnPropertyCondition)

   MultipartAutoConfiguration#multipartConfigElement matched:
      - @ConditionalOnMissingBean (types: jakarta.servlet.MultipartConfigElement; SearchStrategy: all) did not find any beans (OnBeanCondition)

   MultipartAutoConfiguration#multipartResolver matched:
      - @ConditionalOnMissingBean (types: org.springframework.web.multipart.MultipartResolver; SearchStrategy: all) did not find any beans (OnBeanCondition)

   NettyAutoConfiguration matched:
      - @ConditionalOnClass found required class 'io.netty.util.NettyRuntime' (OnClassCondition)

   ObservationAutoConfiguration matched:
      - @ConditionalOnClass found required class 'io.micrometer.observation.ObservationRegistry' (OnClassCondition)

   ObservationAutoConfiguration#observationRegistry matched:
      - @ConditionalOnMissingBean (types: io.micrometer.observation.ObservationRegistry; SearchStrategy: all) did not find any beans (OnBeanCondition)

   ObservationAutoConfiguration#spelValueExpressionResolver matched:
      - @ConditionalOnMissingBean (types: io.micrometer.common.annotation.ValueExpressionResolver; SearchStrategy: all) did not find any beans (OnBeanCondition)

   PersistenceExceptionTranslationAutoConfiguration matched:
      - @ConditionalOnClass found required class 'org.springframework.dao.annotation.PersistenceExceptionTranslationPostProcessor' (OnClassCondition)

   PersistenceExceptionTranslationAutoConfiguration#persistenceExceptionTranslationPostProcessor matched:
      - @ConditionalOnBooleanProperty (spring.persistence.exceptiontranslation.enabled=true) matched (OnPropertyCondition)
      - @ConditionalOnMissingBean (types: org.springframework.dao.annotation.PersistenceExceptionTranslationPostProcessor; SearchStrategy: all) did not find any beans (OnBeanCondition)

   PropertyPlaceholderAutoConfiguration#propertySourcesPlaceholderConfigurer matched:
      - @ConditionalOnMissingBean (types: org.springframework.context.support.PropertySourcesPlaceholderConfigurer; SearchStrategy: current) did not find any beans (OnBeanCondition)

   SbomEndpointAutoConfiguration matched:
      - @ConditionalOnAvailableEndpoint marked as exposed by a 'management.endpoints.jmx.exposure' property (OnAvailableEndpointCondition)

   SbomEndpointAutoConfiguration#sbomEndpoint matched:
      - @ConditionalOnMissingBean (types: org.springframework.boot.actuate.sbom.SbomEndpoint; SearchStrategy: all) did not find any beans (OnBeanCondition)

   ScheduledTasksEndpointAutoConfiguration matched:
      - @ConditionalOnAvailableEndpoint marked as exposed by a 'management.endpoints.jmx.exposure' property (OnAvailableEndpointCondition)

   ScheduledTasksEndpointAutoConfiguration#scheduledTasksEndpoint matched:
      - @ConditionalOnMissingBean (types: org.springframework.boot.actuate.scheduling.ScheduledTasksEndpoint; SearchStrategy: all) did not find any beans (OnBeanCondition)

   ScheduledTasksObservationAutoConfiguration matched:
      - @ConditionalOnClass found required class 'org.springframework.scheduling.concurrent.ThreadPoolTaskScheduler' (OnClassCondition)
      - @ConditionalOnBean (types: io.micrometer.observation.ObservationRegistry; SearchStrategy: all) found bean 'observationRegistry' (OnBeanCondition)

   ServletEndpointManagementContextConfiguration matched:
      - found 'session' scope (OnWebApplicationCondition)

   ServletManagementContextAutoConfiguration matched:
      - @ConditionalOnClass found required classes 'jakarta.servlet.Servlet', 'org.springframework.boot.actuate.autoconfigure.endpoint.web.WebEndpointProperties' (OnClassCondition)
      - found 'session' scope (OnWebApplicationCondition)

   ServletMappingsAutoConfiguration matched:
      - @ConditionalOnClass found required classes 'org.springframework.boot.actuate.autoconfigure.endpoint.condition.ConditionalOnAvailableEndpoint', 'org.springframework.boot.actuate.web.mappings.MappingsEndpoint' (OnClassCondition)
      - found 'session' scope (OnWebApplicationCondition)
      - @ConditionalOnAvailableEndpoint marked as exposed by a 'management.endpoints.jmx.exposure' property (OnAvailableEndpointCondition)

   SimpleMetricsExportAutoConfiguration matched:
      - @ConditionalOnEnabledMetricsExport management.defaults.metrics.export.enabled is considered true (OnMetricsExportEnabledCondition)
      - @ConditionalOnBean (types: io.micrometer.core.instrument.Clock; SearchStrategy: all) found bean 'micrometerClock'; @ConditionalOnMissingBean (types: io.micrometer.core.instrument.MeterRegistry; SearchStrategy: all) did not find any beans (OnBeanCondition)

   SimpleMetricsExportAutoConfiguration#simpleConfig matched:
      - @ConditionalOnMissingBean (types: io.micrometer.core.instrument.simple.SimpleConfig; SearchStrategy: all) did not find any beans (OnBeanCondition)

   SpringApplicationAdminJmxAutoConfiguration matched:
      - @ConditionalOnBooleanProperty (spring.application.admin.enabled=true) matched (OnPropertyCondition)

   SpringApplicationAdminJmxAutoConfiguration#springApplicationAdminRegistrar matched:
      - @ConditionalOnMissingBean (types: org.springframework.boot.admin.SpringApplicationAdminMXBeanRegistrar; SearchStrategy: all) did not find any beans (OnBeanCondition)

   SslAutoConfiguration#sslBundleRegistry matched:
      - @ConditionalOnMissingBean (types: org.springframework.boot.ssl.SslBundleRegistry,org.springframework.boot.ssl.SslBundles; SearchStrategy: all) did not find any beans (OnBeanCondition)

   SslHealthContributorAutoConfiguration matched:
      - @ConditionalOnClass found required class 'org.springframework.boot.health.contributor.Health' (OnClassCondition)
      - @ConditionalOnEnabledHealthIndicator management.health.defaults.enabled is considered true (OnEnabledHealthIndicatorCondition)

   SslHealthContributorAutoConfiguration#sslHealthIndicator matched:
      - @ConditionalOnMissingBean (names: sslHealthIndicator; SearchStrategy: all) did not find any beans (OnBeanCondition)

   SslHealthContributorAutoConfiguration#sslInfo matched:
      - @ConditionalOnMissingBean (types: org.springframework.boot.info.SslInfo; SearchStrategy: all) did not find any beans (OnBeanCondition)

   SslMetricsAutoConfiguration matched:
      - @ConditionalOnClass found required class 'io.micrometer.core.instrument.MeterRegistry' (OnClassCondition)
      - @ConditionalOnBean (types: io.micrometer.core.instrument.MeterRegistry,org.springframework.boot.ssl.SslBundles; SearchStrategy: all) found beans 'sslBundleRegistry', 'simpleMeterRegistry' (OnBeanCondition)

   StartupTimeMetricsListenerAutoConfiguration matched:
      - @ConditionalOnClass found required class 'io.micrometer.core.instrument.MeterRegistry' (OnClassCondition)
      - @ConditionalOnBean (types: io.micrometer.core.instrument.MeterRegistry; SearchStrategy: all) found bean 'simpleMeterRegistry' (OnBeanCondition)

   StartupTimeMetricsListenerAutoConfiguration#startupTimeMetrics matched:
      - @ConditionalOnMissingBean (types: org.springframework.boot.micrometer.metrics.startup.StartupTimeMetricsListener; SearchStrategy: all) did not find any beans (OnBeanCondition)

   SystemMetricsAutoConfiguration matched:
      - @ConditionalOnClass found required class 'io.micrometer.core.instrument.MeterRegistry' (OnClassCondition)
      - @ConditionalOnBean (types: io.micrometer.core.instrument.MeterRegistry; SearchStrategy: all) found bean 'simpleMeterRegistry' (OnBeanCondition)

   SystemMetricsAutoConfiguration#diskSpaceMetrics matched:
      - @ConditionalOnMissingBean (types: org.springframework.boot.micrometer.metrics.system.DiskSpaceMetricsBinder; SearchStrategy: all) did not find any beans (OnBeanCondition)

   SystemMetricsAutoConfiguration#fileDescriptorMetrics matched:
      - @ConditionalOnMissingBean (types: io.micrometer.core.instrument.binder.system.FileDescriptorMetrics; SearchStrategy: all) did not find any beans (OnBeanCondition)

   SystemMetricsAutoConfiguration#processorMetrics matched:
      - @ConditionalOnMissingBean (types: io.micrometer.core.instrument.binder.system.ProcessorMetrics; SearchStrategy: all) did not find any beans (OnBeanCondition)

   SystemMetricsAutoConfiguration#uptimeMetrics matched:
      - @ConditionalOnMissingBean (types: io.micrometer.core.instrument.binder.system.UptimeMetrics; SearchStrategy: all) did not find any beans (OnBeanCondition)

   TaskExecutionAutoConfiguration matched:
      - @ConditionalOnClass found required class 'org.springframework.scheduling.concurrent.ThreadPoolTaskExecutor' (OnClassCondition)

   TaskExecutorConfigurations.AsyncConfigurerConfiguration matched:
      - @ConditionalOnMissingBean (types: org.springframework.scheduling.annotation.AsyncConfigurer; SearchStrategy: all) did not find any beans (OnBeanCondition)

   TaskExecutorConfigurations.SimpleAsyncTaskExecutorBuilderConfiguration#simpleAsyncTaskExecutorBuilder matched:
      - @ConditionalOnMissingBean (types: org.springframework.boot.task.SimpleAsyncTaskExecutorBuilder; SearchStrategy: all) did not find any beans (OnBeanCondition)
      - @ConditionalOnThreading found PLATFORM (OnThreadingCondition)

   TaskExecutorConfigurations.TaskExecutorConfiguration matched:
      - AnyNestedCondition 1 matched 1 did not; NestedCondition on TaskExecutorConfigurations.OnExecutorCondition.ModelCondition @ConditionalOnProperty (spring.task.execution.mode=force) did not find property 'spring.task.execution.mode'; NestedCondition on TaskExecutorConfigurations.OnExecutorCondition.ExecutorBeanCondition @ConditionalOnMissingBean (types: java.util.concurrent.Executor; SearchStrategy: all) did not find any beans (TaskExecutorConfigurations.OnExecutorCondition)

   TaskExecutorConfigurations.TaskExecutorConfiguration#applicationTaskExecutor matched:
      - @ConditionalOnThreading found PLATFORM (OnThreadingCondition)

   TaskExecutorConfigurations.ThreadPoolTaskExecutorBuilderConfiguration#threadPoolTaskExecutorBuilder matched:
      - @ConditionalOnMissingBean (types: org.springframework.boot.task.ThreadPoolTaskExecutorBuilder; SearchStrategy: all) did not find any beans (OnBeanCondition)

   TaskExecutorMetricsAutoConfiguration matched:
      - @ConditionalOnClass found required class 'io.micrometer.core.instrument.binder.jvm.ExecutorServiceMetrics' (OnClassCondition)
      - @ConditionalOnBean (types: java.util.concurrent.Executor,io.micrometer.core.instrument.MeterRegistry; SearchStrategy: all) found beans 'applicationTaskExecutor', 'simpleMeterRegistry' (OnBeanCondition)

   TaskSchedulingAutoConfiguration matched:
      - @ConditionalOnClass found required class 'org.springframework.scheduling.concurrent.ThreadPoolTaskScheduler' (OnClassCondition)

   TaskSchedulingConfigurations.SimpleAsyncTaskSchedulerBuilderConfiguration#simpleAsyncTaskSchedulerBuilder matched:
      - @ConditionalOnMissingBean (types: org.springframework.boot.task.SimpleAsyncTaskSchedulerBuilder; SearchStrategy: all) did not find any beans (OnBeanCondition)
      - @ConditionalOnThreading found PLATFORM (OnThreadingCondition)

   TaskSchedulingConfigurations.ThreadPoolTaskSchedulerBuilderConfiguration#threadPoolTaskSchedulerBuilder matched:
      - @ConditionalOnMissingBean (types: org.springframework.boot.task.ThreadPoolTaskSchedulerBuilder; SearchStrategy: all) did not find any beans (OnBeanCondition)

   ThreadDumpEndpointAutoConfiguration matched:
      - @ConditionalOnAvailableEndpoint marked as exposed by a 'management.endpoints.jmx.exposure' property (OnAvailableEndpointCondition)

   ThreadDumpEndpointAutoConfiguration#dumpEndpoint matched:
      - @ConditionalOnMissingBean (types: org.springframework.boot.actuate.management.ThreadDumpEndpoint; SearchStrategy: all) did not find any beans (OnBeanCondition)

   TomcatMetricsAutoConfiguration matched:
      - @ConditionalOnClass found required classes 'io.micrometer.core.instrument.binder.tomcat.TomcatMetrics', 'org.apache.catalina.Manager', 'io.micrometer.core.instrument.MeterRegistry' (OnClassCondition)
      - @ConditionalOnWebApplication (required) found 'session' scope (OnWebApplicationCondition)

   TomcatMetricsAutoConfiguration#tomcatMetricsBinder matched:
      - @ConditionalOnBean (types: io.micrometer.core.instrument.MeterRegistry; SearchStrategy: all) found bean 'simpleMeterRegistry'; @ConditionalOnMissingBean (types: io.micrometer.core.instrument.binder.tomcat.TomcatMetrics,org.springframework.boot.tomcat.metrics.TomcatMetricsBinder; SearchStrategy: all) did not find any beans (OnBeanCondition)

   TomcatServletWebServerAutoConfiguration matched:
      - @ConditionalOnClass found required classes 'jakarta.servlet.ServletRequest', 'org.apache.catalina.startup.Tomcat', 'org.apache.coyote.UpgradeProtocol', 'org.springframework.boot.tomcat.servlet.TomcatServletWebServerFactory' (OnClassCondition)
      - found 'session' scope (OnWebApplicationCondition)

   TomcatServletWebServerAutoConfiguration#tomcatServletWebServerFactory matched:
      - @ConditionalOnMissingBean (types: org.springframework.boot.web.server.servlet.ServletWebServerFactory; SearchStrategy: current) did not find any beans (OnBeanCondition)

   TomcatWebServerConfiguration matched:
      - @ConditionalOnWarDeployment the application is not deployed as a WAR file. (OnWarDeploymentCondition)

   TomcatWebServerConfiguration.TomcatWebSocketConfiguration matched:
      - @ConditionalOnClass found required class 'org.apache.tomcat.websocket.server.WsSci' (OnClassCondition)

   TransactionAutoConfiguration matched:
      - @ConditionalOnClass found required class 'org.springframework.transaction.PlatformTransactionManager' (OnClassCondition)

   TransactionManagerCustomizationAutoConfiguration matched:
      - @ConditionalOnClass found required class 'org.springframework.transaction.PlatformTransactionManager' (OnClassCondition)

   TransactionManagerCustomizationAutoConfiguration#platformTransactionManagerCustomizers matched:
      - @ConditionalOnMissingBean (types: org.springframework.boot.transaction.autoconfigure.TransactionManagerCustomizers; SearchStrategy: all) did not find any beans (OnBeanCondition)

   ValidationAutoConfiguration matched:
      - @ConditionalOnClass found required class 'jakarta.validation.executable.ExecutableValidator' (OnClassCondition)
      - @ConditionalOnResource found location classpath:META-INF/services/jakarta.validation.spi.ValidationProvider (OnResourceCondition)

   ValidationAutoConfiguration#defaultValidator matched:
      - @ConditionalOnMissingBean (types: jakarta.validation.Validator; SearchStrategy: all) did not find any beans (OnBeanCondition)

   ValidationAutoConfiguration#methodValidationPostProcessor matched:
      - @ConditionalOnMissingBean (types: org.springframework.validation.beanvalidation.MethodValidationPostProcessor; SearchStrategy: current) did not find any beans (OnBeanCondition)

   WebEndpointAutoConfiguration matched:
      - @ConditionalOnWebApplication (required) found 'session' scope (OnWebApplicationCondition)

   WebEndpointAutoConfiguration#controllerEndpointDiscoverer matched:
      - @ConditionalOnMissingBean (types: org.springframework.boot.actuate.endpoint.web.annotation.ControllerEndpointsSupplier; SearchStrategy: all) did not find any beans (OnBeanCondition)

   WebEndpointAutoConfiguration#endpointMediaTypes matched:
      - @ConditionalOnMissingBean (types: org.springframework.boot.actuate.endpoint.web.EndpointMediaTypes; SearchStrategy: all) did not find any beans (OnBeanCondition)

   WebEndpointAutoConfiguration#pathMappedEndpoints matched:
      - @ConditionalOnMissingBean (types: org.springframework.boot.actuate.endpoint.web.PathMappedEndpoints; SearchStrategy: all) did not find any beans (OnBeanCondition)

   WebEndpointAutoConfiguration#webEndpointDiscoverer matched:
      - @ConditionalOnMissingBean (types: org.springframework.boot.actuate.endpoint.web.WebEndpointsSupplier; SearchStrategy: all) did not find any beans (OnBeanCondition)

   WebEndpointAutoConfiguration.WebEndpointServletConfiguration matched:
      - found 'session' scope (OnWebApplicationCondition)

   WebEndpointAutoConfiguration.WebEndpointServletConfiguration#servletEndpointDiscoverer matched:
      - @ConditionalOnMissingBean (types: org.springframework.boot.actuate.endpoint.web.annotation.ServletEndpointsSupplier; SearchStrategy: all) did not find any beans (OnBeanCondition)

   WebMvcAutoConfiguration matched:
      - @ConditionalOnClass found required classes 'jakarta.servlet.Servlet', 'org.springframework.web.servlet.DispatcherServlet', 'org.springframework.web.servlet.config.annotation.WebMvcConfigurer' (OnClassCondition)
      - found 'session' scope (OnWebApplicationCondition)
      - @ConditionalOnMissingBean (types: org.springframework.web.servlet.config.annotation.WebMvcConfigurationSupport; SearchStrategy: all) did not find any beans (OnBeanCondition)

   WebMvcAutoConfiguration#formContentFilter matched:
      - @ConditionalOnBooleanProperty (spring.mvc.formcontent.filter.enabled=true) matched (OnPropertyCondition)
      - @ConditionalOnMissingBean (types: org.springframework.web.filter.FormContentFilter; SearchStrategy: all) did not find any beans (OnBeanCondition)

   WebMvcAutoConfiguration.EnableWebMvcConfiguration#flashMapManager matched:
      - @ConditionalOnMissingBean (names: flashMapManager; SearchStrategy: all) did not find any beans (OnBeanCondition)

   WebMvcAutoConfiguration.EnableWebMvcConfiguration#localeResolver matched:
      - @ConditionalOnMissingBean (names: localeResolver; SearchStrategy: all) did not find any beans (OnBeanCondition)

   WebMvcAutoConfiguration.EnableWebMvcConfiguration#viewNameTranslator matched:
      - @ConditionalOnMissingBean (names: viewNameTranslator; SearchStrategy: all) did not find any beans (OnBeanCondition)

   WebMvcAutoConfiguration.WebMvcAutoConfigurationAdapter#defaultViewResolver matched:
      - @ConditionalOnMissingBean (types: org.springframework.web.servlet.view.InternalResourceViewResolver; SearchStrategy: all) did not find any beans (OnBeanCondition)

   WebMvcAutoConfiguration.WebMvcAutoConfigurationAdapter#requestContextFilter matched:
      - @ConditionalOnMissingBean (types: org.springframework.web.context.request.RequestContextListener,org.springframework.web.filter.RequestContextFilter; SearchStrategy: all) did not find any beans (OnBeanCondition)

   WebMvcAutoConfiguration.WebMvcAutoConfigurationAdapter#viewResolver matched:
      - @ConditionalOnBean (types: org.springframework.web.servlet.ViewResolver; SearchStrategy: all) found beans 'defaultViewResolver', 'beanNameViewResolver', 'mvcViewResolver'; @ConditionalOnMissingBean (names: viewResolver types: org.springframework.web.servlet.view.ContentNegotiatingViewResolver; SearchStrategy: all) did not find any beans (OnBeanCondition)

   WebMvcEndpointManagementContextConfiguration matched:
      - found 'session' scope (OnWebApplicationCondition)
      - @ConditionalOnBean (types: org.springframework.web.servlet.DispatcherServlet,org.springframework.boot.actuate.endpoint.web.WebEndpointsSupplier; SearchStrategy: all) found beans 'webEndpointDiscoverer', 'dispatcherServlet' (OnBeanCondition)

   WebMvcEndpointManagementContextConfiguration#controllerEndpointHandlerMapping matched:
      - @ConditionalOnMissingBean (types: org.springframework.boot.webmvc.actuate.endpoint.web.ControllerEndpointHandlerMapping; SearchStrategy: all) did not find any beans (OnBeanCondition)

   WebMvcEndpointManagementContextConfiguration#endpointJackson2ObjectMapperWebMvcConfigurer matched:
      - @ConditionalOnBean (types: org.springframework.boot.actuate.endpoint.jackson.EndpointJackson2ObjectMapper; SearchStrategy: all) found bean 'jackson2EndpointJsonMapper' (OnBeanCondition)

   WebMvcEndpointManagementContextConfiguration#endpointJsonMapperWebMvcConfigurer matched:
      - @ConditionalOnBean (types: org.springframework.boot.actuate.endpoint.jackson.EndpointJsonMapper; SearchStrategy: all) found bean 'endpointJsonMapper' (OnBeanCondition)

   WebMvcEndpointManagementContextConfiguration#webEndpointServletHandlerMapping matched:
      - @ConditionalOnMissingBean (types: org.springframework.boot.webmvc.actuate.endpoint.web.WebMvcEndpointHandlerMapping; SearchStrategy: all) did not find any beans (OnBeanCondition)

   WebMvcEndpointManagementContextConfiguration.HealthConfiguration matched:
      - @ConditionalOnClass found required class 'org.springframework.boot.health.actuate.endpoint.HealthEndpoint' (OnClassCondition)

   WebMvcHealthEndpointExtensionAutoConfiguration matched:
      - @ConditionalOnClass found required class 'org.springframework.boot.health.actuate.endpoint.HealthEndpoint' (OnClassCondition)
      - found 'session' scope (OnWebApplicationCondition)
      - @ConditionalOnAvailableEndpoint marked as exposed by a 'management.endpoints.web.exposure' property (OnAvailableEndpointCondition)
      - @ConditionalOnBean (types: org.springframework.boot.health.actuate.endpoint.HealthEndpoint,org.springframework.boot.actuate.endpoint.web.WebEndpointsSupplier,org.springframework.boot.health.actuate.endpoint.HealthEndpointGroups; SearchStrategy: all) found beans 'webEndpointDiscoverer', 'healthEndpoint', 'healthEndpointGroups' (OnBeanCondition)

   WebMvcMappingsAutoConfiguration matched:
      - @ConditionalOnClass found required classes 'org.springframework.boot.actuate.autoconfigure.endpoint.condition.ConditionalOnAvailableEndpoint', 'org.springframework.web.servlet.DispatcherServlet', 'org.springframework.boot.actuate.web.mappings.MappingsEndpoint' (OnClassCondition)
      - found 'session' scope (OnWebApplicationCondition)
      - @ConditionalOnAvailableEndpoint marked as exposed by a 'management.endpoints.jmx.exposure' property (OnAvailableEndpointCondition)
      - @ConditionalOnBean (types: org.springframework.web.servlet.DispatcherServlet; SearchStrategy: all) found bean 'dispatcherServlet' (OnBeanCondition)

   WebMvcObservationAutoConfiguration matched:
      - @ConditionalOnClass found required classes 'org.springframework.web.servlet.DispatcherServlet', 'io.micrometer.observation.Observation', 'org.springframework.boot.micrometer.observation.autoconfigure.ObservationProperties' (OnClassCondition)
      - found 'session' scope (OnWebApplicationCondition)
      - @ConditionalOnBean (types: io.micrometer.observation.ObservationRegistry; SearchStrategy: all) found bean 'observationRegistry' (OnBeanCondition)

   WebMvcObservationAutoConfiguration#webMvcObservationFilter matched:
      - @ConditionalOnMissingBean (types: org.springframework.web.filter.ServerHttpObservationFilter; SearchStrategy: all) did not find any beans (OnBeanCondition)

   WebMvcObservationAutoConfiguration.MeterFilterConfiguration matched:
      - @ConditionalOnClass found required classes 'io.micrometer.core.instrument.MeterRegistry', 'org.springframework.boot.micrometer.metrics.autoconfigure.MetricsProperties' (OnClassCondition)
      - @ConditionalOnBean (types: io.micrometer.core.instrument.MeterRegistry; SearchStrategy: all) found bean 'simpleMeterRegistry' (OnBeanCondition)


Negative matches:
-----------------

   AopAutoConfiguration.AspectJAutoProxyingConfiguration:
      Did not match:
         - @ConditionalOnClass did not find required class 'org.aspectj.weaver.Advice' (OnClassCondition)

   AppOpticsMetricsExportAutoConfiguration:
      Did not match:
         - @ConditionalOnClass did not find required class 'io.micrometer.appoptics.AppOpticsMeterRegistry' (OnClassCondition)

   AtlasMetricsExportAutoConfiguration:
      Did not match:
         - @ConditionalOnClass did not find required class 'io.micrometer.atlas.AtlasMeterRegistry' (OnClassCondition)

   AuditAutoConfiguration:
      Did not match:
         - @ConditionalOnBean (types: org.springframework.boot.actuate.audit.AuditEventRepository; SearchStrategy: all) did not find any beans of type org.springframework.boot.actuate.audit.AuditEventRepository (OnBeanCondition)
      Matched:
         - @ConditionalOnBooleanProperty (management.auditevents.enabled=true) matched (OnPropertyCondition)

   AuditEventsEndpointAutoConfiguration#auditEventsEndpoint:
      Did not match:
         - @ConditionalOnBean (types: org.springframework.boot.actuate.audit.AuditEventRepository; SearchStrategy: all) did not find any beans of type org.springframework.boot.actuate.audit.AuditEventRepository (OnBeanCondition)

   AvailabilityHealthContributorAutoConfiguration#livenessStateHealthIndicator:
      Did not match:
         - @ConditionalOnBooleanProperty (management.health.livenessstate.enabled=true) did not find property 'management.health.livenessstate.enabled' (OnPropertyCondition)

   AvailabilityHealthContributorAutoConfiguration#readinessStateHealthIndicator:
      Did not match:
         - @ConditionalOnBooleanProperty (management.health.readinessstate.enabled=true) did not find property 'management.health.readinessstate.enabled' (OnPropertyCondition)

   AwsSqsProviderImpl:
      Did not match:
         - @ConditionalOnProperty (messaging.providers.aws.enabled=true) found different value in property 'messaging.providers.aws.enabled' (OnPropertyCondition)

   CompositeMeterRegistryConfiguration:
      Did not match:
         - NoneNestedConditions 1 matched 1 did not; NestedCondition on CompositeMeterRegistryConfiguration.MultipleNonPrimaryMeterRegistriesCondition.SingleInjectableMeterRegistry @ConditionalOnSingleCandidate (types: io.micrometer.core.instrument.MeterRegistry; SearchStrategy: all) found a single bean 'simpleMeterRegistry'; NestedCondition on CompositeMeterRegistryConfiguration.MultipleNonPrimaryMeterRegistriesCondition.NoMeterRegistryCondition @ConditionalOnMissingBean (types: io.micrometer.core.instrument.MeterRegistry; SearchStrategy: all) found beans of type 'io.micrometer.core.instrument.MeterRegistry' simpleMeterRegistry (CompositeMeterRegistryConfiguration.MultipleNonPrimaryMeterRegistriesCondition)

   ConfigurationPropertiesReportEndpointAutoConfiguration#configurationPropertiesReportEndpointWebExtension:
      Did not match:
         - @ConditionalOnAvailableEndpoint not exposed (OnAvailableEndpointCondition)
      Matched:
         - @ConditionalOnBean (types: org.springframework.boot.actuate.context.properties.ConfigurationPropertiesReportEndpoint; SearchStrategy: all) found bean 'configurationPropertiesReportEndpoint'; @ConditionalOnMissingBean (types: org.springframework.boot.actuate.context.properties.ConfigurationPropertiesReportEndpointWebExtension; SearchStrategy: all) did not find any beans (OnBeanCondition)

   DataMongoAutoConfiguration#mongoConnectionDetails:
      Did not match:
         - @ConditionalOnMissingBean (types: org.springframework.boot.mongodb.autoconfigure.MongoConnectionDetails; SearchStrategy: all) found beans of type 'org.springframework.boot.mongodb.autoconfigure.MongoConnectionDetails' mongoConnectionDetails (OnBeanCondition)

   DataMongoReactiveAutoConfiguration:
      Did not match:
         - @ConditionalOnClass did not find required class 'com.mongodb.reactivestreams.client.MongoClient' (OnClassCondition)

   DataMongoReactiveRepositoriesAutoConfiguration:
      Did not match:
         - @ConditionalOnClass did not find required class 'com.mongodb.reactivestreams.client.MongoClient' (OnClassCondition)

   DataRedisHealthContributorAutoConfiguration#redisHealthContributor:
      Did not match:
         - @ConditionalOnMissingBean (names: redisHealthIndicator,redisHealthContributor; SearchStrategy: all) found beans named redisHealthContributor (OnBeanCondition)

   DatadogMetricsExportAutoConfiguration:
      Did not match:
         - @ConditionalOnClass did not find required class 'io.micrometer.datadog.DatadogMeterRegistry' (OnClassCondition)

   DispatcherServletAutoConfiguration.DispatcherServletConfiguration#multipartResolver:
      Did not match:
         - @ConditionalOnBean (types: org.springframework.web.multipart.MultipartResolver; SearchStrategy: all) did not find any beans of type org.springframework.web.multipart.MultipartResolver (OnBeanCondition)

   DynatraceMetricsExportAutoConfiguration:
      Did not match:
         - @ConditionalOnClass did not find required class 'io.micrometer.dynatrace.DynatraceMeterRegistry' (OnClassCondition)

   ElasticMetricsExportAutoConfiguration:
      Did not match:
         - @ConditionalOnClass did not find required class 'io.micrometer.elastic.ElasticMeterRegistry' (OnClassCondition)

   EnvironmentEndpointAutoConfiguration#environmentEndpointWebExtension:
      Did not match:
         - @ConditionalOnAvailableEndpoint not exposed (OnAvailableEndpointCondition)
      Matched:
         - @ConditionalOnBean (types: org.springframework.boot.actuate.env.EnvironmentEndpoint; SearchStrategy: all) found bean 'environmentEndpoint'; @ConditionalOnMissingBean (types: org.springframework.boot.actuate.env.EnvironmentEndpointWebExtension; SearchStrategy: all) did not find any beans (OnBeanCondition)

   GangliaMetricsExportAutoConfiguration:
      Did not match:
         - @ConditionalOnClass did not find required class 'io.micrometer.ganglia.GangliaMeterRegistry' (OnClassCondition)

   GraphiteMetricsExportAutoConfiguration:
      Did not match:
         - @ConditionalOnClass did not find required class 'io.micrometer.graphite.GraphiteMeterRegistry' (OnClassCondition)

   GsonHttpMessageConvertersConfiguration:
      Did not match:
         - @ConditionalOnClass did not find required class 'com.google.gson.Gson' (OnClassCondition)

   HealthEndpointReactiveWebExtensionConfiguration:
      Did not match:
         - did not find reactive web application classes (OnWebApplicationCondition)

   HeapDumpWebEndpointAutoConfiguration:
      Did not match:
         - @ConditionalOnAvailableEndpoint the configured access for endpoint 'heapdump' is NONE (OnAvailableEndpointCondition)

   HttpExchangesEndpointAutoConfiguration#httpExchangesEndpoint:
      Did not match:
         - @ConditionalOnBean (types: org.springframework.boot.actuate.web.exchanges.HttpExchangeRepository; SearchStrategy: all) did not find any beans of type org.springframework.boot.actuate.web.exchanges.HttpExchangeRepository (OnBeanCondition)

   HumioMetricsExportAutoConfiguration:
      Did not match:
         - @ConditionalOnClass did not find required class 'io.micrometer.humio.HumioMeterRegistry' (OnClassCondition)

   InfluxMetricsExportAutoConfiguration:
      Did not match:
         - @ConditionalOnClass did not find required class 'io.micrometer.influx.InfluxMeterRegistry' (OnClassCondition)

   InfoContributorAutoConfiguration#buildInfoContributor:
      Did not match:
         - @ConditionalOnSingleCandidate (types: org.springframework.boot.info.BuildProperties; SearchStrategy: all) did not find any beans (OnBeanCondition)
      Matched:
         - @ConditionalOnEnabledInfoContributor management.info.defaults.enabled is considered true (OnEnabledInfoContributorCondition)

   InfoContributorAutoConfiguration#envInfoContributor:
      Did not match:
         - @ConditionalOnEnabledInfoContributor management.info.env.enabled is not true (OnEnabledInfoContributorCondition)

   InfoContributorAutoConfiguration#gitInfoContributor:
      Did not match:
         - @ConditionalOnSingleCandidate (types: org.springframework.boot.info.GitProperties; SearchStrategy: all) did not find any beans (OnBeanCondition)
      Matched:
         - @ConditionalOnEnabledInfoContributor management.info.defaults.enabled is considered true (OnEnabledInfoContributorCondition)

   InfoContributorAutoConfiguration#javaInfoContributor:
      Did not match:
         - @ConditionalOnEnabledInfoContributor management.info.java.enabled is not true (OnEnabledInfoContributorCondition)

   InfoContributorAutoConfiguration#osInfoContributor:
      Did not match:
         - @ConditionalOnEnabledInfoContributor management.info.os.enabled is not true (OnEnabledInfoContributorCondition)

   InfoContributorAutoConfiguration#processInfoContributor:
      Did not match:
         - @ConditionalOnEnabledInfoContributor management.info.process.enabled is not true (OnEnabledInfoContributorCondition)

   InfoContributorAutoConfiguration#sslInfo:
      Did not match:
         - @ConditionalOnEnabledInfoContributor management.info.ssl.enabled is not true (OnEnabledInfoContributorCondition)
      Matched:
         - @ConditionalOnMissingBean (types: org.springframework.boot.info.SslInfo; SearchStrategy: all) did not find any beans (OnBeanCondition)

   InfoContributorAutoConfiguration#sslInfoContributor:
      Did not match:
         - @ConditionalOnEnabledInfoContributor management.info.ssl.enabled is not true (OnEnabledInfoContributorCondition)

   Jackson2HttpMessageConvertersConfiguration.MappingJackson2HttpMessageConverterConfiguration:
      Did not match:
         - AnyNestedCondition 0 matched 2 did not; NestedCondition on Jackson2HttpMessageConvertersConfiguration.PreferJackson2OrJacksonUnavailableCondition.JacksonUnavailable @ConditionalOnMissingBean (types: org.springframework.boot.http.converter.autoconfigure.JacksonHttpMessageConvertersConfiguration$JacksonJsonHttpMessageConvertersCustomizer; SearchStrategy: all) found beans of type 'org.springframework.boot.http.converter.autoconfigure.JacksonHttpMessageConvertersConfiguration$JacksonJsonHttpMessageConvertersCustomizer' jacksonJsonHttpMessageConvertersCustomizer; NestedCondition on Jackson2HttpMessageConvertersConfiguration.PreferJackson2OrJacksonUnavailableCondition.Jackson2Preferred @ConditionalOnProperty (spring.http.converters.preferred-json-mapper=jackson2) did not find property 'spring.http.converters.preferred-json-mapper' (Jackson2HttpMessageConvertersConfiguration.PreferJackson2OrJacksonUnavailableCondition)
      Matched:
         - @ConditionalOnClass found required class 'com.fasterxml.jackson.databind.ObjectMapper' (OnClassCondition)

   Jackson2HttpMessageConvertersConfiguration.MappingJackson2XmlHttpMessageConverterConfiguration:
      Did not match:
         - @ConditionalOnClass did not find required class 'com.fasterxml.jackson.dataformat.xml.XmlMapper' (OnClassCondition)

   JacksonAutoConfiguration.CborConfiguration:
      Did not match:
         - @ConditionalOnClass did not find required class 'tools.jackson.dataformat.cbor.CBORMapper' (OnClassCondition)

   JacksonAutoConfiguration.XmlConfiguration:
      Did not match:
         - @ConditionalOnClass did not find required class 'tools.jackson.dataformat.xml.XmlMapper' (OnClassCondition)

   JacksonHttpMessageConvertersConfiguration.JacksonXmlHttpMessageConverterConfiguration:
      Did not match:
         - @ConditionalOnClass did not find required class 'tools.jackson.dataformat.xml.XmlMapper' (OnClassCondition)

   JedisConnectionConfiguration:
      Did not match:
         - @ConditionalOnClass did not find required classes 'org.apache.commons.pool2.impl.GenericObjectPool', 'redis.clients.jedis.Jedis' (OnClassCondition)

   JmxEndpointAutoConfiguration.JmxJackson2EndpointConfiguration:
      Did not match:
         - @ConditionalOnMissingClass found unwanted class 'tools.jackson.databind.json.JsonMapper' (OnClassCondition)

   JmxMetricsExportAutoConfiguration:
      Did not match:
         - @ConditionalOnClass did not find required class 'io.micrometer.jmx.JmxMeterRegistry' (OnClassCondition)

   JsonbHttpMessageConvertersConfiguration:
      Did not match:
         - @ConditionalOnClass did not find required class 'jakarta.json.bind.Jsonb' (OnClassCondition)

   JtaAutoConfiguration:
      Did not match:
         - @ConditionalOnClass did not find required class 'jakarta.transaction.Transaction' (OnClassCondition)

   JvmMetricsAutoConfiguration.VirtualThreadMetricsConfiguration:
      Did not match:
         - @ConditionalOnClass did not find required class 'io.micrometer.java21.instrument.binder.jdk.VirtualThreadMetrics' (OnClassCondition)

   KafkaAnnotationDrivenConfiguration#kafkaListenerContainerFactoryConfigurerVirtualThreads:
      Did not match:
         - @ConditionalOnMissingBean (types: org.springframework.boot.kafka.autoconfigure.ConcurrentKafkaListenerContainerFactoryConfigurer; SearchStrategy: all) found beans of type 'org.springframework.boot.kafka.autoconfigure.ConcurrentKafkaListenerContainerFactoryConfigurer' kafkaListenerContainerFactoryConfigurer (OnBeanCondition)

   KafkaAutoConfiguration#kafkaJaasInitializer:
      Did not match:
         - @ConditionalOnBooleanProperty (spring.kafka.jaas.enabled=true) did not find property 'spring.kafka.jaas.enabled' (OnPropertyCondition)

   KafkaAutoConfiguration#kafkaRetryTopicConfiguration:
      Did not match:
         - @ConditionalOnBooleanProperty (spring.kafka.retry.topic.enabled=true) did not find property 'spring.kafka.retry.topic.enabled' (OnPropertyCondition)

   KafkaAutoConfiguration#kafkaTransactionManager:
      Did not match:
         - @ConditionalOnProperty (spring.kafka.producer.transaction-id-prefix) did not find property 'spring.kafka.producer.transaction-id-prefix' (OnPropertyCondition)

   KafkaStreamsAnnotationDrivenConfiguration:
      Did not match:
         - @ConditionalOnClass did not find required class 'org.apache.kafka.streams.StreamsBuilder' (OnClassCondition)

   KairosMetricsExportAutoConfiguration:
      Did not match:
         - @ConditionalOnClass did not find required class 'io.micrometer.kairos.KairosMeterRegistry' (OnClassCondition)

   KotlinSerializationHttpMessageConvertersConfiguration:
      Did not match:
         - @ConditionalOnClass did not find required classes 'kotlinx.serialization.Serializable', 'kotlinx.serialization.json.Json' (OnClassCondition)

   LettuceConnectionConfiguration#redisConnectionFactoryVirtualThreads:
      Did not match:
         - @ConditionalOnMissingBean (types: org.springframework.data.redis.connection.RedisConnectionFactory; SearchStrategy: all) found beans of type 'org.springframework.data.redis.connection.RedisConnectionFactory' redisConnectionFactory (OnBeanCondition)

   Log4J2MetricsAutoConfiguration:
      Did not match:
         - @ConditionalOnClass did not find required class 'org.apache.logging.log4j.core.LoggerContext' (OnClassCondition)

   LogFileWebEndpointAutoConfiguration#logFileWebEndpoint:
      Did not match:
         - Log File did not find logging file (LogFileWebEndpointAutoConfiguration.LogFileCondition)

   ManagementContextAutoConfiguration.DifferentManagementContextConfiguration:
      Did not match:
         - Management Port actual port type (SAME) did not match required type (DIFFERENT) (OnManagementPortCondition)

   MessageSourceAutoConfiguration:
      Did not match:
         - ResourceBundle did not find bundle with basename messages (MessageSourceAutoConfiguration.ResourceBundleCondition)

   MetricsAspectsAutoConfiguration:
      Did not match:
         - @ConditionalOnClass did not find required class 'org.aspectj.weaver.Advice' (OnClassCondition)

   MongoReactiveAutoConfiguration:
      Did not match:
         - @ConditionalOnClass did not find required class 'com.mongodb.reactivestreams.client.MongoClient' (OnClassCondition)

   MongoReactiveHealthContributorAutoConfiguration:
      Did not match:
         - @ConditionalOnClass did not find required class 'com.mongodb.reactivestreams.client.MongoClient' (OnClassCondition)

   MqTTProviderImpl:
      Did not match:
         - @ConditionalOnProperty (messaging.fallback.mqtt.enabled=true) found different value in property 'messaging.fallback.mqtt.enabled' (OnPropertyCondition)

   NewRelicMetricsExportAutoConfiguration:
      Did not match:
         - @ConditionalOnClass did not find required class 'io.micrometer.newrelic.NewRelicMeterRegistry' (OnClassCondition)

   NoOpMeterRegistryConfiguration:
      Did not match:
         - @ConditionalOnMissingBean (types: io.micrometer.core.instrument.MeterRegistry; SearchStrategy: all) found beans of type 'io.micrometer.core.instrument.MeterRegistry' simpleMeterRegistry (OnBeanCondition)

   ObservationAutoConfiguration.ObservedAspectConfiguration:
      Did not match:
         - @ConditionalOnClass did not find required class 'org.aspectj.weaver.Advice' (OnClassCondition)

   OtlpMetricsExportAutoConfiguration:
      Did not match:
         - @ConditionalOnClass did not find required class 'io.micrometer.registry.otlp.OtlpMeterRegistry' (OnClassCondition)

   ProjectInfoAutoConfiguration#buildProperties:
      Did not match:
         - @ConditionalOnResource did not find resource '${spring.info.build.location:classpath:META-INF/build-info.properties}' (OnResourceCondition)

   ProjectInfoAutoConfiguration#gitProperties:
      Did not match:
         - GitResource did not find git info at classpath:git.properties (ProjectInfoAutoConfiguration.GitResourceAvailableCondition)

   PrometheusMetricsExportAutoConfiguration:
      Did not match:
         - @ConditionalOnClass did not find required class 'io.micrometer.prometheusmetrics.PrometheusMeterRegistry' (OnClassCondition)

   RabbitMQProviderImpl:
      Did not match:
         - @ConditionalOnProperty (messaging.fallback.rabitmq.enabled=true) did not find property 'messaging.fallback.rabitmq.enabled' (OnPropertyCondition)

   SbomEndpointAutoConfiguration#sbomEndpointWebExtension:
      Did not match:
         - @ConditionalOnAvailableEndpoint not exposed (OnAvailableEndpointCondition)
      Matched:
         - @ConditionalOnBean (types: org.springframework.boot.actuate.sbom.SbomEndpoint; SearchStrategy: all) found bean 'sbomEndpoint'; @ConditionalOnMissingBean (types: org.springframework.boot.actuate.sbom.SbomEndpointWebExtension; SearchStrategy: all) did not find any beans (OnBeanCondition)

   ServletHttpExchangesAutoConfiguration:
      Did not match:
         - @ConditionalOnBean (types: org.springframework.boot.actuate.web.exchanges.HttpExchangeRepository; SearchStrategy: all) did not find any beans of type org.springframework.boot.actuate.web.exchanges.HttpExchangeRepository (OnBeanCondition)
      Matched:
         - found 'session' scope (OnWebApplicationCondition)
         - @ConditionalOnBooleanProperty (management.httpexchanges.recording.enabled=true) matched (OnPropertyCondition)

   ServletManagementContextAutoConfiguration.ApplicationContextFilterConfiguration:
      Did not match:
         - @ConditionalOnBooleanProperty (management.server.add-application-context-header=true) did not find property 'management.server.add-application-context-header' (OnPropertyCondition)

   ServletWebServerConfiguration#forwardedHeaderFilter:
      Did not match:
         - @ConditionalOnProperty (server.forward-headers-strategy=framework) did not find property 'server.forward-headers-strategy' (OnPropertyCondition)

   ShutdownEndpointAutoConfiguration:
      Did not match:
         - @ConditionalOnAvailableEndpoint the configured access for endpoint 'shutdown' is NONE (OnAvailableEndpointCondition)

   StackdriverMetricsExportAutoConfiguration:
      Did not match:
         - @ConditionalOnClass did not find required class 'io.micrometer.stackdriver.StackdriverMeterRegistry' (OnClassCondition)

   StartupEndpointAutoConfiguration:
      Did not match:
         - ApplicationStartup configured applicationStartup is of type class org.springframework.core.metrics.DefaultApplicationStartup, expected BufferingApplicationStartup. (StartupEndpointAutoConfiguration.ApplicationStartupCondition)

   StatsdMetricsExportAutoConfiguration:
      Did not match:
         - @ConditionalOnClass did not find required class 'io.micrometer.statsd.StatsdMeterRegistry' (OnClassCondition)

   TaskExecutorConfigurations.AsyncConfigurerWrapperConfiguration:
      Did not match:
         - @ConditionalOnBean (types: org.springframework.scheduling.annotation.AsyncConfigurer; SearchStrategy: all) did not find any beans of type org.springframework.scheduling.annotation.AsyncConfigurer (OnBeanCondition)

   TaskExecutorConfigurations.SimpleAsyncTaskExecutorBuilderConfiguration#simpleAsyncTaskExecutorBuilderVirtualThreads:
      Did not match:
         - @ConditionalOnMissingBean (types: org.springframework.boot.task.SimpleAsyncTaskExecutorBuilder; SearchStrategy: all) found beans of type 'org.springframework.boot.task.SimpleAsyncTaskExecutorBuilder' simpleAsyncTaskExecutorBuilder (OnBeanCondition)

   TaskExecutorConfigurations.TaskExecutorConfiguration#applicationTaskExecutorVirtualThreads:
      Did not match:
         - @ConditionalOnThreading did not find VIRTUAL (OnThreadingCondition)

   TaskExecutorConfigurations.TaskExecutorContextPropagationConfiguration:
      Did not match:
         - @ConditionalOnClass did not find required class 'io.micrometer.context.ContextSnapshot' (OnClassCondition)

   TaskSchedulingAutoConfiguration#scheduledBeanLazyInitializationExcludeFilter:
      Did not match:
         - @ConditionalOnBean (names: org.springframework.scheduling.config.internalScheduledAnnotationProcessor; SearchStrategy: all) did not find any beans named org.springframework.scheduling.config.internalScheduledAnnotationProcessor (OnBeanCondition)

   TaskSchedulingConfigurations.SimpleAsyncTaskSchedulerBuilderConfiguration#simpleAsyncTaskSchedulerBuilderVirtualThreads:
      Did not match:
         - @ConditionalOnMissingBean (types: org.springframework.boot.task.SimpleAsyncTaskSchedulerBuilder; SearchStrategy: all) found beans of type 'org.springframework.boot.task.SimpleAsyncTaskSchedulerBuilder' simpleAsyncTaskSchedulerBuilder (OnBeanCondition)

   TaskSchedulingConfigurations.TaskSchedulerConfiguration:
      Did not match:
         - @ConditionalOnBean (names: org.springframework.scheduling.config.internalScheduledAnnotationProcessor; SearchStrategy: all) did not find any beans named org.springframework.scheduling.config.internalScheduledAnnotationProcessor (OnBeanCondition)

   TomcatReactiveManagementContextAutoConfiguration:
      Did not match:
         - @ConditionalOnWebApplication did not find reactive web application classes (OnWebApplicationCondition)

   TomcatReactiveWebServerAutoConfiguration:
      Did not match:
         - @ConditionalOnWebApplication did not find reactive web application classes (OnWebApplicationCondition)

   TomcatServletManagementContextAutoConfiguration:
      Did not match:
         - Management Port actual port type (SAME) did not match required type (DIFFERENT) (OnManagementPortCondition)
      Matched:
         - @ConditionalOnClass found required class 'org.springframework.boot.actuate.autoconfigure.web.server.ManagementContextFactory' (OnClassCondition)
         - found 'session' scope (OnWebApplicationCondition)

   TomcatServletWebServerAutoConfiguration#tomcatForwardedHeaderFilterCustomizer:
      Did not match:
         - @ConditionalOnProperty (server.forward-headers-strategy=framework) did not find property 'server.forward-headers-strategy' (OnPropertyCondition)

   TomcatWebServerConfiguration#tomcatVirtualThreadsProtocolHandlerCustomizer:
      Did not match:
         - @ConditionalOnThreading did not find VIRTUAL (OnThreadingCondition)

   TransactionAutoConfiguration#transactionalOperator:
      Did not match:
         - @ConditionalOnSingleCandidate (types: org.springframework.transaction.ReactiveTransactionManager; SearchStrategy: all) did not find any beans (OnBeanCondition)

   TransactionAutoConfiguration.AspectJTransactionManagementConfiguration:
      Did not match:
         - @ConditionalOnBean did not find required type 'org.springframework.transaction.aspectj.AbstractTransactionAspect' (OnBeanCondition)
         - @ConditionalOnBean (types: org.springframework.transaction.aspectj.AbstractTransactionAspect; SearchStrategy: all) did not find any beans of type org.springframework.transaction.aspectj.AbstractTransactionAspect (OnBeanCondition)

   TransactionAutoConfiguration.EnableTransactionManagementConfiguration:
      Did not match:
         - @ConditionalOnBean (types: org.springframework.transaction.TransactionManager; SearchStrategy: all) did not find any beans of type org.springframework.transaction.TransactionManager (OnBeanCondition)

   TransactionAutoConfiguration.EnableTransactionManagementConfiguration.CglibAutoProxyConfiguration:
      Did not match:
         - Ancestor org.springframework.boot.transaction.autoconfigure.TransactionAutoConfiguration$EnableTransactionManagementConfiguration did not match (ConditionEvaluationReport.AncestorsMatchedCondition)
      Matched:
         - @ConditionalOnBooleanProperty (spring.aop.proxy-target-class=true) matched (OnPropertyCondition)

   TransactionAutoConfiguration.EnableTransactionManagementConfiguration.JdkDynamicAutoProxyConfiguration:
      Did not match:
         - @ConditionalOnBooleanProperty (spring.aop.proxy-target-class=false) did not find property 'spring.aop.proxy-target-class' (OnPropertyCondition)
         - Ancestor org.springframework.boot.transaction.autoconfigure.TransactionAutoConfiguration$EnableTransactionManagementConfiguration did not match (ConditionEvaluationReport.AncestorsMatchedCondition)

   TransactionAutoConfiguration.TransactionTemplateConfiguration:
      Did not match:
         - @ConditionalOnSingleCandidate (types: org.springframework.transaction.PlatformTransactionManager; SearchStrategy: all) did not find any beans (OnBeanCondition)

   WebMvcAutoConfiguration#hiddenHttpMethodFilter:
      Did not match:
         - @ConditionalOnBooleanProperty (spring.mvc.hiddenmethod.filter.enabled=true) did not find property 'spring.mvc.hiddenmethod.filter.enabled' (OnPropertyCondition)

   WebMvcAutoConfiguration.ProblemDetailsErrorHandlingConfiguration:
      Did not match:
         - @ConditionalOnBooleanProperty (spring.mvc.problemdetails.enabled=true) did not find property 'spring.mvc.problemdetails.enabled' (OnPropertyCondition)

   WebMvcAutoConfiguration.ResourceChainCustomizerConfiguration:
      Did not match:
         - @ConditionalOnEnabledResourceChain did not find class org.webjars.WebJarVersionLocator (OnEnabledResourceChainCondition)

   WebMvcAutoConfiguration.WebMvcAutoConfigurationAdapter#beanNameViewResolver:
      Did not match:
         - @ConditionalOnMissingBean (types: org.springframework.web.servlet.view.BeanNameViewResolver; SearchStrategy: all) found beans of type 'org.springframework.web.servlet.view.BeanNameViewResolver' beanNameViewResolver (OnBeanCondition)

   WebMvcEndpointManagementContextConfiguration.HealthConfiguration#managementHealthEndpointWebMvcHandlerMapping:
      Did not match:
         - Management Port actual port type (SAME) did not match required type (DIFFERENT) (OnManagementPortCondition)


Exclusions:
-----------

    None


Unconditional classes:
----------------------

    org.springframework.boot.health.autoconfigure.registry.HealthContributorRegistryAutoConfiguration

    org.springframework.boot.autoconfigure.context.ConfigurationPropertiesAutoConfiguration

    org.springframework.boot.autoconfigure.ssl.SslAutoConfiguration

    org.springframework.boot.actuate.autoconfigure.info.InfoContributorAutoConfiguration

    org.springframework.boot.autoconfigure.context.PropertyPlaceholderAutoConfiguration

    org.springframework.boot.autoconfigure.context.LifecycleAutoConfiguration

    org.springframework.boot.actuate.autoconfigure.endpoint.EndpointAutoConfiguration

    org.springframework.boot.health.autoconfigure.contributor.HealthContributorAutoConfiguration

    org.springframework.boot.autoconfigure.availability.ApplicationAvailabilityAutoConfiguration

    org.springframework.boot.autoconfigure.info.ProjectInfoAutoConfiguration

    org.springframework.boot.actuate.autoconfigure.web.server.ManagementContextAutoConfiguration



2026-08-11 18:03:45 DEBUG o.s.b.a.ApplicationAvailabilityBean - Application availability state LivenessState changed to CORRECT
2026-08-11 18:03:45 DEBUG o.s.b.a.ApplicationAvailabilityBean - Application availability state ReadinessState changed to ACCEPTING_TRAFFIC
2026-08-11 18:03:48 DEBUG o.s.web.servlet.DispatcherServlet - Detected StandardServletMultipartResolver
2026-08-11 18:03:48 DEBUG o.s.web.servlet.DispatcherServlet - Detected AcceptHeaderLocaleResolver
2026-08-11 18:03:48 DEBUG o.s.web.servlet.DispatcherServlet - Detected org.springframework.web.servlet.view.DefaultRequestToViewNameTranslator@4e336302
2026-08-11 18:03:48 DEBUG o.s.web.servlet.DispatcherServlet - Detected org.springframework.web.servlet.support.SessionFlashMapManager@1f1f086b
2026-08-11 18:03:48 DEBUG o.s.web.servlet.DispatcherServlet - enableLoggingRequestDetails='false': request parameters and headers will be masked to prevent unsafe logging of potentially sensitive data
2026-08-11 18:03:54 DEBUG org.mongodb.driver.cluster - Heartbeat succeeded in 10015 ms for localhost:27017 on connection with driver-generated ID 1 and server-generated ID 18 in topology with ID ClusterId{value='6a7b16a8815c9ca6777eebcc', description='null'}. Awaited: true. Reply: {"helloOk": true, "isWritablePrimary": true, "topologyVersion": {"processId": {"$oid": "6a7b12b17f5d85885f0658c5"}, "counter": 0}, "maxBsonObjectSize": 16777216, "maxMessageSizeBytes": 48000000, "maxWriteBatchSize": 100000, "localTime": {"$date": "2026-08-11T12:33:54.92Z"}, "logicalSessionTimeoutMinutes": 30, "connectionId": 18, "minWireVersion": 0, "maxWireVersion": 27, "readOnly": false, "ok": 1.0}
2026-08-11 18:03:54 DEBUG org.mongodb.driver.cluster - Updating cluster description to  {type=STANDALONE, servers=[{address=localhost:27017, type=STANDALONE, roundTripTime=10.8 ms, state=CONNECTED}]
2026-08-11 18:03:54 DEBUG org.mongodb.driver.cluster - Checking status of localhost:27017
2026-08-11 18:03:54 DEBUG org.mongodb.driver.cluster - Heartbeat started for localhost:27017 on connection with driver-generated ID 1 and server-generated ID 18 in topology with ID ClusterId{value='6a7b16a8815c9ca6777eebcc', description='null'}. Awaited: true
2026-08-11 18:04:04 DEBUG org.mongodb.driver.cluster - Heartbeat succeeded in 10000 ms for localhost:27017 on connection with driver-generated ID 1 and server-generated ID 18 in topology with ID ClusterId{value='6a7b16a8815c9ca6777eebcc', description='null'}. Awaited: true. Reply: {"helloOk": true, "isWritablePrimary": true, "topologyVersion": {"processId": {"$oid": "6a7b12b17f5d85885f0658c5"}, "counter": 0}, "maxBsonObjectSize": 16777216, "maxMessageSizeBytes": 48000000, "maxWriteBatchSize": 100000, "localTime": {"$date": "2026-08-11T12:34:04.929Z"}, "logicalSessionTimeoutMinutes": 30, "connectionId": 18, "minWireVersion": 0, "maxWireVersion": 27, "readOnly": false, "ok": 1.0}
2026-08-11 18:04:04 DEBUG org.mongodb.driver.cluster - Updating cluster description to  {type=STANDALONE, servers=[{address=localhost:27017, type=STANDALONE, roundTripTime=9.4 ms, state=CONNECTED}]
2026-08-11 18:04:04 DEBUG org.mongodb.driver.cluster - Checking status of localhost:27017
2026-08-11 18:04:04 DEBUG org.mongodb.driver.cluster - Heartbeat started for localhost:27017 on connection with driver-generated ID 1 and server-generated ID 18 in topology with ID ClusterId{value='6a7b16a8815c9ca6777eebcc', description='null'}. Awaited: true
2026-08-11 18:04:06 DEBUG o.s.web.servlet.DispatcherServlet - POST "/api/template", parameters={}
2026-08-11 18:04:06 DEBUG o.s.w.s.m.m.a.RequestMappingHandlerMapping - Mapped to com.notification.api.controller.template.TemplateController#createTemplate(CreateTemplateRequest)
2026-08-11 18:04:06 DEBUG o.s.w.s.m.m.a.RequestResponseBodyMethodProcessor - Read "application/json;charset=UTF-8" to [CreateTemplateRequest(name=Netflix Account Expired Template, templateVariables={USER_NAME=userName,  (truncated)...]
2026-08-11 18:04:07 DEBUG o.s.d.r.core.RedisConnectionUtils - Fetching Redis Connection from RedisConnectionFactory
2026-08-11 18:04:07 DEBUG io.lettuce.core.RedisChannelHandler - dispatching command AsyncCommand [type=HGET, output=ValueOutput [output=null, error='null'], commandType=io.lettuce.core.protocol.Command]
2026-08-11 18:04:07 DEBUG i.l.core.protocol.DefaultEndpoint - [channel=0x84d0e94a, /127.0.0.1:60102 -> localhost/127.0.0.1:6379, epid=0x1] write() writeAndFlush command TracedCommand [type=HGET, output=ValueOutput [output=null, error='null'], commandType=io.lettuce.core.protocol.AsyncCommand]
2026-08-11 18:04:07 DEBUG i.l.core.protocol.DefaultEndpoint - [channel=0x84d0e94a, /127.0.0.1:60102 -> localhost/127.0.0.1:6379, epid=0x1] write() done
2026-08-11 18:04:07 DEBUG i.l.core.protocol.CommandHandler - [channel=0x84d0e94a, /127.0.0.1:60102 -> localhost/127.0.0.1:6379, epid=0x1, chid=0x1] write(ctx, TracedCommand [type=HGET, output=ValueOutput [output=null, error='null'], commandType=io.lettuce.core.protocol.AsyncCommand], promise)
2026-08-11 18:04:07 DEBUG i.l.core.protocol.CommandEncoder - [channel=0x84d0e94a, /127.0.0.1:60102 -> localhost/127.0.0.1:6379] writing command TracedCommand [type=HGET, output=ValueOutput [output=null, error='null'], commandType=io.lettuce.core.protocol.AsyncCommand]
2026-08-11 18:04:07 DEBUG i.l.core.protocol.CommandHandler - [channel=0x84d0e94a, /127.0.0.1:60102 -> localhost/127.0.0.1:6379, epid=0x1, chid=0x1] Received: 3 bytes, 1 commands in the stack
2026-08-11 18:04:07 DEBUG i.l.core.protocol.CommandHandler - [channel=0x84d0e94a, /127.0.0.1:60102 -> localhost/127.0.0.1:6379, epid=0x1, chid=0x1] Stack contains: 1 commands
2026-08-11 18:04:07 DEBUG i.l.core.protocol.RedisStateMachine - Decode done, empty stack: true
2026-08-11 18:04:07 DEBUG i.l.core.protocol.CommandHandler - [channel=0x84d0e94a, /127.0.0.1:60102 -> localhost/127.0.0.1:6379, epid=0x1, chid=0x1] Completing command TracedCommand [type=HGET, output=ValueOutput [output=null, error='null'], commandType=io.lettuce.core.protocol.AsyncCommand]
2026-08-11 18:04:07 DEBUG o.s.d.r.core.RedisConnectionUtils - Closing Redis Connection
2026-08-11 18:04:07 DEBUG o.s.w.s.m.m.a.ExceptionHandlerExceptionResolver - Using @ExceptionHandler com.notification.api.exception.handler.GlobalExceptionHandler#handleValidationException(ValidationException)
2026-08-11 18:04:07 DEBUG o.s.w.s.m.m.a.HttpEntityMethodProcessor - Using 'text/plain', given [*/*] and supported [text/plain, */*, application/json, application/*+json]
2026-08-11 18:04:07 DEBUG o.s.w.s.m.m.a.HttpEntityMethodProcessor - Writing ["Error while fetching data from cache"]
2026-08-11 18:04:07 DEBUG o.s.w.s.m.m.a.ExceptionHandlerExceptionResolver - Resolved [com.notification.api.exception.ValidationException: Error while fetching data from cache]
2026-08-11 18:04:07 DEBUG o.s.web.servlet.DispatcherServlet - Completed 400 BAD_REQUEST
2026-08-11 18:04:14 DEBUG org.mongodb.driver.cluster - Heartbeat succeeded in 10006 ms for localhost:27017 on connection with driver-generated ID 1 and server-generated ID 18 in topology with ID ClusterId{value='6a7b16a8815c9ca6777eebcc', description='null'}. Awaited: true. Reply: {"helloOk": true, "isWritablePrimary": true, "topologyVersion": {"processId": {"$oid": "6a7b12b17f5d85885f0658c5"}, "counter": 0}, "maxBsonObjectSize": 16777216, "maxMessageSizeBytes": 48000000, "maxWriteBatchSize": 100000, "localTime": {"$date": "2026-08-11T12:34:14.937Z"}, "logicalSessionTimeoutMinutes": 30, "connectionId": 18, "minWireVersion": 0, "maxWireVersion": 27, "readOnly": false, "ok": 1.0}
2026-08-11 18:04:14 DEBUG org.mongodb.driver.cluster - Updating cluster description to  {type=STANDALONE, servers=[{address=localhost:27017, type=STANDALONE, roundTripTime=8.1 ms, state=CONNECTED}]
2026-08-11 18:04:14 DEBUG org.mongodb.driver.cluster - Checking status of localhost:27017
2026-08-11 18:04:14 DEBUG org.mongodb.driver.cluster - Heartbeat started for localhost:27017 on connection with driver-generated ID 1 and server-generated ID 18 in topology with ID ClusterId{value='6a7b16a8815c9ca6777eebcc', description='null'}. Awaited: true
2026-08-11 18:04:22 DEBUG o.s.b.a.ApplicationAvailabilityBean - Application availability state ReadinessState changed from ACCEPTING_TRAFFIC to REFUSING_TRAFFIC
2026-08-11 18:04:22 DEBUG o.s.b.w.s.s.c.AnnotationConfigServletWebServerApplicationContext - Closing org.springframework.boot.web.server.servlet.context.AnnotationConfigServletWebServerApplicationContext@1a1d3c1a, started on Tue Aug 11 18:03:42 IST 2026
2026-08-11 18:04:22 DEBUG o.s.c.s.DefaultLifecycleProcessor - Stopping beans in phase 2147483647
2026-08-11 18:04:22 DEBUG o.s.c.s.DefaultLifecycleProcessor - Bean 'org.springframework.data.redis.config.internalRedisListenerEndpointRegistry' completed its stop procedure
2026-08-11 18:04:22 DEBUG o.s.d.r.l.RedisMessageListenerContainer - Stopped RedisMessageListenerContainer
2026-08-11 18:04:22 DEBUG o.s.c.s.DefaultLifecycleProcessor - Bean 'redisMessageListenerContainer' completed its stop procedure
2026-08-11 18:04:22 DEBUG o.s.d.r.l.RedisMessageListenerContainer - Stopped RedisMessageListenerContainer
2026-08-11 18:04:22 DEBUG o.s.c.s.DefaultLifecycleProcessor - Bean 'redisKeyValueAdapter' completed its stop procedure
2026-08-11 18:04:22 DEBUG o.s.c.s.DefaultLifecycleProcessor - Stopping beans in phase 2147483547
2026-08-11 18:04:22 DEBUG o.s.c.s.DefaultLifecycleProcessor - Bean 'org.springframework.kafka.config.internalKafkaListenerEndpointRegistry' completed its stop procedure
2026-08-11 18:04:22 DEBUG o.s.c.s.DefaultLifecycleProcessor - Stopping beans in phase 2147482623
2026-08-11 18:04:22 DEBUG o.s.c.s.DefaultLifecycleProcessor - Bean 'webServerGracefulShutdown' completed its stop procedure
2026-08-11 18:04:22 DEBUG o.s.c.s.DefaultLifecycleProcessor - Stopping beans in phase 2147481599
2026-08-11 18:04:22 DEBUG o.s.c.s.DefaultLifecycleProcessor - Bean 'webServerStartStop' completed its stop procedure
2026-08-11 18:04:22 DEBUG o.s.c.s.DefaultLifecycleProcessor - Stopping beans in phase 1073741823
2026-08-11 18:04:22 DEBUG o.s.c.s.DefaultLifecycleProcessor - Bean 'applicationTaskExecutor' completed its stop procedure
2026-08-11 18:04:22 DEBUG o.s.c.s.DefaultLifecycleProcessor - Stopping beans in phase 0
2026-08-11 18:04:22 DEBUG io.lettuce.core.RedisChannelHandler - closeAsync()
2026-08-11 18:04:22 DEBUG i.l.core.protocol.DefaultEndpoint - [channel=0x84d0e94a, /127.0.0.1:60102 -> localhost/127.0.0.1:6379, epid=0x1] closeAsync()
2026-08-11 18:04:22 DEBUG io.lettuce.core.AbstractRedisClient - Initiate shutdown (0, 100, MILLISECONDS)
2026-08-11 18:04:22 DEBUG i.l.core.protocol.CommandHandler - [channel=0x84d0e94a, /127.0.0.1:60102 -> localhost/127.0.0.1:6379, epid=0x1, chid=0x1] channelInactive()
2026-08-11 18:04:22 DEBUG i.l.core.protocol.DefaultEndpoint - [channel=0x84d0e94a, /127.0.0.1:60102 -> localhost/127.0.0.1:6379, epid=0x1] deactivating endpoint handler
2026-08-11 18:04:22 DEBUG i.l.c.r.DefaultEventLoopGroupProvider - Release executor io.netty.channel.MultiThreadIoEventLoopGroup@44106e25
2026-08-11 18:04:22 DEBUG i.l.core.protocol.CommandHandler - [channel=0x84d0e94a, /127.0.0.1:60102 -> localhost/127.0.0.1:6379, epid=0x1, chid=0x1] channelInactive() done
2026-08-11 18:04:22 DEBUG i.l.core.protocol.ConnectionWatchdog - [channel=0x84d0e94a, /127.0.0.1:60102 -> localhost/127.0.0.1:6379, last known addr=localhost/127.0.0.1:6379] channelInactive()
2026-08-11 18:04:22 DEBUG i.l.core.protocol.ConnectionWatchdog - [channel=0x84d0e94a, /127.0.0.1:60102 -> localhost/127.0.0.1:6379, last known addr=localhost/127.0.0.1:6379] Reconnect scheduling disabled
2026-08-11 18:04:22 DEBUG i.l.core.protocol.CommandHandler - [channel=0x84d0e94a, /127.0.0.1:60102 -> localhost/127.0.0.1:6379, epid=0x1, chid=0x1] channelUnregistered()
2026-08-11 18:04:22 DEBUG o.s.c.s.DefaultLifecycleProcessor - Bean 'redisConnectionFactory' completed its stop procedure
2026-08-11 18:04:22 DEBUG o.s.c.s.DefaultLifecycleProcessor - Stopping beans in phase -2147483647
2026-08-11 18:04:22 DEBUG o.s.c.s.DefaultLifecycleProcessor - Bean 'springBootLoggingLifecycle' completed its stop procedure
2026-08-11 18:04:22 DEBUG o.s.c.s.DefaultLifecycleProcessor - Stopping beans in phase -2147483648
2026-08-11 18:04:22 DEBUG o.s.c.s.DefaultLifecycleProcessor - Bean 'kafkaProducerFactory' completed its stop procedure
2026-08-11 18:04:22 DEBUG o.s.b.a.e.jmx.JmxEndpointExporter - Unregister endpoint with ObjectName 'org.springframework.boot:type=Endpoint,name=Beans' from the JMX domain
2026-08-11 18:04:22 DEBUG o.s.b.a.e.jmx.JmxEndpointExporter - Unregister endpoint with ObjectName 'org.springframework.boot:type=Endpoint,name=Conditions' from the JMX domain
2026-08-11 18:04:22 DEBUG o.s.b.a.e.jmx.JmxEndpointExporter - Unregister endpoint with ObjectName 'org.springframework.boot:type=Endpoint,name=Configprops' from the JMX domain
2026-08-11 18:04:22 DEBUG o.s.b.a.e.jmx.JmxEndpointExporter - Unregister endpoint with ObjectName 'org.springframework.boot:type=Endpoint,name=Env' from the JMX domain
2026-08-11 18:04:22 DEBUG o.s.b.a.e.jmx.JmxEndpointExporter - Unregister endpoint with ObjectName 'org.springframework.boot:type=Endpoint,name=Info' from the JMX domain
2026-08-11 18:04:22 DEBUG o.s.b.a.e.jmx.JmxEndpointExporter - Unregister endpoint with ObjectName 'org.springframework.boot:type=Endpoint,name=Loggers' from the JMX domain
2026-08-11 18:04:22 DEBUG o.s.b.a.e.jmx.JmxEndpointExporter - Unregister endpoint with ObjectName 'org.springframework.boot:type=Endpoint,name=Threaddump' from the JMX domain
2026-08-11 18:04:22 DEBUG o.s.b.a.e.jmx.JmxEndpointExporter - Unregister endpoint with ObjectName 'org.springframework.boot:type=Endpoint,name=Sbom' from the JMX domain
2026-08-11 18:04:22 DEBUG o.s.b.a.e.jmx.JmxEndpointExporter - Unregister endpoint with ObjectName 'org.springframework.boot:type=Endpoint,name=Scheduledtasks' from the JMX domain
2026-08-11 18:04:22 DEBUG o.s.b.a.e.jmx.JmxEndpointExporter - Unregister endpoint with ObjectName 'org.springframework.boot:type=Endpoint,name=Mappings' from the JMX domain
2026-08-11 18:04:22 DEBUG o.s.b.a.e.jmx.JmxEndpointExporter - Unregister endpoint with ObjectName 'org.springframework.boot:type=Endpoint,name=Health' from the JMX domain
2026-08-11 18:04:22 DEBUG o.s.b.a.e.jmx.JmxEndpointExporter - Unregister endpoint with ObjectName 'org.springframework.boot:type=Endpoint,name=Metrics' from the JMX domain
2026-08-11 18:04:22 DEBUG o.s.j.e.a.AnnotationMBeanExporter - Unregistering JMX-exposed beans on shutdown
2026-08-11 18:04:22 DEBUG org.mongodb.driver.connection - Connection pool closed for localhost:27017
2026-08-11 18:04:22 DEBUG org.mongodb.driver.cluster - Stopped monitoring for server localhost:27017 in topology with ID ClusterId{value='6a7b16a8815c9ca6777eebcc', description='null'}
2026-08-11 18:04:22 DEBUG org.mongodb.driver.cluster - Description changed for topology with ID ClusterId{value='6a7b16a8815c9ca6777eebcc', description='null'}. Previous description: {type=STANDALONE, servers=[{address=localhost:27017, type=STANDALONE, roundTripTime=8.1 ms, state=CONNECTED}]. New description: {type=UNKNOWN, servers=[]
2026-08-11 18:04:22 DEBUG org.mongodb.driver.cluster - Stopped monitoring for topology with ID ClusterId{value='6a7b16a8815c9ca6777eebcc', description='null'}
2026-08-11 18:04:22 DEBUG org.mongodb.driver.cluster - Heartbeat failed in 8040 ms for localhost:27017 on connection with driver-generated ID 1 and server-generated ID 18 in topology with ID ClusterId{value='6a7b16a8815c9ca6777eebcc', description='null'}. Awaited: true. Failure: Interrupted while receiving message
2026-08-11 18:04:22 DEBUG i.l.c.r.DefaultClientResources - Initiate shutdown (0, 2, SECONDS)
2026-08-11 18:04:22 DEBUG i.l.c.r.DefaultEventLoopGroupProvider - Initiate shutdown (0, 2, SECONDS)
2026-08-11 18:04:22 DEBUG o.s.b.f.s.DisposableBeanAdapter - Custom destroy method 'shutdown' on bean with name 'lettuceClientResources' completed asynchronously
2026-08-11 18:04:22 DEBUG o.s.s.c.ThreadPoolTaskExecutor - Shutting down ExecutorService 'applicationTaskExecutor'
2026-08-11 18:04:22 DEBUG o.s.b.f.s.DisposableBeanAdapter - Custom destroy method 'close' on bean with name 'simpleMeterRegistry' completed
2026-08-11 18:05:47 DEBUG org.jboss.logging - Logging Provider: org.jboss.logging.Slf4jLoggerProvider found via system property
2026-08-11 18:05:47 DEBUG o.h.v.i.x.config.ValidationXmlParser - Trying to load META-INF/validation.xml for XML based Validator configuration.
2026-08-11 18:05:47 DEBUG o.h.v.i.x.c.ResourceLoaderHelper - Trying to load META-INF/validation.xml via TCCL
2026-08-11 18:05:47 DEBUG o.h.v.i.x.c.ResourceLoaderHelper - Trying to load META-INF/validation.xml via Hibernate Validator's class loader
2026-08-11 18:05:47 DEBUG o.h.v.i.x.config.ValidationXmlParser - No META-INF/validation.xml found. Using annotation based configuration only.
2026-08-11 18:05:47 DEBUG o.h.v.i.e.r.TraversableResolvers - Cannot find jakarta.persistence.Persistence on classpath. Assuming non Jakarta Persistence environment. All properties will per default be traversable.
2026-08-11 18:05:47 DEBUG o.h.v.m.ResourceBundleMessageInterpolator - Loaded expression factory via original TCCL
2026-08-11 18:05:47 DEBUG c.n.a.NotificationApiServiceApplication - Running with Spring Boot v4.1.0, Spring v7.0.8
2026-08-11 18:05:47 DEBUG o.s.boot.SpringApplication - Loading source class com.notification.api.NotificationApiServiceApplication
2026-08-11 18:05:47 DEBUG o.s.b.w.s.s.c.AnnotationConfigServletWebServerApplicationContext - Refreshing org.springframework.boot.web.server.servlet.context.AnnotationConfigServletWebServerApplicationContext@c0b41d6
2026-08-11 18:05:47 DEBUG o.h.v.i.e.ValidatorFactoryConfigurationHelper - HV000252: Using org.hibernate.validator.internal.engine.DefaultPropertyNodeNameProvider as property node name provider.
2026-08-11 18:05:47 DEBUG o.h.v.i.e.ValidatorFactoryConfigurationHelper - HV000234: Using org.hibernate.validator.messageinterpolation.ResourceBundleMessageInterpolator as ValidatorFactory-scoped message interpolator.
2026-08-11 18:05:47 DEBUG o.h.v.i.e.ValidatorFactoryConfigurationHelper - HV000234: Using org.hibernate.validator.internal.engine.resolver.TraverseAllTraversableResolver as ValidatorFactory-scoped traversable resolver.
2026-08-11 18:05:47 DEBUG o.h.v.i.e.ValidatorFactoryConfigurationHelper - HV000234: Using org.hibernate.validator.internal.util.ExecutableParameterNameProvider as ValidatorFactory-scoped parameter name provider.
2026-08-11 18:05:47 DEBUG o.h.v.i.e.ValidatorFactoryConfigurationHelper - HV000234: Using org.hibernate.validator.internal.engine.DefaultClockProvider as ValidatorFactory-scoped clock provider.
2026-08-11 18:05:47 DEBUG o.h.v.i.e.ValidatorFactoryConfigurationHelper - HV000234: Using org.hibernate.validator.internal.engine.scripting.DefaultScriptEvaluatorFactory as ValidatorFactory-scoped script evaluator factory.
2026-08-11 18:05:47 DEBUG o.s.b.f.s.DefaultListableBeanFactory - Creating shared instance of singleton bean 'org.springframework.context.annotation.internalConfigurationAnnotationProcessor'
2026-08-11 18:05:47 DEBUG o.s.b.f.s.DefaultListableBeanFactory - Creating shared instance of singleton bean 'org.springframework.boot.autoconfigure.internalCachingMetadataReaderFactory'
2026-08-11 18:05:47 DEBUG o.s.c.a.ClassPathBeanDefinitionScanner - Identified candidate component class: file [/home/tejaskudva/Java Projects/Kafka Tutorials/notification-api-service/target/classes/com/notification/api/bootstrap/ConnectionValidator.class]
2026-08-11 18:05:47 DEBUG o.s.c.a.ClassPathBeanDefinitionScanner - Identified candidate component class: file [/home/tejaskudva/Java Projects/Kafka Tutorials/notification-api-service/target/classes/com/notification/api/config/ApplicationProperties.class]
2026-08-11 18:05:47 DEBUG o.s.c.a.ClassPathBeanDefinitionScanner - Identified candidate component class: file [/home/tejaskudva/Java Projects/Kafka Tutorials/notification-api-service/target/classes/com/notification/api/config/BeanConfigs.class]
2026-08-11 18:05:47 DEBUG o.s.c.a.ClassPathBeanDefinitionScanner - Identified candidate component class: file [/home/tejaskudva/Java Projects/Kafka Tutorials/notification-api-service/target/classes/com/notification/api/config/RedisConfig.class]
2026-08-11 18:05:47 DEBUG o.s.c.a.ClassPathBeanDefinitionScanner - Identified candidate component class: file [/home/tejaskudva/Java Projects/Kafka Tutorials/notification-api-service/target/classes/com/notification/api/controller/notification/NotificationController.class]
2026-08-11 18:05:47 DEBUG o.s.c.a.ClassPathBeanDefinitionScanner - Identified candidate component class: file [/home/tejaskudva/Java Projects/Kafka Tutorials/notification-api-service/target/classes/com/notification/api/controller/template/TemplateController.class]
2026-08-11 18:05:47 DEBUG o.s.c.a.ClassPathBeanDefinitionScanner - Identified candidate component class: file [/home/tejaskudva/Java Projects/Kafka Tutorials/notification-api-service/target/classes/com/notification/api/dao/impl/CacheServiceImpl.class]
2026-08-11 18:05:47 DEBUG o.s.c.a.ClassPathBeanDefinitionScanner - Identified candidate component class: file [/home/tejaskudva/Java Projects/Kafka Tutorials/notification-api-service/target/classes/com/notification/api/dao/impl/TemplateDaoImpl.class]
2026-08-11 18:05:47 DEBUG o.s.c.a.ClassPathBeanDefinitionScanner - Identified candidate component class: file [/home/tejaskudva/Java Projects/Kafka Tutorials/notification-api-service/target/classes/com/notification/api/exception/handler/GlobalExceptionHandler.class]
2026-08-11 18:05:47 DEBUG o.s.c.a.ClassPathBeanDefinitionScanner - Identified candidate component class: file [/home/tejaskudva/Java Projects/Kafka Tutorials/notification-api-service/target/classes/com/notification/api/filter/NotificationAuthFilter.class]
2026-08-11 18:05:47 DEBUG o.s.c.a.ClassPathBeanDefinitionScanner - Identified candidate component class: file [/home/tejaskudva/Java Projects/Kafka Tutorials/notification-api-service/target/classes/com/notification/api/pubsub/impl/KafkaProviderImpl.class]
2026-08-11 18:05:47 DEBUG o.s.c.a.ClassPathBeanDefinitionScanner - Identified candidate component class: file [/home/tejaskudva/Java Projects/Kafka Tutorials/notification-api-service/target/classes/com/notification/api/pubsub/publisher/GenericPublisherImpl.class]
2026-08-11 18:05:47 DEBUG o.s.c.a.ClassPathBeanDefinitionScanner - Identified candidate component class: file [/home/tejaskudva/Java Projects/Kafka Tutorials/notification-api-service/target/classes/com/notification/api/services/impl/NotificationServiceImpl.class]
2026-08-11 18:05:47 DEBUG o.s.c.a.ClassPathBeanDefinitionScanner - Identified candidate component class: file [/home/tejaskudva/Java Projects/Kafka Tutorials/notification-api-service/target/classes/com/notification/api/services/impl/TemplateServiceImpl.class]
2026-08-11 18:05:47 DEBUG o.s.b.f.s.DefaultListableBeanFactory - Creating shared instance of singleton bean 'org.springframework.boot.autoconfigure.AutoConfigurationPackages'
2026-08-11 18:05:47 DEBUG o.s.b.a.AutoConfigurationPackages - @EnableAutoConfiguration was declared on a class in the package 'com.notification.api'. Automatic @Repository and @Entity scanning is enabled.
2026-08-11 18:05:47 DEBUG o.s.d.r.c.RepositoryConfigurationDelegate - Scanning for MongoDB repositories in packages com.notification.api.
2026-08-11 18:05:47 DEBUG o.s.d.r.c.RepositoryComponentProvider - Identified candidate component class: file [/home/tejaskudva/Java Projects/Kafka Tutorials/notification-api-service/target/classes/com/notification/api/dao/repository/TemplateRepository.class]
2026-08-11 18:05:48 DEBUG o.s.c.a.ClassPathScanningCandidateComponentProvider - Identified candidate component class: file [/home/tejaskudva/Java Projects/Kafka Tutorials/notification-api-service/target/classes/com/notification/api/dao/impl/CacheServiceImpl.class]
2026-08-11 18:05:48 DEBUG o.s.c.a.ClassPathScanningCandidateComponentProvider - Identified candidate component class: file [/home/tejaskudva/Java Projects/Kafka Tutorials/notification-api-service/target/classes/com/notification/api/dao/impl/TemplateDaoImpl.class]
2026-08-11 18:05:48 DEBUG o.s.c.a.ClassPathScanningCandidateComponentProvider - Identified candidate component class: file [/home/tejaskudva/Java Projects/Kafka Tutorials/notification-api-service/target/classes/com/notification/api/pubsub/impl/KafkaProviderImpl.class]
2026-08-11 18:05:48 DEBUG o.s.c.a.ClassPathScanningCandidateComponentProvider - Identified candidate component class: file [/home/tejaskudva/Java Projects/Kafka Tutorials/notification-api-service/target/classes/com/notification/api/pubsub/publisher/GenericPublisherImpl.class]
2026-08-11 18:05:48 DEBUG o.s.c.a.ClassPathScanningCandidateComponentProvider - Identified candidate component class: file [/home/tejaskudva/Java Projects/Kafka Tutorials/notification-api-service/target/classes/com/notification/api/services/impl/NotificationServiceImpl.class]
2026-08-11 18:05:48 DEBUG o.s.c.a.ClassPathScanningCandidateComponentProvider - Identified candidate component class: file [/home/tejaskudva/Java Projects/Kafka Tutorials/notification-api-service/target/classes/com/notification/api/services/impl/TemplateServiceImpl.class]
2026-08-11 18:05:48 DEBUG o.s.d.r.c.RepositoryConfigurationDelegate - Scanning for Redis repositories in packages com.notification.api.
2026-08-11 18:05:48 DEBUG o.s.d.r.c.RepositoryComponentProvider - Identified candidate component class: file [/home/tejaskudva/Java Projects/Kafka Tutorials/notification-api-service/target/classes/com/notification/api/dao/repository/TemplateRepository.class]
2026-08-11 18:05:48 DEBUG o.s.b.f.s.DefaultListableBeanFactory - Creating shared instance of singleton bean 'propertySourcesPlaceholderConfigurer'
2026-08-11 18:05:48 DEBUG o.s.b.f.s.DefaultListableBeanFactory - Creating shared instance of singleton bean 'org.springframework.context.event.internalEventListenerProcessor'
2026-08-11 18:05:48 DEBUG o.s.b.f.s.DefaultListableBeanFactory - Creating shared instance of singleton bean 'bootstrapExecutorAliasPostProcessor'
2026-08-11 18:05:48 DEBUG o.s.b.f.s.DefaultListableBeanFactory - Creating shared instance of singleton bean 'preserveErrorControllerTargetClassPostProcessor'
2026-08-11 18:05:48 DEBUG o.s.b.f.s.DefaultListableBeanFactory - Creating shared instance of singleton bean 'forceAutoProxyCreatorToUseClassProxying'
2026-08-11 18:05:48 DEBUG o.s.b.f.s.DefaultListableBeanFactory - Creating shared instance of singleton bean 'org.springframework.context.event.internalEventListenerFactory'
2026-08-11 18:05:48 DEBUG o.s.b.f.s.DefaultListableBeanFactory - Creating shared instance of singleton bean 'org.springframework.context.annotation.internalAutowiredAnnotationProcessor'
2026-08-11 18:05:48 DEBUG o.s.b.f.s.DefaultListableBeanFactory - Creating shared instance of singleton bean 'org.springframework.context.annotation.internalCommonAnnotationProcessor'
2026-08-11 18:05:48 DEBUG o.s.b.f.s.DefaultListableBeanFactory - Creating shared instance of singleton bean 'org.springframework.boot.context.properties.ConfigurationPropertiesBindingPostProcessor'
2026-08-11 18:05:48 DEBUG o.s.b.f.s.DefaultListableBeanFactory - Creating shared instance of singleton bean 'org.springframework.boot.context.internalConfigurationPropertiesBinder'
2026-08-11 18:05:48 DEBUG o.s.b.f.s.DefaultListableBeanFactory - Creating shared instance of singleton bean 'methodValidationPostProcessor'
2026-08-11 18:05:48 DEBUG o.s.b.f.s.DefaultListableBeanFactory - Autowiring by type from bean name 'methodValidationPostProcessor' via factory method to bean named 'environment'
2026-08-11 18:05:48 DEBUG o.s.b.f.s.DefaultListableBeanFactory - Creating shared instance of singleton bean 'org.springframework.boot.context.properties.EnableConfigurationPropertiesRegistrar.methodValidationExcludeFilter'
2026-08-11 18:05:48 DEBUG o.s.b.f.s.DefaultListableBeanFactory - Creating shared instance of singleton bean 'org.springframework.aop.framework.autoproxy.defaultProxyConfig'
2026-08-11 18:05:48 DEBUG o.s.b.f.s.DefaultListableBeanFactory - Creating shared instance of singleton bean 'org.springframework.data.redis.config.internalRedisListenerAnnotationProcessor'
2026-08-11 18:05:48 DEBUG o.s.b.f.s.DefaultListableBeanFactory - Creating shared instance of singleton bean 'org.springframework.data.redis.config.RedisListenerBootstrapConfiguration'
2026-08-11 18:05:48 DEBUG o.s.b.f.s.DefaultListableBeanFactory - Creating shared instance of singleton bean 'org.springframework.kafka.config.internalKafkaListenerAnnotationProcessor'
2026-08-11 18:05:48 DEBUG o.s.b.f.s.DefaultListableBeanFactory - Creating shared instance of singleton bean 'persistenceExceptionTranslationPostProcessor'
2026-08-11 18:05:48 DEBUG o.s.b.f.s.DefaultListableBeanFactory - Autowiring by type from bean name 'persistenceExceptionTranslationPostProcessor' via factory method to bean named 'environment'
2026-08-11 18:05:48 DEBUG o.s.b.f.s.DefaultListableBeanFactory - Creating shared instance of singleton bean 'org.springframework.aop.config.internalAutoProxyCreator'
2026-08-11 18:05:48 DEBUG o.s.b.f.s.DefaultListableBeanFactory - Creating shared instance of singleton bean 'meterRegistryPostProcessor'
2026-08-11 18:05:48 DEBUG o.s.b.f.s.DefaultListableBeanFactory - Autowiring by type from bean name 'meterRegistryPostProcessor' via factory method to bean named 'org.springframework.boot.web.server.servlet.context.AnnotationConfigServletWebServerApplicationContext@c0b41d6'
2026-08-11 18:05:48 DEBUG o.s.b.f.s.DefaultListableBeanFactory - Creating shared instance of singleton bean 'metricsRepositoryMethodInvocationListenerBeanPostProcessor'
2026-08-11 18:05:48 DEBUG o.s.b.f.s.DefaultListableBeanFactory - Creating shared instance of singleton bean 'projectingArgumentResolverBeanPostProcessor'
2026-08-11 18:05:48 DEBUG o.s.b.f.s.DefaultListableBeanFactory - Creating shared instance of singleton bean 'observationRegistryPostProcessor'
2026-08-11 18:05:48 DEBUG o.s.b.f.s.DefaultListableBeanFactory - Creating shared instance of singleton bean 'healthEndpointGroupsBeanPostProcessor'
2026-08-11 18:05:48 DEBUG o.s.b.f.s.DefaultListableBeanFactory - Creating shared instance of singleton bean 'webServerFactoryCustomizerBeanPostProcessor'
2026-08-11 18:05:48 DEBUG o.s.b.f.s.DefaultListableBeanFactory - Creating shared instance of singleton bean 'errorPageRegistrarBeanPostProcessor'
2026-08-11 18:05:48 DEBUG o.s.b.f.s.DefaultListableBeanFactory - Creating shared instance of singleton bean 'tomcatServletWebServerFactory'
2026-08-11 18:05:48 DEBUG o.s.b.f.s.DefaultListableBeanFactory - Creating shared instance of singleton bean 'org.springframework.boot.tomcat.autoconfigure.servlet.TomcatServletWebServerAutoConfiguration'
2026-08-11 18:05:48 DEBUG o.s.b.f.s.DefaultListableBeanFactory - Creating shared instance of singleton bean 'server.tomcat-org.springframework.boot.tomcat.autoconfigure.TomcatServerProperties'
2026-08-11 18:05:48 DEBUG o.s.b.f.s.DefaultListableBeanFactory - Creating shared instance of singleton bean 'org.springframework.boot.context.properties.BoundConfigurationProperties'
2026-08-11 18:05:48 DEBUG o.s.b.f.s.DefaultListableBeanFactory - Autowiring by type from bean name 'org.springframework.boot.tomcat.autoconfigure.servlet.TomcatServletWebServerAutoConfiguration' via constructor to bean named 'server.tomcat-org.springframework.boot.tomcat.autoconfigure.TomcatServerProperties'
2026-08-11 18:05:48 DEBUG o.s.b.f.s.DefaultListableBeanFactory - Creating shared instance of singleton bean 'servletWebServerFactoryCustomizer'
2026-08-11 18:05:48 DEBUG o.s.b.f.s.DefaultListableBeanFactory - Creating shared instance of singleton bean 'org.springframework.boot.web.server.autoconfigure.servlet.ServletWebServerConfiguration'
2026-08-11 18:05:48 DEBUG o.s.b.f.s.DefaultListableBeanFactory - Creating shared instance of singleton bean 'server-org.springframework.boot.web.server.autoconfigure.ServerProperties'
2026-08-11 18:05:48 DEBUG o.s.b.f.s.DefaultListableBeanFactory - Autowiring by type from bean name 'servletWebServerFactoryCustomizer' via factory method to bean named 'server-org.springframework.boot.web.server.autoconfigure.ServerProperties'
2026-08-11 18:05:48 DEBUG o.s.b.f.s.DefaultListableBeanFactory - Creating shared instance of singleton bean 'sslBundleRegistry'
2026-08-11 18:05:48 DEBUG o.s.b.f.s.DefaultListableBeanFactory - Creating shared instance of singleton bean 'org.springframework.boot.autoconfigure.ssl.SslAutoConfiguration'
2026-08-11 18:05:48 DEBUG o.s.b.f.s.DefaultListableBeanFactory - Creating shared instance of singleton bean 'spring.ssl-org.springframework.boot.autoconfigure.ssl.SslProperties'
2026-08-11 18:05:48 DEBUG o.s.b.f.s.DefaultListableBeanFactory - Autowiring by type from bean name 'org.springframework.boot.autoconfigure.ssl.SslAutoConfiguration' via constructor to bean named 'org.springframework.boot.web.server.servlet.context.AnnotationConfigServletWebServerApplicationContext@c0b41d6'
2026-08-11 18:05:48 DEBUG o.s.b.f.s.DefaultListableBeanFactory - Autowiring by type from bean name 'org.springframework.boot.autoconfigure.ssl.SslAutoConfiguration' via constructor to bean named 'spring.ssl-org.springframework.boot.autoconfigure.ssl.SslProperties'
2026-08-11 18:05:48 DEBUG o.s.b.f.s.DefaultListableBeanFactory - Creating shared instance of singleton bean 'sslPropertiesSslBundleRegistrar'
2026-08-11 18:05:48 DEBUG o.s.b.f.s.DefaultListableBeanFactory - Creating shared instance of singleton bean 'fileWatcher'
2026-08-11 18:05:48 DEBUG o.s.b.f.s.DefaultListableBeanFactory - Autowiring by type from bean name 'sslPropertiesSslBundleRegistrar' via factory method to bean named 'fileWatcher'
2026-08-11 18:05:48 DEBUG o.s.b.f.s.DefaultListableBeanFactory - Creating shared instance of singleton bean 'webSocketWebServerCustomizer'
2026-08-11 18:05:48 DEBUG o.s.b.f.s.DefaultListableBeanFactory - Creating shared instance of singleton bean 'org.springframework.boot.tomcat.autoconfigure.TomcatWebServerConfiguration$TomcatWebSocketConfiguration'
2026-08-11 18:05:48 DEBUG o.s.b.f.s.DefaultListableBeanFactory - Creating shared instance of singleton bean 'tomcatWebServerFactoryCustomizer'
2026-08-11 18:05:48 DEBUG o.s.b.f.s.DefaultListableBeanFactory - Creating shared instance of singleton bean 'org.springframework.boot.tomcat.autoconfigure.TomcatWebServerConfiguration'
2026-08-11 18:05:48 DEBUG o.s.b.f.s.DefaultListableBeanFactory - Creating shared instance of singleton bean 'spring.web-org.springframework.boot.autoconfigure.web.WebProperties'
2026-08-11 18:05:48 DEBUG o.s.b.f.s.DefaultListableBeanFactory - Autowiring by type from bean name 'tomcatWebServerFactoryCustomizer' via factory method to bean named 'environment'
2026-08-11 18:05:48 DEBUG o.s.b.f.s.DefaultListableBeanFactory - Autowiring by type from bean name 'tomcatWebServerFactoryCustomizer' via factory method to bean named 'server-org.springframework.boot.web.server.autoconfigure.ServerProperties'
2026-08-11 18:05:48 DEBUG o.s.b.f.s.DefaultListableBeanFactory - Autowiring by type from bean name 'tomcatWebServerFactoryCustomizer' via factory method to bean named 'server.tomcat-org.springframework.boot.tomcat.autoconfigure.TomcatServerProperties'
2026-08-11 18:05:48 DEBUG o.s.b.f.s.DefaultListableBeanFactory - Autowiring by type from bean name 'tomcatWebServerFactoryCustomizer' via factory method to bean named 'spring.web-org.springframework.boot.autoconfigure.web.WebProperties'
2026-08-11 18:05:48 DEBUG o.s.b.f.s.DefaultListableBeanFactory - Creating shared instance of singleton bean 'tomcatServletWebServerFactoryCustomizer'
2026-08-11 18:05:48 DEBUG o.s.b.f.s.DefaultListableBeanFactory - Autowiring by type from bean name 'tomcatServletWebServerFactoryCustomizer' via factory method to bean named 'server.tomcat-org.springframework.boot.tomcat.autoconfigure.TomcatServerProperties'
2026-08-11 18:05:48 DEBUG o.s.b.f.s.DefaultListableBeanFactory - Creating shared instance of singleton bean 'errorPageCustomizer'
2026-08-11 18:05:48 DEBUG o.s.b.f.s.DefaultListableBeanFactory - Creating shared instance of singleton bean 'org.springframework.boot.webmvc.autoconfigure.error.ErrorMvcAutoConfiguration'
2026-08-11 18:05:48 DEBUG o.s.b.f.s.DefaultListableBeanFactory - Autowiring by type from bean name 'org.springframework.boot.webmvc.autoconfigure.error.ErrorMvcAutoConfiguration' via constructor to bean named 'spring.web-org.springframework.boot.autoconfigure.web.WebProperties'
2026-08-11 18:05:48 DEBUG o.s.b.f.s.DefaultListableBeanFactory - Creating shared instance of singleton bean 'dispatcherServletRegistration'
2026-08-11 18:05:48 DEBUG o.s.b.f.s.DefaultListableBeanFactory - Creating shared instance of singleton bean 'org.springframework.boot.webmvc.autoconfigure.DispatcherServletAutoConfiguration$DispatcherServletRegistrationConfiguration'
2026-08-11 18:05:48 DEBUG o.s.b.f.s.DefaultListableBeanFactory - Creating shared instance of singleton bean 'dispatcherServlet'
2026-08-11 18:05:48 DEBUG o.s.b.f.s.DefaultListableBeanFactory - Creating shared instance of singleton bean 'org.springframework.boot.webmvc.autoconfigure.DispatcherServletAutoConfiguration$DispatcherServletConfiguration'
2026-08-11 18:05:48 DEBUG o.s.b.f.s.DefaultListableBeanFactory - Creating shared instance of singleton bean 'spring.mvc-org.springframework.boot.webmvc.autoconfigure.WebMvcProperties'
2026-08-11 18:05:48 DEBUG o.s.b.f.s.DefaultListableBeanFactory - Autowiring by type from bean name 'dispatcherServlet' via factory method to bean named 'spring.mvc-org.springframework.boot.webmvc.autoconfigure.WebMvcProperties'
2026-08-11 18:05:48 DEBUG o.s.b.f.s.DefaultListableBeanFactory - Autowiring by type from bean name 'dispatcherServletRegistration' via factory method to bean named 'dispatcherServlet'
2026-08-11 18:05:48 DEBUG o.s.b.f.s.DefaultListableBeanFactory - Autowiring by type from bean name 'dispatcherServletRegistration' via factory method to bean named 'spring.mvc-org.springframework.boot.webmvc.autoconfigure.WebMvcProperties'
2026-08-11 18:05:48 DEBUG o.s.b.f.s.DefaultListableBeanFactory - Creating shared instance of singleton bean 'multipartConfigElement'
2026-08-11 18:05:48 DEBUG o.s.b.f.s.DefaultListableBeanFactory - Creating shared instance of singleton bean 'org.springframework.boot.servlet.autoconfigure.MultipartAutoConfiguration'
2026-08-11 18:05:48 DEBUG o.s.b.f.s.DefaultListableBeanFactory - Creating shared instance of singleton bean 'spring.servlet.multipart-org.springframework.boot.servlet.autoconfigure.MultipartProperties'
2026-08-11 18:05:48 DEBUG o.s.b.f.s.DefaultListableBeanFactory - Autowiring by type from bean name 'org.springframework.boot.servlet.autoconfigure.MultipartAutoConfiguration' via constructor to bean named 'spring.servlet.multipart-org.springframework.boot.servlet.autoconfigure.MultipartProperties'
2026-08-11 18:05:48 DEBUG o.s.b.f.s.DefaultListableBeanFactory - Autowiring by type from bean name 'errorPageCustomizer' via factory method to bean named 'dispatcherServletRegistration'
2026-08-11 18:05:48 DEBUG o.s.b.t.s.TomcatServletWebServerFactory - Code archive: /home/tejaskudva/.m2/repository/org/springframework/boot/spring-boot-web-server/4.1.0/spring-boot-web-server-4.1.0.jar
2026-08-11 18:05:48 DEBUG o.s.b.t.s.TomcatServletWebServerFactory - Code archive: /home/tejaskudva/.m2/repository/org/springframework/boot/spring-boot-web-server/4.1.0/spring-boot-web-server-4.1.0.jar
2026-08-11 18:05:48 DEBUG o.s.b.t.s.TomcatServletWebServerFactory - None of the document roots [src/main/webapp, public, static] point to a directory and will be ignored.
2026-08-11 18:05:48 DEBUG o.s.b.w.c.s.WebApplicationContextInitializer - Published root WebApplicationContext as ServletContext attribute with name [org.springframework.web.context.WebApplicationContext.ROOT]
2026-08-11 18:05:48 DEBUG o.s.b.f.s.DefaultListableBeanFactory - Creating shared instance of singleton bean 'webMvcObservationFilter'
2026-08-11 18:05:48 DEBUG o.s.b.f.s.DefaultListableBeanFactory - Creating shared instance of singleton bean 'org.springframework.boot.webmvc.autoconfigure.WebMvcObservationAutoConfiguration'
2026-08-11 18:05:48 DEBUG o.s.b.f.s.DefaultListableBeanFactory - Creating shared instance of singleton bean 'observationRegistry'
2026-08-11 18:05:48 DEBUG o.s.b.f.s.DefaultListableBeanFactory - Creating shared instance of singleton bean 'org.springframework.boot.micrometer.observation.autoconfigure.ObservationAutoConfiguration'
2026-08-11 18:05:48 DEBUG o.s.b.f.s.DefaultListableBeanFactory - Creating shared instance of singleton bean 'propertiesObservationFilter'
2026-08-11 18:05:48 DEBUG o.s.b.f.s.DefaultListableBeanFactory - Creating shared instance of singleton bean 'management.observations-org.springframework.boot.micrometer.observation.autoconfigure.ObservationProperties'
2026-08-11 18:05:48 DEBUG o.s.b.f.s.DefaultListableBeanFactory - Autowiring by type from bean name 'propertiesObservationFilter' via factory method to bean named 'management.observations-org.springframework.boot.micrometer.observation.autoconfigure.ObservationProperties'
2026-08-11 18:05:48 DEBUG o.s.b.f.s.DefaultListableBeanFactory - Creating shared instance of singleton bean 'metricsObservationHandlerGroup'
2026-08-11 18:05:48 DEBUG o.s.b.f.s.DefaultListableBeanFactory - Creating shared instance of singleton bean 'org.springframework.boot.micrometer.metrics.autoconfigure.MetricsAutoConfiguration'
2026-08-11 18:05:48 DEBUG o.s.b.f.s.DefaultListableBeanFactory - Creating shared instance of singleton bean 'defaultMeterObservationHandler'
2026-08-11 18:05:48 DEBUG o.s.b.f.s.DefaultListableBeanFactory - Creating shared instance of singleton bean 'micrometerClock'
2026-08-11 18:05:48 DEBUG o.s.b.f.s.DefaultListableBeanFactory - Creating shared instance of singleton bean 'management.metrics-org.springframework.boot.micrometer.metrics.autoconfigure.MetricsProperties'
2026-08-11 18:05:48 DEBUG o.s.b.f.s.DefaultListableBeanFactory - Autowiring by type from bean name 'defaultMeterObservationHandler' via factory method to bean named 'micrometerClock'
2026-08-11 18:05:48 DEBUG o.s.b.f.s.DefaultListableBeanFactory - Autowiring by type from bean name 'defaultMeterObservationHandler' via factory method to bean named 'management.metrics-org.springframework.boot.micrometer.metrics.autoconfigure.MetricsProperties'
2026-08-11 18:05:48 DEBUG o.s.b.f.s.DefaultListableBeanFactory - Creating shared instance of singleton bean 'simpleMeterRegistry'
2026-08-11 18:05:48 DEBUG o.s.b.f.s.DefaultListableBeanFactory - Creating shared instance of singleton bean 'org.springframework.boot.micrometer.metrics.autoconfigure.export.simple.SimpleMetricsExportAutoConfiguration'
2026-08-11 18:05:48 DEBUG o.s.b.f.s.DefaultListableBeanFactory - Creating shared instance of singleton bean 'simpleConfig'
2026-08-11 18:05:48 DEBUG o.s.b.f.s.DefaultListableBeanFactory - Creating shared instance of singleton bean 'management.simple.metrics.export-org.springframework.boot.micrometer.metrics.autoconfigure.export.simple.SimpleProperties'
2026-08-11 18:05:48 DEBUG o.s.b.f.s.DefaultListableBeanFactory - Autowiring by type from bean name 'simpleConfig' via factory method to bean named 'management.simple.metrics.export-org.springframework.boot.micrometer.metrics.autoconfigure.export.simple.SimpleProperties'
2026-08-11 18:05:48 DEBUG o.s.b.f.s.DefaultListableBeanFactory - Autowiring by type from bean name 'simpleMeterRegistry' via factory method to bean named 'simpleConfig'
2026-08-11 18:05:48 DEBUG o.s.b.f.s.DefaultListableBeanFactory - Autowiring by type from bean name 'simpleMeterRegistry' via factory method to bean named 'micrometerClock'
2026-08-11 18:05:48 DEBUG i.m.c.u.i.l.InternalLoggerFactory - Using SLF4J as the default logging framework
2026-08-11 18:05:48 DEBUG o.s.b.f.s.DefaultListableBeanFactory - Creating shared instance of singleton bean 'propertiesMeterFilter'
2026-08-11 18:05:48 DEBUG o.s.b.f.s.DefaultListableBeanFactory - Autowiring by type from bean name 'propertiesMeterFilter' via factory method to bean named 'management.metrics-org.springframework.boot.micrometer.metrics.autoconfigure.MetricsProperties'
2026-08-11 18:05:48 DEBUG o.s.b.f.s.DefaultListableBeanFactory - Creating shared instance of singleton bean 'metricsHttpServerUriTagFilter'
2026-08-11 18:05:48 DEBUG o.s.b.f.s.DefaultListableBeanFactory - Creating shared instance of singleton bean 'org.springframework.boot.webmvc.autoconfigure.WebMvcObservationAutoConfiguration$MeterFilterConfiguration'
2026-08-11 18:05:48 DEBUG o.s.b.f.s.DefaultListableBeanFactory - Autowiring by type from bean name 'metricsHttpServerUriTagFilter' via factory method to bean named 'management.observations-org.springframework.boot.micrometer.observation.autoconfigure.ObservationProperties'
2026-08-11 18:05:48 DEBUG o.s.b.f.s.DefaultListableBeanFactory - Autowiring by type from bean name 'metricsHttpServerUriTagFilter' via factory method to bean named 'management.metrics-org.springframework.boot.micrometer.metrics.autoconfigure.MetricsProperties'
2026-08-11 18:05:48 DEBUG o.s.b.f.s.DefaultListableBeanFactory - Autowiring by type from bean name 'webMvcObservationFilter' via factory method to bean named 'observationRegistry'
2026-08-11 18:05:48 DEBUG o.s.b.f.s.DefaultListableBeanFactory - Autowiring by type from bean name 'webMvcObservationFilter' via factory method to bean named 'management.observations-org.springframework.boot.micrometer.observation.autoconfigure.ObservationProperties'
2026-08-11 18:05:48 DEBUG o.s.b.f.s.DefaultListableBeanFactory - Creating shared instance of singleton bean 'servletEndpointRegistrar'
2026-08-11 18:05:48 DEBUG o.s.b.f.s.DefaultListableBeanFactory - Creating shared instance of singleton bean 'org.springframework.boot.webmvc.autoconfigure.actuate.web.WebMvcEndpointManagementContextConfiguration'
2026-08-11 18:05:48 DEBUG o.s.b.f.s.DefaultListableBeanFactory - Creating shared instance of singleton bean 'management.endpoints.web-org.springframework.boot.actuate.autoconfigure.endpoint.web.WebEndpointProperties'
2026-08-11 18:05:48 DEBUG o.s.b.f.s.DefaultListableBeanFactory - Creating shared instance of singleton bean 'servletEndpointDiscoverer'
2026-08-11 18:05:48 DEBUG o.s.b.f.s.DefaultListableBeanFactory - Creating shared instance of singleton bean 'org.springframework.boot.actuate.autoconfigure.endpoint.web.WebEndpointAutoConfiguration$WebEndpointServletConfiguration'
2026-08-11 18:05:48 DEBUG o.s.b.f.s.DefaultListableBeanFactory - Autowiring by type from bean name 'servletEndpointDiscoverer' via factory method to bean named 'org.springframework.boot.web.server.servlet.context.AnnotationConfigServletWebServerApplicationContext@c0b41d6'
2026-08-11 18:05:48 DEBUG o.s.b.f.s.DefaultListableBeanFactory - Creating shared instance of singleton bean 'webEndpointPathMapper'
2026-08-11 18:05:48 DEBUG o.s.b.f.s.DefaultListableBeanFactory - Creating shared instance of singleton bean 'org.springframework.boot.actuate.autoconfigure.endpoint.web.WebEndpointAutoConfiguration'
2026-08-11 18:05:48 DEBUG o.s.b.f.s.DefaultListableBeanFactory - Autowiring by type from bean name 'org.springframework.boot.actuate.autoconfigure.endpoint.web.WebEndpointAutoConfiguration' via constructor to bean named 'org.springframework.boot.web.server.servlet.context.AnnotationConfigServletWebServerApplicationContext@c0b41d6'
2026-08-11 18:05:48 DEBUG o.s.b.f.s.DefaultListableBeanFactory - Autowiring by type from bean name 'org.springframework.boot.actuate.autoconfigure.endpoint.web.WebEndpointAutoConfiguration' via constructor to bean named 'management.endpoints.web-org.springframework.boot.actuate.autoconfigure.endpoint.web.WebEndpointProperties'
2026-08-11 18:05:48 DEBUG o.s.b.f.s.DefaultListableBeanFactory - Creating shared instance of singleton bean 'servletExposeExcludePropertyEndpointFilter'
2026-08-11 18:05:48 DEBUG o.s.b.f.s.DefaultListableBeanFactory - Creating shared instance of singleton bean 'org.springframework.boot.servlet.autoconfigure.actuate.web.ServletEndpointManagementContextConfiguration'
2026-08-11 18:05:48 DEBUG o.s.b.f.s.DefaultListableBeanFactory - Autowiring by type from bean name 'servletExposeExcludePropertyEndpointFilter' via factory method to bean named 'management.endpoints.web-org.springframework.boot.actuate.autoconfigure.endpoint.web.WebEndpointProperties'
2026-08-11 18:05:48 DEBUG o.s.b.f.s.DefaultListableBeanFactory - Creating shared instance of singleton bean 'propertiesEndpointAccessResolver'
2026-08-11 18:05:48 DEBUG o.s.b.f.s.DefaultListableBeanFactory - Creating shared instance of singleton bean 'org.springframework.boot.actuate.autoconfigure.endpoint.EndpointAutoConfiguration'
2026-08-11 18:05:48 DEBUG o.s.b.f.s.DefaultListableBeanFactory - Autowiring by type from bean name 'propertiesEndpointAccessResolver' via factory method to bean named 'environment'
2026-08-11 18:05:48 DEBUG o.s.b.f.s.DefaultListableBeanFactory - Autowiring by type from bean name 'servletEndpointRegistrar' via factory method to bean named 'management.endpoints.web-org.springframework.boot.actuate.autoconfigure.endpoint.web.WebEndpointProperties'
2026-08-11 18:05:48 DEBUG o.s.b.f.s.DefaultListableBeanFactory - Autowiring by type from bean name 'servletEndpointRegistrar' via factory method to bean named 'servletEndpointDiscoverer'
2026-08-11 18:05:48 DEBUG o.s.b.f.s.DefaultListableBeanFactory - Autowiring by type from bean name 'servletEndpointRegistrar' via factory method to bean named 'dispatcherServletRegistration'
2026-08-11 18:05:48 DEBUG o.s.b.f.s.DefaultListableBeanFactory - Autowiring by type from bean name 'servletEndpointRegistrar' via factory method to bean named 'propertiesEndpointAccessResolver'
2026-08-11 18:05:48 DEBUG o.s.b.f.s.DefaultListableBeanFactory - Creating shared instance of singleton bean 'notificationAuthFilter'
2026-08-11 18:05:48 DEBUG o.s.b.f.s.DefaultListableBeanFactory - Creating shared instance of singleton bean 'requestContextFilter'
2026-08-11 18:05:48 DEBUG o.s.b.f.s.DefaultListableBeanFactory - Creating shared instance of singleton bean 'formContentFilter'
2026-08-11 18:05:48 DEBUG o.s.b.f.s.DefaultListableBeanFactory - Creating shared instance of singleton bean 'org.springframework.boot.webmvc.autoconfigure.WebMvcAutoConfiguration'
2026-08-11 18:05:48 DEBUG o.s.b.f.s.DefaultListableBeanFactory - Creating shared instance of singleton bean 'characterEncodingFilter'
2026-08-11 18:05:48 DEBUG o.s.b.f.s.DefaultListableBeanFactory - Creating shared instance of singleton bean 'org.springframework.boot.servlet.autoconfigure.HttpEncodingAutoConfiguration'
2026-08-11 18:05:48 DEBUG o.s.b.f.s.DefaultListableBeanFactory - Creating shared instance of singleton bean 'spring.servlet.encoding-org.springframework.boot.servlet.autoconfigure.ServletEncodingProperties'
2026-08-11 18:05:48 DEBUG o.s.b.f.s.DefaultListableBeanFactory - Autowiring by type from bean name 'characterEncodingFilter' via factory method to bean named 'spring.servlet.encoding-org.springframework.boot.servlet.autoconfigure.ServletEncodingProperties'
2026-08-11 18:05:48 DEBUG o.s.b.w.s.ServletContextInitializerBeans - Mapping filters: webMvcObservationFilter urls=[/*] order=-2147483647, characterEncodingFilter urls=[/*] order=-2147483648, formContentFilter urls=[/*] order=-9900, requestContextFilter urls=[/*] order=-105, notificationAuthFilter urls=[/*] order=2147483647
2026-08-11 18:05:48 DEBUG o.s.b.w.s.ServletContextInitializerBeans - Mapping servlets: dispatcherServlet urls=[/]
2026-08-11 18:05:48 DEBUG o.s.b.s.f.OrderedRequestContextFilter - Filter 'requestContextFilter' configured for use
2026-08-11 18:05:48 DEBUG c.n.a.f.NotificationAuthFilter$$SpringCGLIB$$0 - Filter 'notificationAuthFilter' configured for use
2026-08-11 18:05:48 DEBUG o.s.w.f.ServerHttpObservationFilter - Filter 'webMvcObservationFilter' configured for use
2026-08-11 18:05:48 DEBUG o.s.b.s.f.OrderedCharacterEncodingFilter - Filter 'characterEncodingFilter' configured for use
2026-08-11 18:05:48 DEBUG o.s.b.s.f.OrderedFormContentFilter - Filter 'formContentFilter' configured for use
2026-08-11 18:05:48 DEBUG o.s.b.f.s.DefaultListableBeanFactory - Creating shared instance of singleton bean 'applicationTaskExecutor'
2026-08-11 18:05:48 DEBUG o.s.b.f.s.DefaultListableBeanFactory - Creating shared instance of singleton bean 'org.springframework.boot.autoconfigure.task.TaskExecutorConfigurations$TaskExecutorConfiguration'
2026-08-11 18:05:48 DEBUG o.s.b.f.s.DefaultListableBeanFactory - Creating shared instance of singleton bean 'threadPoolTaskExecutorBuilder'
2026-08-11 18:05:48 DEBUG o.s.b.f.s.DefaultListableBeanFactory - Creating shared instance of singleton bean 'org.springframework.boot.autoconfigure.task.TaskExecutorConfigurations$ThreadPoolTaskExecutorBuilderConfiguration'
2026-08-11 18:05:48 DEBUG o.s.b.f.s.DefaultListableBeanFactory - Creating shared instance of singleton bean 'spring.task.execution-org.springframework.boot.autoconfigure.task.TaskExecutionProperties'
2026-08-11 18:05:48 DEBUG o.s.b.f.s.DefaultListableBeanFactory - Autowiring by type from bean name 'threadPoolTaskExecutorBuilder' via factory method to bean named 'spring.task.execution-org.springframework.boot.autoconfigure.task.TaskExecutionProperties'
2026-08-11 18:05:48 DEBUG o.s.b.f.s.DefaultListableBeanFactory - Autowiring by type from bean name 'applicationTaskExecutor' via factory method to bean named 'threadPoolTaskExecutorBuilder'
2026-08-11 18:05:48 DEBUG o.s.s.c.ThreadPoolTaskExecutor - Initializing ExecutorService 'applicationTaskExecutor'
2026-08-11 18:05:48 DEBUG o.s.b.f.s.DefaultListableBeanFactory - Creating shared instance of singleton bean 'notificationApiServiceApplication'
2026-08-11 18:05:48 DEBUG o.s.b.f.s.DefaultListableBeanFactory - Creating shared instance of singleton bean 'connectionValidator'
2026-08-11 18:05:48 DEBUG o.s.b.f.s.DefaultListableBeanFactory - Creating shared instance of singleton bean 'redisConnectionFactory'
2026-08-11 18:05:48 DEBUG o.s.b.f.s.DefaultListableBeanFactory - Creating shared instance of singleton bean 'org.springframework.boot.data.redis.autoconfigure.LettuceConnectionConfiguration'
2026-08-11 18:05:48 DEBUG o.s.b.f.s.DefaultListableBeanFactory - Creating shared instance of singleton bean 'spring.data.redis-org.springframework.boot.data.redis.autoconfigure.DataRedisProperties'
2026-08-11 18:05:48 DEBUG o.s.b.f.s.DefaultListableBeanFactory - Creating shared instance of singleton bean 'redisConnectionDetails'
2026-08-11 18:05:48 DEBUG o.s.b.f.s.DefaultListableBeanFactory - Creating shared instance of singleton bean 'org.springframework.boot.data.redis.autoconfigure.DataRedisAutoConfiguration'
2026-08-11 18:05:48 DEBUG o.s.b.f.s.DefaultListableBeanFactory - Autowiring by type from bean name 'redisConnectionDetails' via factory method to bean named 'spring.data.redis-org.springframework.boot.data.redis.autoconfigure.DataRedisProperties'
2026-08-11 18:05:48 DEBUG o.s.b.f.s.DefaultListableBeanFactory - Autowiring by type from bean name 'org.springframework.boot.data.redis.autoconfigure.LettuceConnectionConfiguration' via constructor to bean named 'spring.data.redis-org.springframework.boot.data.redis.autoconfigure.DataRedisProperties'
2026-08-11 18:05:48 DEBUG o.s.b.f.s.DefaultListableBeanFactory - Autowiring by type from bean name 'org.springframework.boot.data.redis.autoconfigure.LettuceConnectionConfiguration' via constructor to bean named 'redisConnectionDetails'
2026-08-11 18:05:48 DEBUG o.s.b.f.s.DefaultListableBeanFactory - Creating shared instance of singleton bean 'lettuceClientResources'
2026-08-11 18:05:48 DEBUG i.n.u.i.l.InternalLoggerFactory - Using SLF4J as the default logging framework
2026-08-11 18:05:48 DEBUG io.netty.util.NetUtil - -Djava.net.preferIPv4Stack: false
2026-08-11 18:05:48 DEBUG io.netty.util.NetUtil - -Djava.net.preferIPv6Addresses: false
2026-08-11 18:05:48 DEBUG i.netty.util.NetUtilInitializations - Loopback interface: lo (lo, 0:0:0:0:0:0:0:1%lo)
2026-08-11 18:05:48 DEBUG i.n.util.internal.PlatformDependent0 - Java version: 21
2026-08-11 18:05:48 DEBUG i.n.util.internal.PlatformDependent0 - -Dio.netty.noUnsafe: false
2026-08-11 18:05:48 DEBUG i.n.util.internal.PlatformDependent0 - sun.misc.Unsafe.theUnsafe: available
2026-08-11 18:05:48 DEBUG i.n.util.internal.PlatformDependent0 - sun.misc.Unsafe base methods: all available
2026-08-11 18:05:48 DEBUG i.n.util.internal.PlatformDependent0 - java.nio.Buffer.address: available
2026-08-11 18:05:48 DEBUG i.n.util.internal.PlatformDependent0 - direct buffer constructor: unavailable: Reflective setAccessible(true) disabled
2026-08-11 18:05:48 DEBUG i.n.util.internal.PlatformDependent0 - java.nio.Bits.unaligned: available, true
2026-08-11 18:05:48 DEBUG i.n.util.internal.PlatformDependent0 - jdk.internal.misc.Unsafe.allocateUninitializedArray(int): unavailable: symbolic reference class is not accessible: class jdk.internal.misc.Unsafe, from class io.netty.util.internal.PlatformDependent0 (unnamed module @242b836)
2026-08-11 18:05:48 DEBUG i.n.util.internal.PlatformDependent0 - java.nio.DirectByteBuffer.<init>(long, {int,long}): unavailable
2026-08-11 18:05:48 DEBUG i.n.util.internal.PlatformDependent - sun.misc.Unsafe: available
2026-08-11 18:05:48 DEBUG i.n.util.internal.PlatformDependent - -Dio.netty.tmpdir: /tmp (java.io.tmpdir)
2026-08-11 18:05:48 DEBUG i.n.util.internal.PlatformDependent - -Dio.netty.bitMode: 64 (sun.arch.data.model)
2026-08-11 18:05:48 DEBUG i.n.util.internal.PlatformDependent - -Dio.netty.maxDirectMemory: 3980394496 bytes
2026-08-11 18:05:48 DEBUG io.netty.util.internal.CleanerJava9 - java.nio.ByteBuffer.cleaner(): available
2026-08-11 18:05:48 DEBUG i.n.util.internal.PlatformDependent - -Dio.netty.noPreferDirect: false
2026-08-11 18:05:48 DEBUG i.n.util.internal.PlatformDependent - -Dio.netty.ignoreExpensiveClean: false
2026-08-11 18:05:48 DEBUG i.n.util.internal.PlatformDependent - -Dio.netty.jfr.enabled: true
2026-08-11 18:05:48 DEBUG io.netty.util.NetUtil - /proc/sys/net/core/somaxconn: 4096
2026-08-11 18:05:48 DEBUG i.netty.resolver.dns.DnsNameResolver - Default ResolvedAddressTypes: IPV4_ONLY
2026-08-11 18:05:48 DEBUG i.netty.resolver.dns.DnsNameResolver - Windows hostname: null
2026-08-11 18:05:48 DEBUG i.netty.resolver.dns.DnsNameResolver - Default search domains: [domain.name]
2026-08-11 18:05:48 DEBUG i.netty.resolver.dns.DnsNameResolver - Default UnixResolverOptions{ndots=1, timeout=5, attempts=16}
2026-08-11 18:05:48 DEBUG i.n.u.i.InternalThreadLocalMap - -Dio.netty.threadLocalMap.stringBuilder.initialSize: 1024
2026-08-11 18:05:48 DEBUG i.n.u.i.InternalThreadLocalMap - -Dio.netty.threadLocalMap.stringBuilder.maxSize: 4096
2026-08-11 18:05:48 DEBUG i.n.r.DefaultHostsFileEntriesResolver - -Dio.netty.hostsFileRefreshInterval: 0
2026-08-11 18:05:48 DEBUG i.l.core.resource.EpollProvider - Starting without optional epoll library
2026-08-11 18:05:48 DEBUG i.l.core.resource.KqueueProvider - Starting without optional kqueue library
2026-08-11 18:05:48 DEBUG i.l.core.resource.IOUringProvider - Starting without optional io_uring library
2026-08-11 18:05:48 DEBUG i.l.c.r.DefaultClientResources - -Dio.netty.eventLoopThreads: 12
2026-08-11 18:05:48 DEBUG o.s.b.f.s.DefaultListableBeanFactory - Creating shared instance of singleton bean 'lettuceObservation'
2026-08-11 18:05:48 DEBUG o.s.b.f.s.DefaultListableBeanFactory - Creating shared instance of singleton bean 'org.springframework.boot.data.redis.autoconfigure.observation.LettuceObservationAutoConfiguration'
2026-08-11 18:05:48 DEBUG o.s.b.f.s.DefaultListableBeanFactory - Autowiring by type from bean name 'lettuceObservation' via factory method to bean named 'observationRegistry'
2026-08-11 18:05:48 DEBUG i.l.c.r.DefaultEventLoopGroupProvider - Creating executor io.netty.util.concurrent.DefaultEventExecutorGroup
2026-08-11 18:05:48 DEBUG i.n.u.concurrent.GlobalEventExecutor - -Dio.netty.globalEventExecutor.quietPeriodSeconds: 1
2026-08-11 18:05:48 DEBUG io.netty.util.ResourceLeakDetector - -Dio.netty.leakDetection.level: simple
2026-08-11 18:05:48 DEBUG io.netty.util.ResourceLeakDetector - -Dio.netty.leakDetection.targetRecords: 4
2026-08-11 18:05:48 DEBUG i.n.util.ResourceLeakDetectorFactory - Loaded default ResourceLeakDetector: io.netty.util.ResourceLeakDetector@687b0ddc
2026-08-11 18:05:48 DEBUG i.n.util.internal.PlatformDependent - org.jctools-core.MpscChunkedArrayQueue: available
2026-08-11 18:05:48 DEBUG reactor.util.Loggers - Using Slf4j logging framework
2026-08-11 18:05:48 DEBUG i.l.c.event.jfr.EventRecorderHolder - Starting with JFR support
2026-08-11 18:05:48 DEBUG i.l.c.r.DefaultClientResources - LatencyUtils/HdrUtils are not available, metrics are disabled
2026-08-11 18:05:48 DEBUG o.s.b.f.s.DefaultListableBeanFactory - Autowiring by type from bean name 'redisConnectionFactory' via factory method to bean named 'lettuceClientResources'
2026-08-11 18:05:48 DEBUG o.s.b.f.s.DefaultListableBeanFactory - Autowiring by type from bean name 'connectionValidator' via constructor to bean named 'redisConnectionFactory'
2026-08-11 18:05:48 DEBUG io.lettuce.core.RedisClient - Trying to get a Redis connection for: redis://localhost
2026-08-11 18:05:49 DEBUG i.n.buffer.AdaptiveByteBufAllocator - -Dio.netty.allocator.useCachedMagazinesForNonEventLoopThreads: false
2026-08-11 18:05:49 DEBUG io.netty.util.Recycler - -Dio.netty.recycler.maxCapacityPerThread: 4096
2026-08-11 18:05:49 DEBUG io.netty.util.Recycler - -Dio.netty.recycler.ratio: 8
2026-08-11 18:05:49 DEBUG io.netty.util.Recycler - -Dio.netty.recycler.chunkSize: 32
2026-08-11 18:05:49 DEBUG io.netty.util.Recycler - -Dio.netty.recycler.blocking: false
2026-08-11 18:05:49 DEBUG io.netty.util.Recycler - -Dio.netty.recycler.batchFastThreadLocalOnly: true
2026-08-11 18:05:49 DEBUG io.netty.buffer.ByteBufUtil - -Dio.netty.allocator.type: adaptive
2026-08-11 18:05:49 DEBUG io.netty.buffer.ByteBufUtil - -Dio.netty.threadLocalDirectBufferSize: 0
2026-08-11 18:05:49 DEBUG io.netty.buffer.ByteBufUtil - -Dio.netty.maxThreadLocalCharBufferSize: 16384
2026-08-11 18:05:49 DEBUG i.l.c.r.DefaultEventLoopGroupProvider - Allocating executor io.netty.channel.MultiThreadIoEventLoopGroup
2026-08-11 18:05:49 DEBUG i.l.c.r.DefaultEventLoopGroupProvider - Creating executor io.netty.channel.MultiThreadIoEventLoopGroup
2026-08-11 18:05:49 DEBUG i.n.c.MultithreadEventLoopGroup - -Dio.netty.eventLoopThreads: 24
2026-08-11 18:05:49 DEBUG io.netty.channel.nio.NioIoHandler - -Dio.netty.noKeySetOptimization: false
2026-08-11 18:05:49 DEBUG io.netty.channel.nio.NioIoHandler - -Dio.netty.selectorAutoRebuildThreshold: 512
2026-08-11 18:05:49 DEBUG i.l.c.r.DefaultEventLoopGroupProvider - Adding reference to io.netty.channel.MultiThreadIoEventLoopGroup@148fca83, existing ref count 0
2026-08-11 18:05:49 DEBUG io.lettuce.core.RedisClient - Resolved SocketAddress localhost/<unresolved>:6379 using redis://localhost
2026-08-11 18:05:49 DEBUG io.lettuce.core.AbstractRedisClient - Connecting to Redis at localhost/<unresolved>:6379
2026-08-11 18:05:49 DEBUG io.netty.channel.DefaultChannelId - -Dio.netty.processId: 27979 (auto-detected)
2026-08-11 18:05:49 DEBUG io.netty.channel.DefaultChannelId - -Dio.netty.machineId: c0:35:32:ff:fe:26:55:41 (auto-detected)
2026-08-11 18:05:49 DEBUG i.n.b.ChannelInitializerExtensions - -Dio.netty.bootstrap.extensions: null
2026-08-11 18:05:49 DEBUG i.l.core.protocol.CommandHandler - [channel=0x7f6c1507, [id: 0x4f24eb5b] (inactive), epid=0x1, chid=0x1] channelRegistered()
2026-08-11 18:05:49 DEBUG io.netty.buffer.AbstractByteBuf - -Dio.netty.buffer.checkAccessible: true
2026-08-11 18:05:49 DEBUG io.netty.buffer.AbstractByteBuf - -Dio.netty.buffer.checkBounds: true
2026-08-11 18:05:49 DEBUG i.n.util.ResourceLeakDetectorFactory - Loaded default ResourceLeakDetector: io.netty.util.ResourceLeakDetector@3dbf4fc
2026-08-11 18:05:49 DEBUG i.l.core.protocol.CommandHandler - [channel=0x7f6c1507, /127.0.0.1:51248 -> localhost/127.0.0.1:6379, epid=0x1, chid=0x1] write(ctx, AsyncCommand [type=HELLO, output=GenericMapOutput [output=null, error='null'], commandType=io.lettuce.core.protocol.Command], promise)
2026-08-11 18:05:49 DEBUG i.l.core.protocol.CommandEncoder - [channel=0x7f6c1507, /127.0.0.1:51248 -> localhost/127.0.0.1:6379] writing command AsyncCommand [type=HELLO, output=GenericMapOutput [output=null, error='null'], commandType=io.lettuce.core.protocol.Command]
2026-08-11 18:05:49 DEBUG i.l.core.protocol.CommandHandler - [channel=0x7f6c1507, /127.0.0.1:51248 -> localhost/127.0.0.1:6379, epid=0x1, chid=0x1] Received: 145 bytes, 1 commands in the stack
2026-08-11 18:05:49 DEBUG i.l.core.protocol.CommandHandler - [channel=0x7f6c1507, /127.0.0.1:51248 -> localhost/127.0.0.1:6379, epid=0x1, chid=0x1] Stack contains: 1 commands
2026-08-11 18:05:49 DEBUG i.l.core.protocol.RedisStateMachine - Decode done, empty stack: true
2026-08-11 18:05:49 DEBUG i.l.core.protocol.CommandHandler - [channel=0x7f6c1507, /127.0.0.1:51248 -> localhost/127.0.0.1:6379, epid=0x1, chid=0x1] Completing command AsyncCommand [type=HELLO, output=GenericMapOutput [output={server=redis, version=7.2.15, proto=3, id=6, mode=standalone, role=master}, error='null'], commandType=io.lettuce.core.protocol.Command]
2026-08-11 18:05:49 DEBUG i.l.core.protocol.CommandHandler - [channel=0x7f6c1507, /127.0.0.1:51248 -> localhost/127.0.0.1:6379, epid=0x1, chid=0x1] write(ctx, [AsyncCommand [type=CLIENT, output=StatusOutput [output=null, error='null'], commandType=io.lettuce.core.protocol.Command], AsyncCommand [type=CLIENT, output=StatusOutput [output=null, error='null'], commandType=io.lettuce.core.protocol.Command]], promise)
2026-08-11 18:05:49 DEBUG i.l.core.protocol.CommandEncoder - [channel=0x7f6c1507, /127.0.0.1:51248 -> localhost/127.0.0.1:6379] writing command AsyncCommand [type=CLIENT, output=StatusOutput [output=null, error='null'], commandType=io.lettuce.core.protocol.Command]
2026-08-11 18:05:49 DEBUG i.l.core.protocol.CommandEncoder - [channel=0x7f6c1507, /127.0.0.1:51248 -> localhost/127.0.0.1:6379] writing command AsyncCommand [type=CLIENT, output=StatusOutput [output=null, error='null'], commandType=io.lettuce.core.protocol.Command]
2026-08-11 18:05:49 DEBUG i.l.core.protocol.CommandHandler - [channel=0x7f6c1507, /127.0.0.1:51248 -> localhost/127.0.0.1:6379, epid=0x1, chid=0x1] Received: 10 bytes, 2 commands in the stack
2026-08-11 18:05:49 DEBUG i.l.core.protocol.CommandHandler - [channel=0x7f6c1507, /127.0.0.1:51248 -> localhost/127.0.0.1:6379, epid=0x1, chid=0x1] Stack contains: 2 commands
2026-08-11 18:05:49 DEBUG i.l.core.protocol.RedisStateMachine - Decode done, empty stack: true
2026-08-11 18:05:49 DEBUG i.l.core.protocol.CommandHandler - [channel=0x7f6c1507, /127.0.0.1:51248 -> localhost/127.0.0.1:6379, epid=0x1, chid=0x1] Completing command AsyncCommand [type=CLIENT, output=StatusOutput [output=OK, error='null'], commandType=io.lettuce.core.protocol.Command]
2026-08-11 18:05:49 DEBUG i.l.core.protocol.CommandHandler - [channel=0x7f6c1507, /127.0.0.1:51248 -> localhost/127.0.0.1:6379, epid=0x1, chid=0x1] Stack contains: 1 commands
2026-08-11 18:05:49 DEBUG i.l.core.protocol.RedisStateMachine - Decode done, empty stack: true
2026-08-11 18:05:49 DEBUG i.l.core.protocol.CommandHandler - [channel=0x7f6c1507, /127.0.0.1:51248 -> localhost/127.0.0.1:6379, epid=0x1, chid=0x1] Completing command AsyncCommand [type=CLIENT, output=StatusOutput [output=OK, error='null'], commandType=io.lettuce.core.protocol.Command]
2026-08-11 18:05:49 DEBUG i.l.core.protocol.CommandHandler - [channel=0x7f6c1507, /127.0.0.1:51248 -> localhost/127.0.0.1:6379, epid=0x1, chid=0x1] write(ctx, [AsyncCommand [type=CLIENT, output=StatusOutput [output=null, error='null'], commandType=io.lettuce.core.protocol.Command]], promise)
2026-08-11 18:05:49 DEBUG i.l.core.protocol.CommandEncoder - [channel=0x7f6c1507, /127.0.0.1:51248 -> localhost/127.0.0.1:6379] writing command AsyncCommand [type=CLIENT, output=StatusOutput [output=null, error='null'], commandType=io.lettuce.core.protocol.Command]
2026-08-11 18:05:49 DEBUG i.l.core.protocol.CommandHandler - [channel=0x7f6c1507, /127.0.0.1:51248 -> localhost/127.0.0.1:6379, epid=0x1, chid=0x1] Received: 65 bytes, 1 commands in the stack
2026-08-11 18:05:49 DEBUG i.l.core.protocol.CommandHandler - [channel=0x7f6c1507, /127.0.0.1:51248 -> localhost/127.0.0.1:6379, epid=0x1, chid=0x1] Stack contains: 1 commands
2026-08-11 18:05:49 DEBUG i.l.core.protocol.RedisStateMachine - Decode done, empty stack: true
2026-08-11 18:05:49 DEBUG i.l.core.protocol.CommandHandler - [channel=0x7f6c1507, /127.0.0.1:51248 -> localhost/127.0.0.1:6379, epid=0x1, chid=0x1] Completing command AsyncCommand [type=CLIENT, output=StatusOutput [output=null, error='ERR unknown subcommand 'MAINT_NOTIFICATIONS'. Try CLIENT HELP.'], commandType=io.lettuce.core.protocol.Command]
2026-08-11 18:05:49 DEBUG io.lettuce.core.RedisHandshake - Maintenance events not enabled
java.util.concurrent.CompletionException: io.lettuce.core.RedisCommandExecutionException: ERR unknown subcommand 'MAINT_NOTIFICATIONS'. Try CLIENT HELP.
	at java.base/java.util.concurrent.CompletableFuture.encodeThrowable(CompletableFuture.java:332)
	at java.base/java.util.concurrent.CompletableFuture.completeThrowable(CompletableFuture.java:347)
	at java.base/java.util.concurrent.CompletableFuture$BiRelay.tryFire(CompletableFuture.java:1498)
	at java.base/java.util.concurrent.CompletableFuture$CoCompletion.tryFire(CompletableFuture.java:1219)
	at java.base/java.util.concurrent.CompletableFuture.postComplete(CompletableFuture.java:510)
	at java.base/java.util.concurrent.CompletableFuture.completeExceptionally(CompletableFuture.java:2194)
	at io.lettuce.core.protocol.AsyncCommand.doCompleteExceptionally(AsyncCommand.java:143)
	at io.lettuce.core.protocol.AsyncCommand.completeResult(AsyncCommand.java:124)
	at io.lettuce.core.protocol.AsyncCommand.complete(AsyncCommand.java:115)
	at io.lettuce.core.protocol.CommandHandler.complete(CommandHandler.java:773)
	at io.lettuce.core.protocol.CommandHandler.decode(CommandHandler.java:692)
	at io.lettuce.core.protocol.CommandHandler.channelRead(CommandHandler.java:611)
	at io.netty.channel.AbstractChannelHandlerContext.fireChannelRead(AbstractChannelHandlerContext.java:355)
	at io.netty.channel.DefaultChannelPipeline$HeadContext.channelRead(DefaultChannelPipeline.java:1429)
	at io.netty.channel.DefaultChannelPipeline.fireChannelRead(DefaultChannelPipeline.java:918)
	at io.netty.channel.nio.AbstractNioByteChannel$NioByteUnsafe.read(AbstractNioByteChannel.java:176)
	at io.netty.channel.nio.AbstractNioChannel$AbstractNioUnsafe.handle(AbstractNioChannel.java:445)
	at io.netty.channel.nio.NioIoHandler$DefaultNioRegistration.handle(NioIoHandler.java:388)
	at io.netty.channel.nio.NioIoHandler.processSelectedKey(NioIoHandler.java:596)
	at io.netty.channel.nio.NioIoHandler.processSelectedKeysOptimized(NioIoHandler.java:571)
	at io.netty.channel.nio.NioIoHandler.processSelectedKeys(NioIoHandler.java:512)
	at io.netty.channel.nio.NioIoHandler.run(NioIoHandler.java:484)
	at io.netty.channel.SingleThreadIoEventLoop.runIo(SingleThreadIoEventLoop.java:225)
	at io.netty.channel.SingleThreadIoEventLoop.run(SingleThreadIoEventLoop.java:196)
	at io.netty.util.concurrent.SingleThreadEventExecutor$5.run(SingleThreadEventExecutor.java:1195)
	at io.netty.util.internal.ThreadExecutorMap$2.run(ThreadExecutorMap.java:74)
	at io.netty.util.concurrent.FastThreadLocalRunnable.run(FastThreadLocalRunnable.java:30)
	at java.base/java.lang.Thread.run(Thread.java:1583)
Caused by: io.lettuce.core.RedisCommandExecutionException: ERR unknown subcommand 'MAINT_NOTIFICATIONS'. Try CLIENT HELP.
	at io.lettuce.core.internal.ExceptionFactory.createExecutionException(ExceptionFactory.java:151)
	at io.lettuce.core.internal.ExceptionFactory.createExecutionException(ExceptionFactory.java:120)
	... 21 common frames omitted
2026-08-11 18:05:49 DEBUG i.l.core.protocol.CommandHandler - [channel=0x7f6c1507, /127.0.0.1:51248 -> localhost/127.0.0.1:6379, epid=0x1, chid=0x1] channelActive()
2026-08-11 18:05:49 DEBUG i.l.core.protocol.DefaultEndpoint - [channel=0x7f6c1507, /127.0.0.1:51248 -> localhost/127.0.0.1:6379, epid=0x1] activateEndpointAndExecuteBufferedCommands 0 command(s) buffered
2026-08-11 18:05:49 DEBUG i.l.core.protocol.DefaultEndpoint - [channel=0x7f6c1507, /127.0.0.1:51248 -> localhost/127.0.0.1:6379, epid=0x1] activating endpoint
2026-08-11 18:05:49 DEBUG i.l.core.protocol.DefaultEndpoint - [channel=0x7f6c1507, /127.0.0.1:51248 -> localhost/127.0.0.1:6379, epid=0x1] flushCommands()
2026-08-11 18:05:49 DEBUG i.l.core.protocol.DefaultEndpoint - [channel=0x7f6c1507, /127.0.0.1:51248 -> localhost/127.0.0.1:6379, epid=0x1] flushCommands() Flushing 0 commands
2026-08-11 18:05:49 DEBUG i.l.core.protocol.ConnectionWatchdog - [channel=0x7f6c1507, /127.0.0.1:51248 -> localhost/127.0.0.1:6379, last known addr=localhost/127.0.0.1:6379] channelActive()
2026-08-11 18:05:49 DEBUG i.l.core.protocol.CommandHandler - [channel=0x7f6c1507, /127.0.0.1:51248 -> localhost/127.0.0.1:6379, epid=0x1, chid=0x1] channelActive() done
2026-08-11 18:05:49 DEBUG io.lettuce.core.AbstractRedisClient - Connecting to Redis at localhost/<unresolved>:6379: Success
2026-08-11 18:05:49 DEBUG io.lettuce.core.RedisChannelHandler - dispatching command AsyncCommand [type=PING, output=StatusOutput [output=null, error='null'], commandType=io.lettuce.core.protocol.Command]
2026-08-11 18:05:49 DEBUG i.l.core.protocol.DefaultEndpoint - [channel=0x7f6c1507, /127.0.0.1:51248 -> localhost/127.0.0.1:6379, epid=0x1] write() writeAndFlush command TracedCommand [type=PING, output=StatusOutput [output=null, error='null'], commandType=io.lettuce.core.protocol.AsyncCommand]
2026-08-11 18:05:49 DEBUG i.l.core.protocol.CommandHandler - [channel=0x7f6c1507, /127.0.0.1:51248 -> localhost/127.0.0.1:6379, epid=0x1, chid=0x1] write(ctx, TracedCommand [type=PING, output=StatusOutput [output=null, error='null'], commandType=io.lettuce.core.protocol.AsyncCommand], promise)
2026-08-11 18:05:49 DEBUG i.l.core.protocol.CommandEncoder - [channel=0x7f6c1507, /127.0.0.1:51248 -> localhost/127.0.0.1:6379] writing command TracedCommand [type=PING, output=StatusOutput [output=null, error='null'], commandType=io.lettuce.core.protocol.AsyncCommand]
2026-08-11 18:05:49 DEBUG i.l.core.protocol.CommandHandler - [channel=0x7f6c1507, /127.0.0.1:51248 -> localhost/127.0.0.1:6379, epid=0x1, chid=0x1] Received: 7 bytes, 1 commands in the stack
2026-08-11 18:05:49 DEBUG i.l.core.protocol.DefaultEndpoint - [channel=0x7f6c1507, /127.0.0.1:51248 -> localhost/127.0.0.1:6379, epid=0x1] write() done
2026-08-11 18:05:49 DEBUG i.l.core.protocol.CommandHandler - [channel=0x7f6c1507, /127.0.0.1:51248 -> localhost/127.0.0.1:6379, epid=0x1, chid=0x1] Stack contains: 1 commands
2026-08-11 18:05:49 DEBUG i.l.core.protocol.RedisStateMachine - Decode done, empty stack: true
2026-08-11 18:05:49 DEBUG i.l.core.protocol.CommandHandler - [channel=0x7f6c1507, /127.0.0.1:51248 -> localhost/127.0.0.1:6379, epid=0x1, chid=0x1] Completing command TracedCommand [type=PING, output=StatusOutput [output=PONG, error='null'], commandType=io.lettuce.core.protocol.AsyncCommand]
2026-08-11 18:05:49 DEBUG o.s.b.f.s.DefaultListableBeanFactory - Creating shared instance of singleton bean 'applicationProperties'
2026-08-11 18:05:49 DEBUG o.s.c.e.PropertySourcesPropertyResolver - Found key 'kafka.audit.topic' in PropertySource 'environmentProperties' with value of type String
2026-08-11 18:05:49 DEBUG o.s.c.e.PropertySourcesPropertyResolver - Found key 'kafka.ingest.topic' in PropertySource 'environmentProperties' with value of type String
2026-08-11 18:05:49 DEBUG o.s.b.f.s.DefaultListableBeanFactory - Creating shared instance of singleton bean 'beanConfigs'
2026-08-11 18:05:49 DEBUG o.s.b.f.s.DefaultListableBeanFactory - Creating shared instance of singleton bean 'redisConfig'
2026-08-11 18:05:49 DEBUG o.s.b.f.s.DefaultListableBeanFactory - Creating shared instance of singleton bean 'notificationController'
2026-08-11 18:05:49 DEBUG o.s.b.f.s.DefaultListableBeanFactory - Creating shared instance of singleton bean 'notificationServiceImpl'
2026-08-11 18:05:49 DEBUG o.s.b.f.s.DefaultListableBeanFactory - Creating shared instance of singleton bean 'templateDaoImpl'
2026-08-11 18:05:49 DEBUG o.s.b.f.s.DefaultListableBeanFactory - Creating shared instance of singleton bean 'templateRepository'
2026-08-11 18:05:49 DEBUG o.s.b.f.s.DefaultListableBeanFactory - Creating shared instance of singleton bean 'mongo.named-queries#0'
2026-08-11 18:05:49 DEBUG o.s.b.f.s.DefaultListableBeanFactory - Creating shared instance of singleton bean 'mongodb.TemplateRepository.fragments#0'
2026-08-11 18:05:49 DEBUG o.s.b.f.s.DefaultListableBeanFactory - Creating shared instance of singleton bean 'mongoTemplate'
2026-08-11 18:05:49 DEBUG o.s.b.f.s.DefaultListableBeanFactory - Creating shared instance of singleton bean 'org.springframework.boot.data.mongodb.autoconfigure.MongoDatabaseFactoryDependentConfiguration'
2026-08-11 18:05:49 DEBUG o.s.b.f.s.DefaultListableBeanFactory - Creating shared instance of singleton bean 'mongoDatabaseFactory'
2026-08-11 18:05:49 DEBUG o.s.b.f.s.DefaultListableBeanFactory - Creating shared instance of singleton bean 'org.springframework.boot.data.mongodb.autoconfigure.MongoDatabaseFactoryConfiguration'
2026-08-11 18:05:49 DEBUG o.s.b.f.s.DefaultListableBeanFactory - Creating shared instance of singleton bean 'mongo'
2026-08-11 18:05:49 DEBUG o.s.b.f.s.DefaultListableBeanFactory - Creating shared instance of singleton bean 'org.springframework.boot.mongodb.autoconfigure.MongoAutoConfiguration'
2026-08-11 18:05:49 DEBUG o.s.b.f.s.DefaultListableBeanFactory - Creating shared instance of singleton bean 'mongoClientSettings'
2026-08-11 18:05:49 DEBUG o.s.b.f.s.DefaultListableBeanFactory - Creating shared instance of singleton bean 'org.springframework.boot.mongodb.autoconfigure.MongoAutoConfiguration$MongoClientSettingsConfiguration'
2026-08-11 18:05:49 DEBUG o.s.b.f.s.DefaultListableBeanFactory - Autowiring by type from bean name 'mongo' via factory method to bean named 'mongoClientSettings'
2026-08-11 18:05:49 DEBUG o.s.b.f.s.DefaultListableBeanFactory - Creating shared instance of singleton bean 'mongoMetricsConnectionPoolListenerClientSettingsBuilderCustomizer'
2026-08-11 18:05:49 DEBUG o.s.b.f.s.DefaultListableBeanFactory - Creating shared instance of singleton bean 'org.springframework.boot.mongodb.autoconfigure.metrics.MongoMetricsAutoConfiguration$MongoConnectionPoolMetricsConfiguration'
2026-08-11 18:05:49 DEBUG o.s.b.f.s.DefaultListableBeanFactory - Creating shared instance of singleton bean 'mongoMetricsConnectionPoolListener'
2026-08-11 18:05:49 DEBUG o.s.b.f.s.DefaultListableBeanFactory - Creating shared instance of singleton bean 'mongoConnectionPoolTagsProvider'
2026-08-11 18:05:49 DEBUG o.s.b.f.s.DefaultListableBeanFactory - Autowiring by type from bean name 'mongoMetricsConnectionPoolListener' via factory method to bean named 'simpleMeterRegistry'
2026-08-11 18:05:49 DEBUG o.s.b.f.s.DefaultListableBeanFactory - Autowiring by type from bean name 'mongoMetricsConnectionPoolListener' via factory method to bean named 'mongoConnectionPoolTagsProvider'
2026-08-11 18:05:49 DEBUG o.s.b.f.s.DefaultListableBeanFactory - Autowiring by type from bean name 'mongoMetricsConnectionPoolListenerClientSettingsBuilderCustomizer' via factory method to bean named 'mongoMetricsConnectionPoolListener'
2026-08-11 18:05:49 DEBUG o.s.b.f.s.DefaultListableBeanFactory - Creating shared instance of singleton bean 'mongoMetricsCommandListenerClientSettingsBuilderCustomizer'
2026-08-11 18:05:49 DEBUG o.s.b.f.s.DefaultListableBeanFactory - Creating shared instance of singleton bean 'org.springframework.boot.mongodb.autoconfigure.metrics.MongoMetricsAutoConfiguration$MongoCommandMetricsConfiguration'
2026-08-11 18:05:49 DEBUG o.s.b.f.s.DefaultListableBeanFactory - Creating shared instance of singleton bean 'mongoMetricsCommandListener'
2026-08-11 18:05:49 DEBUG o.s.b.f.s.DefaultListableBeanFactory - Creating shared instance of singleton bean 'mongoCommandTagsProvider'
2026-08-11 18:05:49 DEBUG o.s.b.f.s.DefaultListableBeanFactory - Autowiring by type from bean name 'mongoMetricsCommandListener' via factory method to bean named 'simpleMeterRegistry'
2026-08-11 18:05:49 DEBUG o.s.b.f.s.DefaultListableBeanFactory - Autowiring by type from bean name 'mongoMetricsCommandListener' via factory method to bean named 'mongoCommandTagsProvider'
2026-08-11 18:05:49 DEBUG o.s.b.f.s.DefaultListableBeanFactory - Autowiring by type from bean name 'mongoMetricsCommandListenerClientSettingsBuilderCustomizer' via factory method to bean named 'mongoMetricsCommandListener'
2026-08-11 18:05:49 DEBUG o.s.b.f.s.DefaultListableBeanFactory - Creating shared instance of singleton bean 'standardMongoSettingsCustomizer'
2026-08-11 18:05:49 DEBUG o.s.b.f.s.DefaultListableBeanFactory - Creating shared instance of singleton bean 'spring.mongodb-org.springframework.boot.mongodb.autoconfigure.MongoProperties'
2026-08-11 18:05:49 DEBUG o.s.b.f.s.DefaultListableBeanFactory - Creating shared instance of singleton bean 'mongoConnectionDetails'
2026-08-11 18:05:49 DEBUG o.s.b.f.s.DefaultListableBeanFactory - Autowiring by type from bean name 'mongoConnectionDetails' via factory method to bean named 'spring.mongodb-org.springframework.boot.mongodb.autoconfigure.MongoProperties'
2026-08-11 18:05:49 DEBUG o.s.b.f.s.DefaultListableBeanFactory - Autowiring by type from bean name 'standardMongoSettingsCustomizer' via factory method to bean named 'spring.mongodb-org.springframework.boot.mongodb.autoconfigure.MongoProperties'
2026-08-11 18:05:49 DEBUG o.s.b.f.s.DefaultListableBeanFactory - Autowiring by type from bean name 'standardMongoSettingsCustomizer' via factory method to bean named 'mongoConnectionDetails'
2026-08-11 18:05:49 DEBUG org.mongodb.driver.cluster - Starting monitoring for topology with ID ClusterId{value='6a7b1725f237962f8b1b124b', description='null'}
2026-08-11 18:05:49 DEBUG org.mongodb.driver.cluster - Updating cluster description to  {type=UNKNOWN, servers=[{address=localhost:27017, type=UNKNOWN, state=CONNECTING}]
2026-08-11 18:05:49 DEBUG org.mongodb.driver.cluster - Description changed for topology with ID ClusterId{value='6a7b1725f237962f8b1b124b', description='null'}. Previous description: {type=UNKNOWN, servers=[]. New description: {type=UNKNOWN, servers=[{address=localhost:27017, type=UNKNOWN, state=CONNECTING}]
2026-08-11 18:05:49 DEBUG org.mongodb.driver.connection - Connection pool created for localhost:27017 using options maxIdleTimeMS=0, minPoolSize=0, maxPoolSize=100, maxConnecting=2, waitQueueTimeoutMS=120000
2026-08-11 18:05:49 DEBUG org.mongodb.driver.cluster - Starting monitoring for server localhost:27017 in topology with ID ClusterId{value='6a7b1725f237962f8b1b124b', description='null'}
2026-08-11 18:05:49 DEBUG org.mongodb.driver.cluster - Checking status of localhost:27017
2026-08-11 18:05:49 DEBUG org.mongodb.driver.cluster - Heartbeat started for localhost:27017 on connection with driver-generated ID 1 and server-generated ID null in topology with ID ClusterId{value='6a7b1725f237962f8b1b124b', description='null'}. Awaited: false
2026-08-11 18:05:49 DEBUG o.s.b.f.s.DefaultListableBeanFactory - Autowiring by type from bean name 'mongoDatabaseFactory' via factory method to bean named 'mongo'
2026-08-11 18:05:49 DEBUG o.s.b.f.s.DefaultListableBeanFactory - Autowiring by type from bean name 'mongoDatabaseFactory' via factory method to bean named 'spring.mongodb-org.springframework.boot.mongodb.autoconfigure.MongoProperties'
2026-08-11 18:05:49 DEBUG o.s.b.f.s.DefaultListableBeanFactory - Autowiring by type from bean name 'mongoDatabaseFactory' via factory method to bean named 'mongoConnectionDetails'
2026-08-11 18:05:49 DEBUG org.mongodb.driver.connection - Connection pool ready for localhost:27017
2026-08-11 18:05:49 DEBUG org.mongodb.driver.cluster - Updating cluster description to  {type=STANDALONE, servers=[{address=localhost:27017, type=STANDALONE, roundTripTime=12.1 ms, state=CONNECTED}]
2026-08-11 18:05:49 DEBUG org.mongodb.driver.cluster - Description changed for topology with ID ClusterId{value='6a7b1725f237962f8b1b124b', description='null'}. Previous description: {type=UNKNOWN, servers=[{address=localhost:27017, type=UNKNOWN, state=CONNECTING}]. New description: {type=STANDALONE, servers=[{address=localhost:27017, type=STANDALONE, roundTripTime=12.1 ms, state=CONNECTED}]
2026-08-11 18:05:49 DEBUG org.mongodb.driver.cluster - Checking status of localhost:27017
2026-08-11 18:05:49 DEBUG o.s.b.f.s.DefaultListableBeanFactory - Creating shared instance of singleton bean 'mappingMongoConverter'
2026-08-11 18:05:49 DEBUG o.s.b.f.s.DefaultListableBeanFactory - Creating shared instance of singleton bean 'org.springframework.boot.data.mongodb.autoconfigure.DataMongoConfiguration'
2026-08-11 18:05:49 DEBUG o.s.b.f.s.DefaultListableBeanFactory - Creating shared instance of singleton bean 'spring.data.mongodb-org.springframework.boot.data.mongodb.autoconfigure.DataMongoProperties'
2026-08-11 18:05:49 DEBUG o.s.b.f.s.DefaultListableBeanFactory - Autowiring by type from bean name 'org.springframework.boot.data.mongodb.autoconfigure.DataMongoConfiguration' via constructor to bean named 'spring.data.mongodb-org.springframework.boot.data.mongodb.autoconfigure.DataMongoProperties'
2026-08-11 18:05:49 DEBUG o.s.b.f.s.DefaultListableBeanFactory - Creating shared instance of singleton bean 'mongoMappingContext'
2026-08-11 18:05:49 DEBUG o.s.b.f.s.DefaultListableBeanFactory - Creating shared instance of singleton bean 'mongoCustomConversions'
2026-08-11 18:05:49 DEBUG o.s.data.convert.CustomConversions - Adding converter from class java.util.Locale to class java.lang.String as writing converter
2026-08-11 18:05:49 DEBUG o.s.data.convert.CustomConversions - Adding converter from class java.lang.Character to class java.lang.String as writing converter
2026-08-11 18:05:49 DEBUG o.s.data.convert.CustomConversions - Adding converter from class java.net.URL to class java.lang.String as writing converter
2026-08-11 18:05:49 DEBUG o.s.data.convert.CustomConversions - Adding converter from class java.lang.String to class java.net.URL as reading converter
2026-08-11 18:05:49 DEBUG o.s.data.convert.CustomConversions - Adding converter from class org.bson.Document to class java.lang.String as reading converter
2026-08-11 18:05:49 DEBUG o.s.data.convert.CustomConversions - Adding converter from class org.springframework.data.mongodb.core.query.Term to class java.lang.String as writing converter
2026-08-11 18:05:49 DEBUG o.s.data.convert.CustomConversions - Adding converter from class org.springframework.data.mongodb.core.script.NamedMongoScript to class org.bson.Document as writing converter
2026-08-11 18:05:49 DEBUG o.s.data.convert.CustomConversions - Adding converter from class org.bson.Document to class org.springframework.data.mongodb.core.script.NamedMongoScript as reading converter
2026-08-11 18:05:49 DEBUG o.s.data.convert.CustomConversions - Adding converter from class java.util.Currency to class java.lang.String as writing converter
2026-08-11 18:05:49 DEBUG o.s.data.convert.CustomConversions - Adding converter from class java.lang.String to class java.util.Currency as reading converter
2026-08-11 18:05:49 DEBUG o.s.data.convert.CustomConversions - Adding converter from class java.util.concurrent.atomic.AtomicInteger to class java.lang.Integer as writing converter
2026-08-11 18:05:49 DEBUG o.s.data.convert.CustomConversions - Adding converter from class java.util.concurrent.atomic.AtomicLong to class java.lang.Long as writing converter
2026-08-11 18:05:49 DEBUG o.s.data.convert.CustomConversions - Adding converter from class java.lang.Long to class java.util.concurrent.atomic.AtomicLong as reading converter
2026-08-11 18:05:49 DEBUG o.s.data.convert.CustomConversions - Adding converter from class java.lang.Integer to class java.util.concurrent.atomic.AtomicInteger as reading converter
2026-08-11 18:05:49 DEBUG o.s.data.convert.CustomConversions - Adding converter from class org.bson.types.Binary to class [B as reading converter
2026-08-11 18:05:49 DEBUG o.s.data.convert.CustomConversions - Adding converter from class org.bson.BsonTimestamp to class java.time.Instant as reading converter
2026-08-11 18:05:49 DEBUG o.s.data.convert.CustomConversions - Adding converter from class java.lang.Number to class java.lang.Number as writing converter
2026-08-11 18:05:49 DEBUG o.s.data.convert.CustomConversions - Adding converter from interface org.springframework.data.domain.Vector to class java.lang.Object as writing converter
2026-08-11 18:05:49 DEBUG o.s.data.convert.CustomConversions - Adding converter from interface java.util.List to interface org.springframework.data.domain.Vector as reading converter
2026-08-11 18:05:49 DEBUG o.s.data.convert.CustomConversions - Adding converter from class org.bson.BinaryVector to interface org.springframework.data.domain.Vector as reading converter
2026-08-11 18:05:49 DEBUG o.s.data.convert.CustomConversions - Adding converter from class java.lang.String to class java.math.BigDecimal as reading converter
2026-08-11 18:05:49 DEBUG o.s.data.convert.CustomConversions - Adding converter from class java.lang.String to class java.math.BigInteger as reading converter
2026-08-11 18:05:49 DEBUG o.s.data.convert.CustomConversions - Adding converter from class org.bson.BsonUndefined to class java.lang.Object as reading converter
2026-08-11 18:05:49 DEBUG o.s.data.convert.CustomConversions - Adding converter from class java.lang.String to class java.net.URI as reading converter
2026-08-11 18:05:49 DEBUG o.s.data.convert.CustomConversions - Adding converter from class java.net.URI to class java.lang.String as writing converter
2026-08-11 18:05:49 DEBUG o.s.data.convert.CustomConversions - Adding converter from class org.springframework.data.geo.Box to class org.bson.Document as writing converter
2026-08-11 18:05:49 DEBUG o.s.data.convert.CustomConversions - Adding converter from class org.springframework.data.geo.Polygon to class org.bson.Document as writing converter
2026-08-11 18:05:49 DEBUG o.s.data.convert.CustomConversions - Adding converter from class org.springframework.data.geo.Circle to class org.bson.Document as writing converter
2026-08-11 18:05:49 DEBUG o.s.data.convert.CustomConversions - Adding converter from class org.springframework.data.mongodb.core.geo.Sphere to class org.bson.Document as writing converter
2026-08-11 18:05:49 DEBUG o.s.data.convert.CustomConversions - Adding converter from class org.bson.Document to class org.springframework.data.geo.Box as reading converter
2026-08-11 18:05:49 DEBUG o.s.data.convert.CustomConversions - Adding converter from class org.bson.Document to class org.springframework.data.geo.Polygon as reading converter
2026-08-11 18:05:49 DEBUG o.s.data.convert.CustomConversions - Adding converter from class org.bson.Document to class org.springframework.data.geo.Circle as reading converter
2026-08-11 18:05:49 DEBUG o.s.data.convert.CustomConversions - Adding converter from class org.bson.Document to class org.springframework.data.mongodb.core.geo.Sphere as reading converter
2026-08-11 18:05:49 DEBUG o.s.data.convert.CustomConversions - Adding converter from class org.bson.Document to class org.springframework.data.geo.Point as reading converter
2026-08-11 18:05:49 DEBUG o.s.data.convert.CustomConversions - Adding converter from class org.springframework.data.geo.Point to class org.bson.Document as writing converter
2026-08-11 18:05:49 DEBUG o.s.data.convert.CustomConversions - Adding converter from class org.springframework.data.mongodb.core.query.GeoCommand to class org.bson.Document as writing converter
2026-08-11 18:05:49 DEBUG o.s.data.convert.CustomConversions - Adding converter from interface org.springframework.data.mongodb.core.geo.GeoJson to class org.bson.Document as writing converter
2026-08-11 18:05:49 DEBUG o.s.data.convert.CustomConversions - Adding converter from class org.springframework.data.mongodb.core.geo.GeoJsonPoint to class org.bson.Document as writing converter
2026-08-11 18:05:49 DEBUG o.s.data.convert.CustomConversions - Adding converter from class org.springframework.data.mongodb.core.geo.GeoJsonPolygon to class org.bson.Document as writing converter
2026-08-11 18:05:49 DEBUG o.s.data.convert.CustomConversions - Adding converter from class org.bson.Document to class org.springframework.data.mongodb.core.geo.GeoJsonPoint as reading converter
2026-08-11 18:05:49 DEBUG o.s.data.convert.CustomConversions - Adding converter from class org.bson.Document to class org.springframework.data.mongodb.core.geo.GeoJsonPolygon as reading converter
2026-08-11 18:05:49 DEBUG o.s.data.convert.CustomConversions - Adding converter from class org.bson.Document to class org.springframework.data.mongodb.core.geo.GeoJsonLineString as reading converter
2026-08-11 18:05:49 DEBUG o.s.data.convert.CustomConversions - Adding converter from class org.bson.Document to class org.springframework.data.mongodb.core.geo.GeoJsonMultiLineString as reading converter
2026-08-11 18:05:49 DEBUG o.s.data.convert.CustomConversions - Adding converter from class org.bson.Document to class org.springframework.data.mongodb.core.geo.GeoJsonMultiPoint as reading converter
2026-08-11 18:05:49 DEBUG o.s.data.convert.CustomConversions - Adding converter from class org.bson.Document to class org.springframework.data.mongodb.core.geo.GeoJsonMultiPolygon as reading converter
2026-08-11 18:05:49 DEBUG o.s.data.convert.CustomConversions - Adding converter from class org.bson.Document to class org.springframework.data.mongodb.core.geo.GeoJsonGeometryCollection as reading converter
2026-08-11 18:05:49 DEBUG o.s.data.convert.CustomConversions - Adding converter from class org.bson.Document to interface org.springframework.data.mongodb.core.geo.GeoJson as reading converter
2026-08-11 18:05:49 DEBUG o.s.data.convert.CustomConversions - Adding converter from class java.util.Date to class java.time.LocalDateTime as reading converter
2026-08-11 18:05:49 DEBUG o.s.data.convert.CustomConversions - Adding converter from class java.time.LocalDateTime to class java.util.Date as writing converter
2026-08-11 18:05:49 DEBUG o.s.data.convert.CustomConversions - Adding converter from class java.util.Date to class java.time.LocalDate as reading converter
2026-08-11 18:05:49 DEBUG o.s.data.convert.CustomConversions - Adding converter from class java.time.LocalDate to class java.util.Date as writing converter
2026-08-11 18:05:49 DEBUG o.s.data.convert.CustomConversions - Adding converter from class java.util.Date to class java.time.LocalTime as reading converter
2026-08-11 18:05:49 DEBUG o.s.data.convert.CustomConversions - Adding converter from class java.time.LocalTime to class java.util.Date as writing converter
2026-08-11 18:05:49 DEBUG o.s.data.convert.CustomConversions - Adding converter from class java.util.Date to class java.time.Instant as reading converter
2026-08-11 18:05:49 DEBUG o.s.data.convert.CustomConversions - Adding converter from class java.time.Instant to class java.util.Date as writing converter
2026-08-11 18:05:49 DEBUG o.s.data.convert.CustomConversions - Skipping converter from class java.time.LocalDateTime to class java.time.Instant as reading converter class java.time.LocalDateTime is not a store supported simple type
2026-08-11 18:05:49 DEBUG o.s.data.convert.CustomConversions - Skipping converter from class java.time.Instant to class java.time.LocalDateTime as reading converter class java.time.Instant is not a store supported simple type
2026-08-11 18:05:49 DEBUG o.s.data.convert.CustomConversions - Adding converter from class java.time.ZoneId to class java.lang.String as writing converter
2026-08-11 18:05:49 DEBUG o.s.data.convert.CustomConversions - Adding converter from class java.lang.String to class java.time.ZoneId as reading converter
2026-08-11 18:05:49 DEBUG o.s.data.convert.CustomConversions - Adding converter from class java.time.Duration to class java.lang.String as writing converter
2026-08-11 18:05:49 DEBUG o.s.data.convert.CustomConversions - Adding converter from class java.lang.String to class java.time.Duration as reading converter
2026-08-11 18:05:49 DEBUG o.s.data.convert.CustomConversions - Adding converter from class java.time.Period to class java.lang.String as writing converter
2026-08-11 18:05:49 DEBUG o.s.data.convert.CustomConversions - Adding converter from class java.lang.String to class java.time.Period as reading converter
2026-08-11 18:05:49 DEBUG o.s.data.convert.CustomConversions - Adding converter from class java.lang.String to class java.time.LocalDate as reading converter
2026-08-11 18:05:49 DEBUG o.s.data.convert.CustomConversions - Adding converter from class java.lang.String to class java.time.LocalDateTime as reading converter
2026-08-11 18:05:49 DEBUG o.s.data.convert.CustomConversions - Adding converter from class java.lang.String to class java.time.Instant as reading converter
2026-08-11 18:05:49 DEBUG o.s.b.f.s.DefaultListableBeanFactory - Creating shared instance of singleton bean 'mongoManagedTypes'
2026-08-11 18:05:49 DEBUG o.s.b.f.s.DefaultListableBeanFactory - Autowiring by type from bean name 'mongoManagedTypes' via factory method to bean named 'org.springframework.boot.web.server.servlet.context.AnnotationConfigServletWebServerApplicationContext@c0b41d6'
2026-08-11 18:05:49 DEBUG o.s.c.a.ClassPathScanningCandidateComponentProvider - Identified candidate component class: file [/home/tejaskudva/Java Projects/Kafka Tutorials/notification-api-service/target/classes/com/notification/api/models/entity/Template.class]
2026-08-11 18:05:49 DEBUG o.s.b.f.s.DefaultListableBeanFactory - Autowiring by type from bean name 'mongoMappingContext' via factory method to bean named 'mongoCustomConversions'
2026-08-11 18:05:49 DEBUG o.s.b.f.s.DefaultListableBeanFactory - Autowiring by type from bean name 'mongoMappingContext' via factory method to bean named 'mongoManagedTypes'
2026-08-11 18:05:49 DEBUG o.s.b.f.s.DefaultListableBeanFactory - Creating shared instance of singleton bean 'springApplicationAdminRegistrar'
2026-08-11 18:05:49 DEBUG o.s.b.f.s.DefaultListableBeanFactory - Creating shared instance of singleton bean 'org.springframework.boot.autoconfigure.admin.SpringApplicationAdminJmxAutoConfiguration'
2026-08-11 18:05:49 DEBUG o.s.b.f.s.DefaultListableBeanFactory - Autowiring by type from bean name 'springApplicationAdminRegistrar' via factory method to bean named 'environment'
2026-08-11 18:05:49 DEBUG o.s.b.f.s.DefaultListableBeanFactory - Creating shared instance of singleton bean 'mbeanExporter'
2026-08-11 18:05:49 DEBUG o.s.b.f.s.DefaultListableBeanFactory - Creating shared instance of singleton bean 'org.springframework.boot.autoconfigure.jmx.JmxAutoConfiguration'
2026-08-11 18:05:49 DEBUG o.s.b.f.s.DefaultListableBeanFactory - Creating shared instance of singleton bean 'spring.jmx-org.springframework.boot.autoconfigure.jmx.JmxProperties'
2026-08-11 18:05:49 DEBUG o.s.b.f.s.DefaultListableBeanFactory - Autowiring by type from bean name 'org.springframework.boot.autoconfigure.jmx.JmxAutoConfiguration' via constructor to bean named 'spring.jmx-org.springframework.boot.autoconfigure.jmx.JmxProperties'
2026-08-11 18:05:49 DEBUG o.s.b.f.s.DefaultListableBeanFactory - Creating shared instance of singleton bean 'objectNamingStrategy'
2026-08-11 18:05:49 DEBUG o.s.b.f.s.DefaultListableBeanFactory - Autowiring by type from bean name 'mbeanExporter' via factory method to bean named 'objectNamingStrategy'
2026-08-11 18:05:49 DEBUG o.s.b.f.s.DefaultListableBeanFactory - Autowiring by type from bean name 'mbeanExporter' via factory method to bean named 'org.springframework.beans.factory.support.DefaultListableBeanFactory@1b9c1b51'
2026-08-11 18:05:49 DEBUG o.s.b.f.s.DefaultListableBeanFactory - Creating shared instance of singleton bean 'mbeanServer'
2026-08-11 18:05:49 DEBUG o.s.jmx.support.JmxUtils - Found MBeanServer: com.sun.jmx.mbeanserver.JmxMBeanServer@4c75cab9
2026-08-11 18:05:49 DEBUG o.s.b.a.SpringApplicationAdminMXBeanRegistrar$SpringApplicationAdmin - Application Admin MBean registered with name 'org.springframework.boot:type=Admin,name=SpringApplication'
2026-08-11 18:05:49 DEBUG o.s.b.f.s.DefaultListableBeanFactory - Creating shared instance of singleton bean 'startupTimeMetrics'
2026-08-11 18:05:49 DEBUG o.s.b.f.s.DefaultListableBeanFactory - Creating shared instance of singleton bean 'org.springframework.boot.micrometer.metrics.autoconfigure.startup.StartupTimeMetricsListenerAutoConfiguration'
2026-08-11 18:05:49 DEBUG o.s.b.f.s.DefaultListableBeanFactory - Autowiring by type from bean name 'startupTimeMetrics' via factory method to bean named 'simpleMeterRegistry'
2026-08-11 18:05:49 DEBUG o.s.b.f.s.DefaultListableBeanFactory - Autowiring by type from bean name 'mappingMongoConverter' via factory method to bean named 'mongoMappingContext'
2026-08-11 18:05:49 DEBUG o.s.b.f.s.DefaultListableBeanFactory - Autowiring by type from bean name 'mappingMongoConverter' via factory method to bean named 'mongoCustomConversions'
2026-08-11 18:05:49 DEBUG o.s.data.convert.CustomConversions - Adding converter from class java.util.Locale to class java.lang.String as writing converter
2026-08-11 18:05:49 DEBUG o.s.data.convert.CustomConversions - Adding converter from class java.lang.Character to class java.lang.String as writing converter
2026-08-11 18:05:49 DEBUG o.s.data.convert.CustomConversions - Adding converter from class java.net.URL to class java.lang.String as writing converter
2026-08-11 18:05:49 DEBUG o.s.data.convert.CustomConversions - Adding converter from class java.lang.String to class java.net.URL as reading converter
2026-08-11 18:05:49 DEBUG o.s.data.convert.CustomConversions - Adding converter from class org.bson.Document to class java.lang.String as reading converter
2026-08-11 18:05:49 DEBUG o.s.data.convert.CustomConversions - Adding converter from class org.springframework.data.mongodb.core.query.Term to class java.lang.String as writing converter
2026-08-11 18:05:49 DEBUG o.s.data.convert.CustomConversions - Adding converter from class org.springframework.data.mongodb.core.script.NamedMongoScript to class org.bson.Document as writing converter
2026-08-11 18:05:49 DEBUG o.s.data.convert.CustomConversions - Adding converter from class org.bson.Document to class org.springframework.data.mongodb.core.script.NamedMongoScript as reading converter
2026-08-11 18:05:49 DEBUG o.s.data.convert.CustomConversions - Adding converter from class java.util.Currency to class java.lang.String as writing converter
2026-08-11 18:05:49 DEBUG o.s.data.convert.CustomConversions - Adding converter from class java.lang.String to class java.util.Currency as reading converter
2026-08-11 18:05:49 DEBUG o.s.data.convert.CustomConversions - Adding converter from class java.util.concurrent.atomic.AtomicInteger to class java.lang.Integer as writing converter
2026-08-11 18:05:49 DEBUG o.s.data.convert.CustomConversions - Adding converter from class java.util.concurrent.atomic.AtomicLong to class java.lang.Long as writing converter
2026-08-11 18:05:49 DEBUG o.s.data.convert.CustomConversions - Adding converter from class java.lang.Long to class java.util.concurrent.atomic.AtomicLong as reading converter
2026-08-11 18:05:49 DEBUG o.s.data.convert.CustomConversions - Adding converter from class java.lang.Integer to class java.util.concurrent.atomic.AtomicInteger as reading converter
2026-08-11 18:05:49 DEBUG o.s.data.convert.CustomConversions - Adding converter from class org.bson.types.Binary to class [B as reading converter
2026-08-11 18:05:49 DEBUG o.s.data.convert.CustomConversions - Adding converter from class org.bson.BsonTimestamp to class java.time.Instant as reading converter
2026-08-11 18:05:49 DEBUG o.s.data.convert.CustomConversions - Adding converter from class java.lang.Number to class java.lang.Number as writing converter
2026-08-11 18:05:49 DEBUG o.s.data.convert.CustomConversions - Adding converter from interface org.springframework.data.domain.Vector to class java.lang.Object as writing converter
2026-08-11 18:05:49 DEBUG o.s.data.convert.CustomConversions - Adding converter from interface java.util.List to interface org.springframework.data.domain.Vector as reading converter
2026-08-11 18:05:49 DEBUG o.s.data.convert.CustomConversions - Adding converter from class org.bson.BinaryVector to interface org.springframework.data.domain.Vector as reading converter
2026-08-11 18:05:49 DEBUG o.s.data.convert.CustomConversions - Adding converter from class java.lang.String to class java.math.BigDecimal as reading converter
2026-08-11 18:05:49 DEBUG o.s.data.convert.CustomConversions - Adding converter from class java.lang.String to class java.math.BigInteger as reading converter
2026-08-11 18:05:49 DEBUG o.s.data.convert.CustomConversions - Adding converter from class org.bson.BsonUndefined to class java.lang.Object as reading converter
2026-08-11 18:05:49 DEBUG o.s.data.convert.CustomConversions - Adding converter from class java.lang.String to class java.net.URI as reading converter
2026-08-11 18:05:49 DEBUG o.s.data.convert.CustomConversions - Adding converter from class java.net.URI to class java.lang.String as writing converter
2026-08-11 18:05:49 DEBUG o.s.data.convert.CustomConversions - Adding converter from class org.springframework.data.geo.Box to class org.bson.Document as writing converter
2026-08-11 18:05:49 DEBUG o.s.data.convert.CustomConversions - Adding converter from class org.springframework.data.geo.Polygon to class org.bson.Document as writing converter
2026-08-11 18:05:49 DEBUG o.s.data.convert.CustomConversions - Adding converter from class org.springframework.data.geo.Circle to class org.bson.Document as writing converter
2026-08-11 18:05:49 DEBUG o.s.data.convert.CustomConversions - Adding converter from class org.springframework.data.mongodb.core.geo.Sphere to class org.bson.Document as writing converter
2026-08-11 18:05:49 DEBUG o.s.data.convert.CustomConversions - Adding converter from class org.bson.Document to class org.springframework.data.geo.Box as reading converter
2026-08-11 18:05:49 DEBUG o.s.data.convert.CustomConversions - Adding converter from class org.bson.Document to class org.springframework.data.geo.Polygon as reading converter
2026-08-11 18:05:49 DEBUG o.s.data.convert.CustomConversions - Adding converter from class org.bson.Document to class org.springframework.data.geo.Circle as reading converter
2026-08-11 18:05:49 DEBUG o.s.data.convert.CustomConversions - Adding converter from class org.bson.Document to class org.springframework.data.mongodb.core.geo.Sphere as reading converter
2026-08-11 18:05:49 DEBUG o.s.data.convert.CustomConversions - Adding converter from class org.bson.Document to class org.springframework.data.geo.Point as reading converter
2026-08-11 18:05:49 DEBUG o.s.data.convert.CustomConversions - Adding converter from class org.springframework.data.geo.Point to class org.bson.Document as writing converter
2026-08-11 18:05:49 DEBUG o.s.data.convert.CustomConversions - Adding converter from class org.springframework.data.mongodb.core.query.GeoCommand to class org.bson.Document as writing converter
2026-08-11 18:05:49 DEBUG o.s.data.convert.CustomConversions - Adding converter from interface org.springframework.data.mongodb.core.geo.GeoJson to class org.bson.Document as writing converter
2026-08-11 18:05:49 DEBUG o.s.data.convert.CustomConversions - Adding converter from class org.springframework.data.mongodb.core.geo.GeoJsonPoint to class org.bson.Document as writing converter
2026-08-11 18:05:49 DEBUG o.s.data.convert.CustomConversions - Adding converter from class org.springframework.data.mongodb.core.geo.GeoJsonPolygon to class org.bson.Document as writing converter
2026-08-11 18:05:49 DEBUG o.s.data.convert.CustomConversions - Adding converter from class org.bson.Document to class org.springframework.data.mongodb.core.geo.GeoJsonPoint as reading converter
2026-08-11 18:05:49 DEBUG o.s.data.convert.CustomConversions - Adding converter from class org.bson.Document to class org.springframework.data.mongodb.core.geo.GeoJsonPolygon as reading converter
2026-08-11 18:05:49 DEBUG o.s.data.convert.CustomConversions - Adding converter from class org.bson.Document to class org.springframework.data.mongodb.core.geo.GeoJsonLineString as reading converter
2026-08-11 18:05:49 DEBUG o.s.data.convert.CustomConversions - Adding converter from class org.bson.Document to class org.springframework.data.mongodb.core.geo.GeoJsonMultiLineString as reading converter
2026-08-11 18:05:49 DEBUG o.s.data.convert.CustomConversions - Adding converter from class org.bson.Document to class org.springframework.data.mongodb.core.geo.GeoJsonMultiPoint as reading converter
2026-08-11 18:05:49 DEBUG o.s.data.convert.CustomConversions - Adding converter from class org.bson.Document to class org.springframework.data.mongodb.core.geo.GeoJsonMultiPolygon as reading converter
2026-08-11 18:05:49 DEBUG o.s.data.convert.CustomConversions - Adding converter from class org.bson.Document to class org.springframework.data.mongodb.core.geo.GeoJsonGeometryCollection as reading converter
2026-08-11 18:05:49 DEBUG o.s.data.convert.CustomConversions - Adding converter from class org.bson.Document to interface org.springframework.data.mongodb.core.geo.GeoJson as reading converter
2026-08-11 18:05:49 DEBUG o.s.data.convert.CustomConversions - Adding converter from class java.util.Date to class java.time.LocalDateTime as reading converter
2026-08-11 18:05:49 DEBUG o.s.data.convert.CustomConversions - Adding converter from class java.time.LocalDateTime to class java.util.Date as writing converter
2026-08-11 18:05:49 DEBUG o.s.data.convert.CustomConversions - Adding converter from class java.util.Date to class java.time.LocalDate as reading converter
2026-08-11 18:05:49 DEBUG o.s.data.convert.CustomConversions - Adding converter from class java.time.LocalDate to class java.util.Date as writing converter
2026-08-11 18:05:49 DEBUG o.s.data.convert.CustomConversions - Adding converter from class java.util.Date to class java.time.LocalTime as reading converter
2026-08-11 18:05:49 DEBUG o.s.data.convert.CustomConversions - Adding converter from class java.time.LocalTime to class java.util.Date as writing converter
2026-08-11 18:05:49 DEBUG o.s.data.convert.CustomConversions - Adding converter from class java.util.Date to class java.time.Instant as reading converter
2026-08-11 18:05:49 DEBUG o.s.data.convert.CustomConversions - Adding converter from class java.time.Instant to class java.util.Date as writing converter
2026-08-11 18:05:49 DEBUG o.s.data.convert.CustomConversions - Skipping converter from class java.time.LocalDateTime to class java.time.Instant as reading converter class java.time.LocalDateTime is not a store supported simple type
2026-08-11 18:05:49 DEBUG o.s.data.convert.CustomConversions - Skipping converter from class java.time.Instant to class java.time.LocalDateTime as reading converter class java.time.Instant is not a store supported simple type
2026-08-11 18:05:49 DEBUG o.s.data.convert.CustomConversions - Adding converter from class java.time.ZoneId to class java.lang.String as writing converter
2026-08-11 18:05:49 DEBUG o.s.data.convert.CustomConversions - Adding converter from class java.lang.String to class java.time.ZoneId as reading converter
2026-08-11 18:05:49 DEBUG o.s.data.convert.CustomConversions - Adding converter from class java.time.Duration to class java.lang.String as writing converter
2026-08-11 18:05:49 DEBUG o.s.data.convert.CustomConversions - Adding converter from class java.lang.String to class java.time.Duration as reading converter
2026-08-11 18:05:49 DEBUG o.s.data.convert.CustomConversions - Adding converter from class java.time.Period to class java.lang.String as writing converter
2026-08-11 18:05:49 DEBUG o.s.data.convert.CustomConversions - Adding converter from class java.lang.String to class java.time.Period as reading converter
2026-08-11 18:05:49 DEBUG o.s.data.convert.CustomConversions - Adding converter from class java.lang.String to class java.time.LocalDate as reading converter
2026-08-11 18:05:49 DEBUG o.s.data.convert.CustomConversions - Adding converter from class java.lang.String to class java.time.LocalDateTime as reading converter
2026-08-11 18:05:49 DEBUG o.s.data.convert.CustomConversions - Adding converter from class java.lang.String to class java.time.Instant as reading converter
2026-08-11 18:05:49 DEBUG o.s.b.f.s.DefaultListableBeanFactory - Autowiring by type from bean name 'mongoTemplate' via factory method to bean named 'mongoDatabaseFactory'
2026-08-11 18:05:49 DEBUG o.s.b.f.s.DefaultListableBeanFactory - Autowiring by type from bean name 'mongoTemplate' via factory method to bean named 'mappingMongoConverter'
2026-08-11 18:05:49 DEBUG o.s.b.f.s.DefaultListableBeanFactory - Creating shared instance of singleton bean 'metricsRepositoryMethodInvocationListener'
2026-08-11 18:05:49 DEBUG o.s.b.f.s.DefaultListableBeanFactory - Creating shared instance of singleton bean 'org.springframework.boot.data.autoconfigure.metrics.DataRepositoryMetricsAutoConfiguration'
2026-08-11 18:05:49 DEBUG o.s.b.f.s.DefaultListableBeanFactory - Creating shared instance of singleton bean 'management.metrics.data-org.springframework.boot.data.autoconfigure.metrics.DataMetricsProperties'
2026-08-11 18:05:49 DEBUG o.s.b.f.s.DefaultListableBeanFactory - Autowiring by type from bean name 'org.springframework.boot.data.autoconfigure.metrics.DataRepositoryMetricsAutoConfiguration' via constructor to bean named 'management.metrics.data-org.springframework.boot.data.autoconfigure.metrics.DataMetricsProperties'
2026-08-11 18:05:49 DEBUG o.s.b.f.s.DefaultListableBeanFactory - Creating shared instance of singleton bean 'repositoryTagsProvider'
2026-08-11 18:05:49 DEBUG o.s.b.f.s.DefaultListableBeanFactory - Autowiring by type from bean name 'metricsRepositoryMethodInvocationListener' via factory method to bean named 'repositoryTagsProvider'
2026-08-11 18:05:49 DEBUG o.s.d.r.c.s.RepositoryFactorySupport - Initializing repository instance for com.notification.api.dao.repository.TemplateRepository…
2026-08-11 18:05:49 DEBUG o.s.d.r.c.s.RepositoryFactorySupport - Finished creation of repository instance for com.notification.api.dao.repository.TemplateRepository.
2026-08-11 18:05:49 DEBUG o.s.b.f.s.DefaultListableBeanFactory - Creating shared instance of singleton bean 'cacheServiceImpl'
2026-08-11 18:05:49 DEBUG o.s.b.f.s.DefaultListableBeanFactory - Creating shared instance of singleton bean 'stringRedisTemplate'
2026-08-11 18:05:49 DEBUG o.s.b.f.s.DefaultListableBeanFactory - Autowiring by type from bean name 'stringRedisTemplate' via factory method to bean named 'redisConnectionFactory'
2026-08-11 18:05:49 DEBUG o.s.data.convert.CustomConversions - Adding converter from class java.lang.String to class [B as writing converter
2026-08-11 18:05:49 DEBUG o.s.data.convert.CustomConversions - Adding converter from class [B to class java.lang.String as reading converter
2026-08-11 18:05:49 DEBUG o.s.data.convert.CustomConversions - Adding converter from class java.lang.Number to class [B as writing converter
2026-08-11 18:05:49 DEBUG o.s.data.convert.CustomConversions - Adding converter from class [B to class java.lang.Number as reading converter
2026-08-11 18:05:49 DEBUG o.s.data.convert.CustomConversions - Adding converter from class java.lang.Enum to class [B as writing converter
2026-08-11 18:05:49 DEBUG o.s.data.convert.CustomConversions - Adding converter from class [B to class java.lang.Enum as reading converter
2026-08-11 18:05:49 DEBUG o.s.data.convert.CustomConversions - Adding converter from class java.lang.Boolean to class [B as writing converter
2026-08-11 18:05:49 DEBUG o.s.data.convert.CustomConversions - Adding converter from class [B to class java.lang.Boolean as reading converter
2026-08-11 18:05:49 DEBUG o.s.data.convert.CustomConversions - Adding converter from class java.util.Date to class [B as writing converter
2026-08-11 18:05:49 DEBUG o.s.data.convert.CustomConversions - Adding converter from class [B to class java.util.Date as reading converter
2026-08-11 18:05:49 DEBUG o.s.data.convert.CustomConversions - Adding converter from class java.util.UUID to class [B as writing converter
2026-08-11 18:05:49 DEBUG o.s.data.convert.CustomConversions - Adding converter from class [B to class java.util.UUID as reading converter
2026-08-11 18:05:49 DEBUG o.s.data.convert.CustomConversions - Adding converter from class java.time.LocalDateTime to class [B as reading converter
2026-08-11 18:05:49 DEBUG o.s.data.convert.CustomConversions - Adding converter from class [B to class java.time.LocalDateTime as reading converter
2026-08-11 18:05:49 DEBUG o.s.data.convert.CustomConversions - Adding converter from class java.time.LocalDate to class [B as reading converter
2026-08-11 18:05:49 DEBUG o.s.data.convert.CustomConversions - Adding converter from class [B to class java.time.LocalDate as reading converter
2026-08-11 18:05:49 DEBUG o.s.data.convert.CustomConversions - Adding converter from class java.time.LocalTime to class [B as reading converter
2026-08-11 18:05:49 DEBUG o.s.data.convert.CustomConversions - Adding converter from class [B to class java.time.LocalTime as reading converter
2026-08-11 18:05:49 DEBUG o.s.data.convert.CustomConversions - Adding converter from class java.time.ZonedDateTime to class [B as reading converter
2026-08-11 18:05:49 DEBUG o.s.data.convert.CustomConversions - Adding converter from class [B to class java.time.ZonedDateTime as reading converter
2026-08-11 18:05:49 DEBUG o.s.data.convert.CustomConversions - Adding converter from class java.time.Instant to class [B as reading converter
2026-08-11 18:05:49 DEBUG o.s.data.convert.CustomConversions - Adding converter from class [B to class java.time.Instant as reading converter
2026-08-11 18:05:49 DEBUG o.s.data.convert.CustomConversions - Adding converter from class java.time.ZoneId to class [B as reading converter
2026-08-11 18:05:49 DEBUG o.s.data.convert.CustomConversions - Adding converter from class [B to class java.time.ZoneId as reading converter
2026-08-11 18:05:49 DEBUG o.s.data.convert.CustomConversions - Adding converter from class java.time.Period to class [B as reading converter
2026-08-11 18:05:49 DEBUG o.s.data.convert.CustomConversions - Adding converter from class [B to class java.time.Period as reading converter
2026-08-11 18:05:49 DEBUG o.s.data.convert.CustomConversions - Adding converter from class java.time.Duration to class [B as reading converter
2026-08-11 18:05:49 DEBUG o.s.data.convert.CustomConversions - Adding converter from class [B to class java.time.Duration as reading converter
2026-08-11 18:05:49 DEBUG o.s.data.convert.CustomConversions - Adding converter from class java.time.OffsetDateTime to class [B as reading converter
2026-08-11 18:05:49 DEBUG o.s.data.convert.CustomConversions - Adding converter from class [B to class java.time.OffsetDateTime as reading converter
2026-08-11 18:05:49 DEBUG o.s.data.convert.CustomConversions - Adding converter from class java.time.OffsetTime to class [B as reading converter
2026-08-11 18:05:49 DEBUG o.s.data.convert.CustomConversions - Adding converter from class [B to class java.time.OffsetTime as reading converter
2026-08-11 18:05:49 DEBUG o.s.data.convert.CustomConversions - Adding converter from class java.util.Date to class java.time.LocalDateTime as reading converter
2026-08-11 18:05:49 DEBUG o.s.data.convert.CustomConversions - Adding converter from class java.time.LocalDateTime to class java.util.Date as writing converter
2026-08-11 18:05:49 DEBUG o.s.data.convert.CustomConversions - Adding converter from class java.util.Date to class java.time.LocalDate as reading converter
2026-08-11 18:05:49 DEBUG o.s.data.convert.CustomConversions - Adding converter from class java.time.LocalDate to class java.util.Date as writing converter
2026-08-11 18:05:49 DEBUG o.s.data.convert.CustomConversions - Adding converter from class java.util.Date to class java.time.LocalTime as reading converter
2026-08-11 18:05:49 DEBUG o.s.data.convert.CustomConversions - Adding converter from class java.time.LocalTime to class java.util.Date as writing converter
2026-08-11 18:05:49 DEBUG o.s.data.convert.CustomConversions - Adding converter from class java.util.Date to class java.time.Instant as reading converter
2026-08-11 18:05:49 DEBUG o.s.data.convert.CustomConversions - Adding converter from class java.time.Instant to class java.util.Date as writing converter
2026-08-11 18:05:49 DEBUG o.s.data.convert.CustomConversions - Adding converter from class java.time.LocalDateTime to class java.time.Instant as reading converter
2026-08-11 18:05:49 DEBUG o.s.data.convert.CustomConversions - Adding converter from class java.time.Instant to class java.time.LocalDateTime as reading converter
2026-08-11 18:05:49 DEBUG o.s.data.convert.CustomConversions - Adding converter from class java.time.ZoneId to class java.lang.String as writing converter
2026-08-11 18:05:49 DEBUG o.s.data.convert.CustomConversions - Adding converter from class java.lang.String to class java.time.ZoneId as reading converter
2026-08-11 18:05:49 DEBUG o.s.data.convert.CustomConversions - Adding converter from class java.time.Duration to class java.lang.String as writing converter
2026-08-11 18:05:49 DEBUG o.s.data.convert.CustomConversions - Adding converter from class java.lang.String to class java.time.Duration as reading converter
2026-08-11 18:05:49 DEBUG o.s.data.convert.CustomConversions - Adding converter from class java.time.Period to class java.lang.String as writing converter
2026-08-11 18:05:49 DEBUG o.s.data.convert.CustomConversions - Adding converter from class java.lang.String to class java.time.Period as reading converter
2026-08-11 18:05:49 DEBUG o.s.data.convert.CustomConversions - Adding converter from class java.lang.String to class java.time.LocalDate as reading converter
2026-08-11 18:05:49 DEBUG o.s.data.convert.CustomConversions - Adding converter from class java.lang.String to class java.time.LocalDateTime as reading converter
2026-08-11 18:05:49 DEBUG o.s.data.convert.CustomConversions - Adding converter from class java.lang.String to class java.time.Instant as reading converter
2026-08-11 18:05:49 DEBUG o.s.data.convert.CustomConversions - Adding converter from class java.lang.String to class [B as writing converter
2026-08-11 18:05:49 DEBUG o.s.data.convert.CustomConversions - Adding converter from class [B to class java.lang.String as reading converter
2026-08-11 18:05:49 DEBUG o.s.data.convert.CustomConversions - Adding converter from class java.lang.Number to class [B as writing converter
2026-08-11 18:05:49 DEBUG o.s.data.convert.CustomConversions - Adding converter from class [B to class java.lang.Number as reading converter
2026-08-11 18:05:49 DEBUG o.s.data.convert.CustomConversions - Adding converter from class java.lang.Enum to class [B as writing converter
2026-08-11 18:05:49 DEBUG o.s.data.convert.CustomConversions - Adding converter from class [B to class java.lang.Enum as reading converter
2026-08-11 18:05:49 DEBUG o.s.data.convert.CustomConversions - Adding converter from class java.lang.Boolean to class [B as writing converter
2026-08-11 18:05:49 DEBUG o.s.data.convert.CustomConversions - Adding converter from class [B to class java.lang.Boolean as reading converter
2026-08-11 18:05:49 DEBUG o.s.data.convert.CustomConversions - Adding converter from class java.util.Date to class [B as writing converter
2026-08-11 18:05:49 DEBUG o.s.data.convert.CustomConversions - Adding converter from class [B to class java.util.Date as reading converter
2026-08-11 18:05:49 DEBUG o.s.data.convert.CustomConversions - Adding converter from class java.util.UUID to class [B as writing converter
2026-08-11 18:05:49 DEBUG o.s.data.convert.CustomConversions - Adding converter from class [B to class java.util.UUID as reading converter
2026-08-11 18:05:49 DEBUG o.s.data.convert.CustomConversions - Adding converter from class java.time.LocalDateTime to class [B as reading converter
2026-08-11 18:05:49 DEBUG o.s.data.convert.CustomConversions - Adding converter from class [B to class java.time.LocalDateTime as reading converter
2026-08-11 18:05:49 DEBUG o.s.data.convert.CustomConversions - Adding converter from class java.time.LocalDate to class [B as reading converter
2026-08-11 18:05:49 DEBUG o.s.data.convert.CustomConversions - Adding converter from class [B to class java.time.LocalDate as reading converter
2026-08-11 18:05:49 DEBUG o.s.data.convert.CustomConversions - Adding converter from class java.time.LocalTime to class [B as reading converter
2026-08-11 18:05:49 DEBUG o.s.data.convert.CustomConversions - Adding converter from class [B to class java.time.LocalTime as reading converter
2026-08-11 18:05:49 DEBUG o.s.data.convert.CustomConversions - Adding converter from class java.time.ZonedDateTime to class [B as reading converter
2026-08-11 18:05:49 DEBUG o.s.data.convert.CustomConversions - Adding converter from class [B to class java.time.ZonedDateTime as reading converter
2026-08-11 18:05:49 DEBUG o.s.data.convert.CustomConversions - Adding converter from class java.time.Instant to class [B as reading converter
2026-08-11 18:05:49 DEBUG o.s.data.convert.CustomConversions - Adding converter from class [B to class java.time.Instant as reading converter
2026-08-11 18:05:49 DEBUG o.s.data.convert.CustomConversions - Adding converter from class java.time.ZoneId to class [B as reading converter
2026-08-11 18:05:49 DEBUG o.s.data.convert.CustomConversions - Adding converter from class [B to class java.time.ZoneId as reading converter
2026-08-11 18:05:49 DEBUG o.s.data.convert.CustomConversions - Adding converter from class java.time.Period to class [B as reading converter
2026-08-11 18:05:49 DEBUG o.s.data.convert.CustomConversions - Adding converter from class [B to class java.time.Period as reading converter
2026-08-11 18:05:49 DEBUG o.s.data.convert.CustomConversions - Adding converter from class java.time.Duration to class [B as reading converter
2026-08-11 18:05:49 DEBUG o.s.data.convert.CustomConversions - Adding converter from class [B to class java.time.Duration as reading converter
2026-08-11 18:05:49 DEBUG o.s.data.convert.CustomConversions - Adding converter from class java.time.OffsetDateTime to class [B as reading converter
2026-08-11 18:05:49 DEBUG o.s.data.convert.CustomConversions - Adding converter from class [B to class java.time.OffsetDateTime as reading converter
2026-08-11 18:05:49 DEBUG o.s.data.convert.CustomConversions - Adding converter from class java.time.OffsetTime to class [B as reading converter
2026-08-11 18:05:49 DEBUG o.s.data.convert.CustomConversions - Adding converter from class [B to class java.time.OffsetTime as reading converter
2026-08-11 18:05:49 DEBUG o.s.data.convert.CustomConversions - Adding converter from class java.util.Date to class java.time.LocalDateTime as reading converter
2026-08-11 18:05:49 DEBUG o.s.data.convert.CustomConversions - Adding converter from class java.time.LocalDateTime to class java.util.Date as writing converter
2026-08-11 18:05:49 DEBUG o.s.data.convert.CustomConversions - Adding converter from class java.util.Date to class java.time.LocalDate as reading converter
2026-08-11 18:05:49 DEBUG o.s.data.convert.CustomConversions - Adding converter from class java.time.LocalDate to class java.util.Date as writing converter
2026-08-11 18:05:49 DEBUG o.s.data.convert.CustomConversions - Adding converter from class java.util.Date to class java.time.LocalTime as reading converter
2026-08-11 18:05:49 DEBUG o.s.data.convert.CustomConversions - Adding converter from class java.time.LocalTime to class java.util.Date as writing converter
2026-08-11 18:05:49 DEBUG o.s.data.convert.CustomConversions - Adding converter from class java.util.Date to class java.time.Instant as reading converter
2026-08-11 18:05:49 DEBUG o.s.data.convert.CustomConversions - Adding converter from class java.time.Instant to class java.util.Date as writing converter
2026-08-11 18:05:49 DEBUG o.s.data.convert.CustomConversions - Adding converter from class java.time.LocalDateTime to class java.time.Instant as reading converter
2026-08-11 18:05:49 DEBUG o.s.data.convert.CustomConversions - Adding converter from class java.time.Instant to class java.time.LocalDateTime as reading converter
2026-08-11 18:05:49 DEBUG o.s.data.convert.CustomConversions - Adding converter from class java.time.ZoneId to class java.lang.String as writing converter
2026-08-11 18:05:49 DEBUG o.s.data.convert.CustomConversions - Adding converter from class java.lang.String to class java.time.ZoneId as reading converter
2026-08-11 18:05:49 DEBUG o.s.data.convert.CustomConversions - Adding converter from class java.time.Duration to class java.lang.String as writing converter
2026-08-11 18:05:49 DEBUG o.s.data.convert.CustomConversions - Adding converter from class java.lang.String to class java.time.Duration as reading converter
2026-08-11 18:05:49 DEBUG o.s.data.convert.CustomConversions - Adding converter from class java.time.Period to class java.lang.String as writing converter
2026-08-11 18:05:49 DEBUG o.s.data.convert.CustomConversions - Adding converter from class java.lang.String to class java.time.Period as reading converter
2026-08-11 18:05:49 DEBUG o.s.data.convert.CustomConversions - Adding converter from class java.lang.String to class java.time.LocalDate as reading converter
2026-08-11 18:05:49 DEBUG o.s.data.convert.CustomConversions - Adding converter from class java.lang.String to class java.time.LocalDateTime as reading converter
2026-08-11 18:05:49 DEBUG o.s.data.convert.CustomConversions - Adding converter from class java.lang.String to class java.time.Instant as reading converter
2026-08-11 18:05:49 DEBUG o.s.data.convert.CustomConversions - Adding converter from class java.lang.String to class [B as writing converter
2026-08-11 18:05:49 DEBUG o.s.data.convert.CustomConversions - Adding converter from class [B to class java.lang.String as reading converter
2026-08-11 18:05:49 DEBUG o.s.data.convert.CustomConversions - Adding converter from class java.lang.Number to class [B as writing converter
2026-08-11 18:05:49 DEBUG o.s.data.convert.CustomConversions - Adding converter from class [B to class java.lang.Number as reading converter
2026-08-11 18:05:49 DEBUG o.s.data.convert.CustomConversions - Adding converter from class java.lang.Enum to class [B as writing converter
2026-08-11 18:05:49 DEBUG o.s.data.convert.CustomConversions - Adding converter from class [B to class java.lang.Enum as reading converter
2026-08-11 18:05:49 DEBUG o.s.data.convert.CustomConversions - Adding converter from class java.lang.Boolean to class [B as writing converter
2026-08-11 18:05:49 DEBUG o.s.data.convert.CustomConversions - Adding converter from class [B to class java.lang.Boolean as reading converter
2026-08-11 18:05:49 DEBUG o.s.data.convert.CustomConversions - Adding converter from class java.util.Date to class [B as writing converter
2026-08-11 18:05:49 DEBUG o.s.data.convert.CustomConversions - Adding converter from class [B to class java.util.Date as reading converter
2026-08-11 18:05:49 DEBUG o.s.data.convert.CustomConversions - Adding converter from class java.util.UUID to class [B as writing converter
2026-08-11 18:05:49 DEBUG o.s.data.convert.CustomConversions - Adding converter from class [B to class java.util.UUID as reading converter
2026-08-11 18:05:49 DEBUG o.s.data.convert.CustomConversions - Adding converter from class java.time.LocalDateTime to class [B as reading converter
2026-08-11 18:05:49 DEBUG o.s.data.convert.CustomConversions - Adding converter from class [B to class java.time.LocalDateTime as reading converter
2026-08-11 18:05:49 DEBUG o.s.data.convert.CustomConversions - Adding converter from class java.time.LocalDate to class [B as reading converter
2026-08-11 18:05:49 DEBUG o.s.data.convert.CustomConversions - Adding converter from class [B to class java.time.LocalDate as reading converter
2026-08-11 18:05:49 DEBUG o.s.data.convert.CustomConversions - Adding converter from class java.time.LocalTime to class [B as reading converter
2026-08-11 18:05:49 DEBUG o.s.data.convert.CustomConversions - Adding converter from class [B to class java.time.LocalTime as reading converter
2026-08-11 18:05:49 DEBUG o.s.data.convert.CustomConversions - Adding converter from class java.time.ZonedDateTime to class [B as reading converter
2026-08-11 18:05:49 DEBUG o.s.data.convert.CustomConversions - Adding converter from class [B to class java.time.ZonedDateTime as reading converter
2026-08-11 18:05:49 DEBUG o.s.data.convert.CustomConversions - Adding converter from class java.time.Instant to class [B as reading converter
2026-08-11 18:05:49 DEBUG o.s.data.convert.CustomConversions - Adding converter from class [B to class java.time.Instant as reading converter
2026-08-11 18:05:49 DEBUG o.s.data.convert.CustomConversions - Adding converter from class java.time.ZoneId to class [B as reading converter
2026-08-11 18:05:49 DEBUG o.s.data.convert.CustomConversions - Adding converter from class [B to class java.time.ZoneId as reading converter
2026-08-11 18:05:49 DEBUG o.s.data.convert.CustomConversions - Adding converter from class java.time.Period to class [B as reading converter
2026-08-11 18:05:49 DEBUG o.s.data.convert.CustomConversions - Adding converter from class [B to class java.time.Period as reading converter
2026-08-11 18:05:49 DEBUG o.s.data.convert.CustomConversions - Adding converter from class java.time.Duration to class [B as reading converter
2026-08-11 18:05:49 DEBUG o.s.data.convert.CustomConversions - Adding converter from class [B to class java.time.Duration as reading converter
2026-08-11 18:05:49 DEBUG o.s.data.convert.CustomConversions - Adding converter from class java.time.OffsetDateTime to class [B as reading converter
2026-08-11 18:05:49 DEBUG o.s.data.convert.CustomConversions - Adding converter from class [B to class java.time.OffsetDateTime as reading converter
2026-08-11 18:05:49 DEBUG o.s.data.convert.CustomConversions - Adding converter from class java.time.OffsetTime to class [B as reading converter
2026-08-11 18:05:49 DEBUG o.s.data.convert.CustomConversions - Adding converter from class [B to class java.time.OffsetTime as reading converter
2026-08-11 18:05:49 DEBUG o.s.data.convert.CustomConversions - Adding converter from class java.util.Date to class java.time.LocalDateTime as reading converter
2026-08-11 18:05:49 DEBUG o.s.data.convert.CustomConversions - Adding converter from class java.time.LocalDateTime to class java.util.Date as writing converter
2026-08-11 18:05:49 DEBUG o.s.data.convert.CustomConversions - Adding converter from class java.util.Date to class java.time.LocalDate as reading converter
2026-08-11 18:05:49 DEBUG o.s.data.convert.CustomConversions - Adding converter from class java.time.LocalDate to class java.util.Date as writing converter
2026-08-11 18:05:49 DEBUG o.s.data.convert.CustomConversions - Adding converter from class java.util.Date to class java.time.LocalTime as reading converter
2026-08-11 18:05:49 DEBUG o.s.data.convert.CustomConversions - Adding converter from class java.time.LocalTime to class java.util.Date as writing converter
2026-08-11 18:05:49 DEBUG o.s.data.convert.CustomConversions - Adding converter from class java.util.Date to class java.time.Instant as reading converter
2026-08-11 18:05:49 DEBUG o.s.data.convert.CustomConversions - Adding converter from class java.time.Instant to class java.util.Date as writing converter
2026-08-11 18:05:49 DEBUG o.s.data.convert.CustomConversions - Adding converter from class java.time.LocalDateTime to class java.time.Instant as reading converter
2026-08-11 18:05:49 DEBUG o.s.data.convert.CustomConversions - Adding converter from class java.time.Instant to class java.time.LocalDateTime as reading converter
2026-08-11 18:05:49 DEBUG o.s.data.convert.CustomConversions - Adding converter from class java.time.ZoneId to class java.lang.String as writing converter
2026-08-11 18:05:49 DEBUG o.s.data.convert.CustomConversions - Adding converter from class java.lang.String to class java.time.ZoneId as reading converter
2026-08-11 18:05:49 DEBUG o.s.data.convert.CustomConversions - Adding converter from class java.time.Duration to class java.lang.String as writing converter
2026-08-11 18:05:49 DEBUG o.s.data.convert.CustomConversions - Adding converter from class java.lang.String to class java.time.Duration as reading converter
2026-08-11 18:05:49 DEBUG o.s.data.convert.CustomConversions - Adding converter from class java.time.Period to class java.lang.String as writing converter
2026-08-11 18:05:49 DEBUG o.s.data.convert.CustomConversions - Adding converter from class java.lang.String to class java.time.Period as reading converter
2026-08-11 18:05:49 DEBUG o.s.data.convert.CustomConversions - Adding converter from class java.lang.String to class java.time.LocalDate as reading converter
2026-08-11 18:05:49 DEBUG o.s.data.convert.CustomConversions - Adding converter from class java.lang.String to class java.time.LocalDateTime as reading converter
2026-08-11 18:05:49 DEBUG o.s.data.convert.CustomConversions - Adding converter from class java.lang.String to class java.time.Instant as reading converter
2026-08-11 18:05:49 DEBUG o.s.data.convert.CustomConversions - Adding converter from class java.lang.String to class [B as writing converter
2026-08-11 18:05:49 DEBUG o.s.data.convert.CustomConversions - Adding converter from class [B to class java.lang.String as reading converter
2026-08-11 18:05:49 DEBUG o.s.data.convert.CustomConversions - Adding converter from class java.lang.Number to class [B as writing converter
2026-08-11 18:05:49 DEBUG o.s.data.convert.CustomConversions - Adding converter from class [B to class java.lang.Number as reading converter
2026-08-11 18:05:49 DEBUG o.s.data.convert.CustomConversions - Adding converter from class java.lang.Enum to class [B as writing converter
2026-08-11 18:05:49 DEBUG o.s.data.convert.CustomConversions - Adding converter from class [B to class java.lang.Enum as reading converter
2026-08-11 18:05:49 DEBUG o.s.data.convert.CustomConversions - Adding converter from class java.lang.Boolean to class [B as writing converter
2026-08-11 18:05:49 DEBUG o.s.data.convert.CustomConversions - Adding converter from class [B to class java.lang.Boolean as reading converter
2026-08-11 18:05:49 DEBUG o.s.data.convert.CustomConversions - Adding converter from class java.util.Date to class [B as writing converter
2026-08-11 18:05:49 DEBUG o.s.data.convert.CustomConversions - Adding converter from class [B to class java.util.Date as reading converter
2026-08-11 18:05:49 DEBUG o.s.data.convert.CustomConversions - Adding converter from class java.util.UUID to class [B as writing converter
2026-08-11 18:05:49 DEBUG o.s.data.convert.CustomConversions - Adding converter from class [B to class java.util.UUID as reading converter
2026-08-11 18:05:49 DEBUG o.s.data.convert.CustomConversions - Adding converter from class java.time.LocalDateTime to class [B as reading converter
2026-08-11 18:05:49 DEBUG o.s.data.convert.CustomConversions - Adding converter from class [B to class java.time.LocalDateTime as reading converter
2026-08-11 18:05:49 DEBUG o.s.data.convert.CustomConversions - Adding converter from class java.time.LocalDate to class [B as reading converter
2026-08-11 18:05:49 DEBUG o.s.data.convert.CustomConversions - Adding converter from class [B to class java.time.LocalDate as reading converter
2026-08-11 18:05:49 DEBUG o.s.data.convert.CustomConversions - Adding converter from class java.time.LocalTime to class [B as reading converter
2026-08-11 18:05:49 DEBUG o.s.data.convert.CustomConversions - Adding converter from class [B to class java.time.LocalTime as reading converter
2026-08-11 18:05:49 DEBUG o.s.data.convert.CustomConversions - Adding converter from class java.time.ZonedDateTime to class [B as reading converter
2026-08-11 18:05:49 DEBUG o.s.data.convert.CustomConversions - Adding converter from class [B to class java.time.ZonedDateTime as reading converter
2026-08-11 18:05:49 DEBUG o.s.data.convert.CustomConversions - Adding converter from class java.time.Instant to class [B as reading converter
2026-08-11 18:05:49 DEBUG o.s.data.convert.CustomConversions - Adding converter from class [B to class java.time.Instant as reading converter
2026-08-11 18:05:49 DEBUG o.s.data.convert.CustomConversions - Adding converter from class java.time.ZoneId to class [B as reading converter
2026-08-11 18:05:49 DEBUG o.s.data.convert.CustomConversions - Adding converter from class [B to class java.time.ZoneId as reading converter
2026-08-11 18:05:49 DEBUG o.s.data.convert.CustomConversions - Adding converter from class java.time.Period to class [B as reading converter
2026-08-11 18:05:49 DEBUG o.s.data.convert.CustomConversions - Adding converter from class [B to class java.time.Period as reading converter
2026-08-11 18:05:49 DEBUG o.s.data.convert.CustomConversions - Adding converter from class java.time.Duration to class [B as reading converter
2026-08-11 18:05:49 DEBUG o.s.data.convert.CustomConversions - Adding converter from class [B to class java.time.Duration as reading converter
2026-08-11 18:05:49 DEBUG o.s.data.convert.CustomConversions - Adding converter from class java.time.OffsetDateTime to class [B as reading converter
2026-08-11 18:05:49 DEBUG o.s.data.convert.CustomConversions - Adding converter from class [B to class java.time.OffsetDateTime as reading converter
2026-08-11 18:05:49 DEBUG o.s.data.convert.CustomConversions - Adding converter from class java.time.OffsetTime to class [B as reading converter
2026-08-11 18:05:49 DEBUG o.s.data.convert.CustomConversions - Adding converter from class [B to class java.time.OffsetTime as reading converter
2026-08-11 18:05:49 DEBUG o.s.data.convert.CustomConversions - Adding converter from class java.util.Date to class java.time.LocalDateTime as reading converter
2026-08-11 18:05:49 DEBUG o.s.data.convert.CustomConversions - Adding converter from class java.time.LocalDateTime to class java.util.Date as writing converter
2026-08-11 18:05:49 DEBUG o.s.data.convert.CustomConversions - Adding converter from class java.util.Date to class java.time.LocalDate as reading converter
2026-08-11 18:05:49 DEBUG o.s.data.convert.CustomConversions - Adding converter from class java.time.LocalDate to class java.util.Date as writing converter
2026-08-11 18:05:49 DEBUG o.s.data.convert.CustomConversions - Adding converter from class java.util.Date to class java.time.LocalTime as reading converter
2026-08-11 18:05:49 DEBUG o.s.data.convert.CustomConversions - Adding converter from class java.time.LocalTime to class java.util.Date as writing converter
2026-08-11 18:05:49 DEBUG o.s.data.convert.CustomConversions - Adding converter from class java.util.Date to class java.time.Instant as reading converter
2026-08-11 18:05:49 DEBUG o.s.data.convert.CustomConversions - Adding converter from class java.time.Instant to class java.util.Date as writing converter
2026-08-11 18:05:49 DEBUG o.s.data.convert.CustomConversions - Adding converter from class java.time.LocalDateTime to class java.time.Instant as reading converter
2026-08-11 18:05:49 DEBUG o.s.data.convert.CustomConversions - Adding converter from class java.time.Instant to class java.time.LocalDateTime as reading converter
2026-08-11 18:05:49 DEBUG o.s.data.convert.CustomConversions - Adding converter from class java.time.ZoneId to class java.lang.String as writing converter
2026-08-11 18:05:49 DEBUG o.s.data.convert.CustomConversions - Adding converter from class java.lang.String to class java.time.ZoneId as reading converter
2026-08-11 18:05:49 DEBUG o.s.data.convert.CustomConversions - Adding converter from class java.time.Duration to class java.lang.String as writing converter
2026-08-11 18:05:49 DEBUG o.s.data.convert.CustomConversions - Adding converter from class java.lang.String to class java.time.Duration as reading converter
2026-08-11 18:05:49 DEBUG o.s.data.convert.CustomConversions - Adding converter from class java.time.Period to class java.lang.String as writing converter
2026-08-11 18:05:49 DEBUG o.s.data.convert.CustomConversions - Adding converter from class java.lang.String to class java.time.Period as reading converter
2026-08-11 18:05:49 DEBUG o.s.data.convert.CustomConversions - Adding converter from class java.lang.String to class java.time.LocalDate as reading converter
2026-08-11 18:05:49 DEBUG o.s.data.convert.CustomConversions - Adding converter from class java.lang.String to class java.time.LocalDateTime as reading converter
2026-08-11 18:05:49 DEBUG o.s.data.convert.CustomConversions - Adding converter from class java.lang.String to class java.time.Instant as reading converter
2026-08-11 18:05:49 DEBUG o.s.data.convert.CustomConversions - Adding converter from class java.lang.String to class [B as writing converter
2026-08-11 18:05:49 DEBUG o.s.data.convert.CustomConversions - Adding converter from class [B to class java.lang.String as reading converter
2026-08-11 18:05:49 DEBUG o.s.data.convert.CustomConversions - Adding converter from class java.lang.Number to class [B as writing converter
2026-08-11 18:05:49 DEBUG o.s.data.convert.CustomConversions - Adding converter from class [B to class java.lang.Number as reading converter
2026-08-11 18:05:49 DEBUG o.s.data.convert.CustomConversions - Adding converter from class java.lang.Enum to class [B as writing converter
2026-08-11 18:05:49 DEBUG o.s.data.convert.CustomConversions - Adding converter from class [B to class java.lang.Enum as reading converter
2026-08-11 18:05:49 DEBUG o.s.data.convert.CustomConversions - Adding converter from class java.lang.Boolean to class [B as writing converter
2026-08-11 18:05:49 DEBUG o.s.data.convert.CustomConversions - Adding converter from class [B to class java.lang.Boolean as reading converter
2026-08-11 18:05:49 DEBUG o.s.data.convert.CustomConversions - Adding converter from class java.util.Date to class [B as writing converter
2026-08-11 18:05:49 DEBUG o.s.data.convert.CustomConversions - Adding converter from class [B to class java.util.Date as reading converter
2026-08-11 18:05:49 DEBUG o.s.data.convert.CustomConversions - Adding converter from class java.util.UUID to class [B as writing converter
2026-08-11 18:05:49 DEBUG o.s.data.convert.CustomConversions - Adding converter from class [B to class java.util.UUID as reading converter
2026-08-11 18:05:49 DEBUG o.s.data.convert.CustomConversions - Adding converter from class java.time.LocalDateTime to class [B as reading converter
2026-08-11 18:05:49 DEBUG o.s.data.convert.CustomConversions - Adding converter from class [B to class java.time.LocalDateTime as reading converter
2026-08-11 18:05:49 DEBUG o.s.data.convert.CustomConversions - Adding converter from class java.time.LocalDate to class [B as reading converter
2026-08-11 18:05:49 DEBUG o.s.data.convert.CustomConversions - Adding converter from class [B to class java.time.LocalDate as reading converter
2026-08-11 18:05:49 DEBUG o.s.data.convert.CustomConversions - Adding converter from class java.time.LocalTime to class [B as reading converter
2026-08-11 18:05:49 DEBUG o.s.data.convert.CustomConversions - Adding converter from class [B to class java.time.LocalTime as reading converter
2026-08-11 18:05:49 DEBUG o.s.data.convert.CustomConversions - Adding converter from class java.time.ZonedDateTime to class [B as reading converter
2026-08-11 18:05:49 DEBUG o.s.data.convert.CustomConversions - Adding converter from class [B to class java.time.ZonedDateTime as reading converter
2026-08-11 18:05:49 DEBUG o.s.data.convert.CustomConversions - Adding converter from class java.time.Instant to class [B as reading converter
2026-08-11 18:05:49 DEBUG o.s.data.convert.CustomConversions - Adding converter from class [B to class java.time.Instant as reading converter
2026-08-11 18:05:49 DEBUG o.s.data.convert.CustomConversions - Adding converter from class java.time.ZoneId to class [B as reading converter
2026-08-11 18:05:49 DEBUG o.s.data.convert.CustomConversions - Adding converter from class [B to class java.time.ZoneId as reading converter
2026-08-11 18:05:49 DEBUG o.s.data.convert.CustomConversions - Adding converter from class java.time.Period to class [B as reading converter
2026-08-11 18:05:49 DEBUG o.s.data.convert.CustomConversions - Adding converter from class [B to class java.time.Period as reading converter
2026-08-11 18:05:49 DEBUG o.s.data.convert.CustomConversions - Adding converter from class java.time.Duration to class [B as reading converter
2026-08-11 18:05:49 DEBUG o.s.data.convert.CustomConversions - Adding converter from class [B to class java.time.Duration as reading converter
2026-08-11 18:05:49 DEBUG o.s.data.convert.CustomConversions - Adding converter from class java.time.OffsetDateTime to class [B as reading converter
2026-08-11 18:05:49 DEBUG o.s.data.convert.CustomConversions - Adding converter from class [B to class java.time.OffsetDateTime as reading converter
2026-08-11 18:05:49 DEBUG o.s.data.convert.CustomConversions - Adding converter from class java.time.OffsetTime to class [B as reading converter
2026-08-11 18:05:49 DEBUG o.s.data.convert.CustomConversions - Adding converter from class [B to class java.time.OffsetTime as reading converter
2026-08-11 18:05:49 DEBUG o.s.data.convert.CustomConversions - Adding converter from class java.util.Date to class java.time.LocalDateTime as reading converter
2026-08-11 18:05:49 DEBUG o.s.data.convert.CustomConversions - Adding converter from class java.time.LocalDateTime to class java.util.Date as writing converter
2026-08-11 18:05:49 DEBUG o.s.data.convert.CustomConversions - Adding converter from class java.util.Date to class java.time.LocalDate as reading converter
2026-08-11 18:05:49 DEBUG o.s.data.convert.CustomConversions - Adding converter from class java.time.LocalDate to class java.util.Date as writing converter
2026-08-11 18:05:49 DEBUG o.s.data.convert.CustomConversions - Adding converter from class java.util.Date to class java.time.LocalTime as reading converter
2026-08-11 18:05:49 DEBUG o.s.data.convert.CustomConversions - Adding converter from class java.time.LocalTime to class java.util.Date as writing converter
2026-08-11 18:05:49 DEBUG o.s.data.convert.CustomConversions - Adding converter from class java.util.Date to class java.time.Instant as reading converter
2026-08-11 18:05:49 DEBUG o.s.data.convert.CustomConversions - Adding converter from class java.time.Instant to class java.util.Date as writing converter
2026-08-11 18:05:49 DEBUG o.s.data.convert.CustomConversions - Adding converter from class java.time.LocalDateTime to class java.time.Instant as reading converter
2026-08-11 18:05:49 DEBUG o.s.data.convert.CustomConversions - Adding converter from class java.time.Instant to class java.time.LocalDateTime as reading converter
2026-08-11 18:05:49 DEBUG o.s.data.convert.CustomConversions - Adding converter from class java.time.ZoneId to class java.lang.String as writing converter
2026-08-11 18:05:49 DEBUG o.s.data.convert.CustomConversions - Adding converter from class java.lang.String to class java.time.ZoneId as reading converter
2026-08-11 18:05:49 DEBUG o.s.data.convert.CustomConversions - Adding converter from class java.time.Duration to class java.lang.String as writing converter
2026-08-11 18:05:49 DEBUG o.s.data.convert.CustomConversions - Adding converter from class java.lang.String to class java.time.Duration as reading converter
2026-08-11 18:05:49 DEBUG o.s.data.convert.CustomConversions - Adding converter from class java.time.Period to class java.lang.String as writing converter
2026-08-11 18:05:49 DEBUG o.s.data.convert.CustomConversions - Adding converter from class java.lang.String to class java.time.Period as reading converter
2026-08-11 18:05:49 DEBUG o.s.data.convert.CustomConversions - Adding converter from class java.lang.String to class java.time.LocalDate as reading converter
2026-08-11 18:05:49 DEBUG o.s.data.convert.CustomConversions - Adding converter from class java.lang.String to class java.time.LocalDateTime as reading converter
2026-08-11 18:05:49 DEBUG o.s.data.convert.CustomConversions - Adding converter from class java.lang.String to class java.time.Instant as reading converter
2026-08-11 18:05:49 DEBUG o.s.b.f.s.DefaultListableBeanFactory - Creating shared instance of singleton bean 'objectMapper'
2026-08-11 18:05:49 DEBUG o.s.b.f.s.DefaultListableBeanFactory - Autowiring by type from bean name 'cacheServiceImpl' via constructor to bean named 'stringRedisTemplate'
2026-08-11 18:05:49 DEBUG o.s.b.f.s.DefaultListableBeanFactory - Autowiring by type from bean name 'cacheServiceImpl' via constructor to bean named 'objectMapper'
2026-08-11 18:05:49 DEBUG o.s.b.f.s.DefaultListableBeanFactory - Autowiring by type from bean name 'templateDaoImpl' via constructor to bean named 'templateRepository'
2026-08-11 18:05:49 DEBUG o.s.b.f.s.DefaultListableBeanFactory - Autowiring by type from bean name 'templateDaoImpl' via constructor to bean named 'cacheServiceImpl'
2026-08-11 18:05:49 DEBUG o.s.b.f.s.DefaultListableBeanFactory - Creating shared instance of singleton bean 'genericPublisherImpl'
2026-08-11 18:05:49 DEBUG o.s.b.f.s.DefaultListableBeanFactory - Creating shared instance of singleton bean 'kafkaProviderImpl'
2026-08-11 18:05:49 DEBUG o.s.b.f.s.DefaultListableBeanFactory - Creating shared instance of singleton bean 'kafkaTemplate'
2026-08-11 18:05:49 DEBUG o.s.b.f.s.DefaultListableBeanFactory - Creating shared instance of singleton bean 'org.springframework.boot.kafka.autoconfigure.KafkaAutoConfiguration'
2026-08-11 18:05:49 DEBUG o.s.b.f.s.DefaultListableBeanFactory - Creating shared instance of singleton bean 'spring.kafka-org.springframework.boot.kafka.autoconfigure.KafkaProperties'
2026-08-11 18:05:49 DEBUG o.s.b.f.s.DefaultListableBeanFactory - Autowiring by type from bean name 'org.springframework.boot.kafka.autoconfigure.KafkaAutoConfiguration' via constructor to bean named 'spring.kafka-org.springframework.boot.kafka.autoconfigure.KafkaProperties'
2026-08-11 18:05:49 DEBUG o.s.b.f.s.DefaultListableBeanFactory - Creating shared instance of singleton bean 'kafkaProducerFactory'
2026-08-11 18:05:49 DEBUG o.s.b.f.s.DefaultListableBeanFactory - Creating shared instance of singleton bean 'kafkaConnectionDetails'
2026-08-11 18:05:49 DEBUG o.s.b.f.s.DefaultListableBeanFactory - Autowiring by type from bean name 'kafkaProducerFactory' via factory method to bean named 'kafkaConnectionDetails'
2026-08-11 18:05:49 DEBUG o.s.b.f.s.DefaultListableBeanFactory - Creating shared instance of singleton bean 'kafkaProducerMetrics'
2026-08-11 18:05:49 DEBUG o.s.b.f.s.DefaultListableBeanFactory - Creating shared instance of singleton bean 'org.springframework.boot.kafka.autoconfigure.metrics.KafkaMetricsAutoConfiguration'
2026-08-11 18:05:49 DEBUG o.s.b.f.s.DefaultListableBeanFactory - Autowiring by type from bean name 'kafkaProducerMetrics' via factory method to bean named 'simpleMeterRegistry'
2026-08-11 18:05:49 DEBUG o.s.b.f.s.DefaultListableBeanFactory - Creating shared instance of singleton bean 'kafkaProducerListener'
2026-08-11 18:05:49 DEBUG o.s.b.f.s.DefaultListableBeanFactory - Autowiring by type from bean name 'kafkaTemplate' via factory method to bean named 'kafkaProducerFactory'
2026-08-11 18:05:49 DEBUG o.s.b.f.s.DefaultListableBeanFactory - Autowiring by type from bean name 'kafkaTemplate' via factory method to bean named 'kafkaProducerListener'
2026-08-11 18:05:49 DEBUG o.s.b.f.s.DefaultListableBeanFactory - Autowiring by type from bean name 'kafkaProviderImpl' via constructor to bean named 'kafkaTemplate'
2026-08-11 18:05:49 DEBUG o.s.b.f.s.DefaultListableBeanFactory - Autowiring by type from bean name 'genericPublisherImpl' via constructor to bean named 'kafkaProviderImpl'
2026-08-11 18:05:49 DEBUG o.s.b.f.s.DefaultListableBeanFactory - Autowiring by type from bean name 'genericPublisherImpl' via constructor to bean named 'objectMapper'
2026-08-11 18:05:49 DEBUG o.s.b.f.s.DefaultListableBeanFactory - Autowiring by type from bean name 'genericPublisherImpl' via constructor to bean named 'applicationProperties'
2026-08-11 18:05:49 DEBUG o.s.b.f.s.DefaultListableBeanFactory - Autowiring by type from bean name 'notificationServiceImpl' via constructor to bean named 'templateDaoImpl'
2026-08-11 18:05:49 DEBUG o.s.b.f.s.DefaultListableBeanFactory - Autowiring by type from bean name 'notificationServiceImpl' via constructor to bean named 'genericPublisherImpl'
2026-08-11 18:05:49 DEBUG o.s.b.f.s.DefaultListableBeanFactory - Autowiring by type from bean name 'notificationController' via constructor to bean named 'notificationServiceImpl'
2026-08-11 18:05:49 DEBUG o.s.b.f.s.DefaultListableBeanFactory - Creating shared instance of singleton bean 'templateController'
2026-08-11 18:05:49 DEBUG o.s.b.f.s.DefaultListableBeanFactory - Creating shared instance of singleton bean 'templateServiceImpl'
2026-08-11 18:05:49 DEBUG o.s.b.f.s.DefaultListableBeanFactory - Autowiring by type from bean name 'templateServiceImpl' via constructor to bean named 'templateDaoImpl'
2026-08-11 18:05:49 DEBUG o.s.b.f.s.DefaultListableBeanFactory - Autowiring by type from bean name 'templateController' via constructor to bean named 'templateServiceImpl'
2026-08-11 18:05:49 DEBUG o.s.b.f.s.DefaultListableBeanFactory - Creating shared instance of singleton bean 'globalExceptionHandler'
2026-08-11 18:05:49 DEBUG o.s.b.f.s.DefaultListableBeanFactory - Creating shared instance of singleton bean 'redisCacheManager'
2026-08-11 18:05:49 DEBUG o.s.b.f.s.DefaultListableBeanFactory - Autowiring by type from bean name 'redisCacheManager' via factory method to bean named 'redisConnectionFactory'
2026-08-11 18:05:49 DEBUG o.s.b.f.s.DefaultListableBeanFactory - Creating shared instance of singleton bean 'org.springframework.boot.autoconfigure.context.PropertyPlaceholderAutoConfiguration'
2026-08-11 18:05:49 DEBUG o.s.b.f.s.DefaultListableBeanFactory - Creating shared instance of singleton bean 'org.springframework.boot.webmvc.autoconfigure.DispatcherServletAutoConfiguration'
2026-08-11 18:05:49 DEBUG o.s.b.f.s.DefaultListableBeanFactory - Creating shared instance of singleton bean 'org.springframework.boot.autoconfigure.task.TaskExecutorConfigurations$SimpleAsyncTaskExecutorBuilderConfiguration'
2026-08-11 18:05:49 DEBUG o.s.b.f.s.DefaultListableBeanFactory - Autowiring by type from bean name 'org.springframework.boot.autoconfigure.task.TaskExecutorConfigurations$SimpleAsyncTaskExecutorBuilderConfiguration' via constructor to bean named 'spring.task.execution-org.springframework.boot.autoconfigure.task.TaskExecutionProperties'
2026-08-11 18:05:49 DEBUG o.s.b.f.s.DefaultListableBeanFactory - Creating shared instance of singleton bean 'simpleAsyncTaskExecutorBuilder'
2026-08-11 18:05:49 DEBUG o.s.b.f.s.DefaultListableBeanFactory - Creating shared instance of singleton bean 'org.springframework.boot.autoconfigure.task.TaskExecutorConfigurations$AsyncConfigurerConfiguration'
2026-08-11 18:05:49 DEBUG o.s.b.f.s.DefaultListableBeanFactory - Creating shared instance of singleton bean 'applicationTaskExecutorAsyncConfigurer'
2026-08-11 18:05:49 DEBUG o.s.b.f.s.DefaultListableBeanFactory - Autowiring by type from bean name 'applicationTaskExecutorAsyncConfigurer' via factory method to bean named 'org.springframework.beans.factory.support.DefaultListableBeanFactory@1b9c1b51'
2026-08-11 18:05:49 DEBUG o.s.b.f.s.DefaultListableBeanFactory - Creating shared instance of singleton bean 'org.springframework.boot.autoconfigure.task.TaskExecutorConfigurations$BootstrapExecutorConfiguration'
2026-08-11 18:05:49 DEBUG o.s.b.f.s.DefaultListableBeanFactory - Creating shared instance of singleton bean 'org.springframework.boot.autoconfigure.task.TaskExecutionAutoConfiguration'
2026-08-11 18:05:49 DEBUG o.s.b.f.s.DefaultListableBeanFactory - Creating shared instance of singleton bean 'org.springframework.boot.validation.autoconfigure.ValidationAutoConfiguration'
2026-08-11 18:05:49 DEBUG o.s.b.f.s.DefaultListableBeanFactory - Creating shared instance of singleton bean 'defaultValidator'
2026-08-11 18:05:49 DEBUG o.s.b.f.s.DefaultListableBeanFactory - Autowiring by type from bean name 'defaultValidator' via factory method to bean named 'org.springframework.boot.web.server.servlet.context.AnnotationConfigServletWebServerApplicationContext@c0b41d6'
2026-08-11 18:05:49 DEBUG o.h.v.m.ResourceBundleMessageInterpolator - Loaded expression factory via original TCCL
2026-08-11 18:05:49 DEBUG o.h.v.i.e.AbstractConfigurationImpl - Setting custom MessageInterpolator of type org.springframework.validation.beanvalidation.LocaleContextMessageInterpolator
2026-08-11 18:05:49 DEBUG o.h.v.i.e.AbstractConfigurationImpl - Setting custom ConstraintValidatorFactory of type org.springframework.validation.beanvalidation.SpringConstraintValidatorFactory
2026-08-11 18:05:49 DEBUG o.h.v.i.x.config.ValidationXmlParser - Trying to load META-INF/validation.xml for XML based Validator configuration.
2026-08-11 18:05:49 DEBUG o.h.v.i.x.c.ResourceLoaderHelper - Trying to load META-INF/validation.xml via user class loader
2026-08-11 18:05:49 DEBUG o.h.v.i.x.c.ResourceLoaderHelper - Trying to load META-INF/validation.xml via TCCL
2026-08-11 18:05:49 DEBUG o.h.v.i.x.c.ResourceLoaderHelper - Trying to load META-INF/validation.xml via Hibernate Validator's class loader
2026-08-11 18:05:49 DEBUG o.h.v.i.x.config.ValidationXmlParser - No META-INF/validation.xml found. Using annotation based configuration only.
2026-08-11 18:05:49 DEBUG o.h.v.i.e.r.TraversableResolvers - Cannot find jakarta.persistence.Persistence on classpath. Assuming non Jakarta Persistence environment. All properties will per default be traversable.
2026-08-11 18:05:49 DEBUG o.h.v.i.e.ValidatorFactoryConfigurationHelper - HV000252: Using org.hibernate.validator.internal.engine.DefaultPropertyNodeNameProvider as property node name provider.
2026-08-11 18:05:49 DEBUG o.h.v.i.e.ValidatorFactoryConfigurationHelper - HV000234: Using org.springframework.validation.beanvalidation.LocaleContextMessageInterpolator as ValidatorFactory-scoped message interpolator.
2026-08-11 18:05:49 DEBUG o.h.v.i.e.ValidatorFactoryConfigurationHelper - HV000234: Using org.hibernate.validator.internal.engine.resolver.TraverseAllTraversableResolver as ValidatorFactory-scoped traversable resolver.
2026-08-11 18:05:49 DEBUG o.h.v.i.e.ValidatorFactoryConfigurationHelper - HV000234: Using org.hibernate.validator.internal.util.ExecutableParameterNameProvider as ValidatorFactory-scoped parameter name provider.
2026-08-11 18:05:49 DEBUG o.h.v.i.e.ValidatorFactoryConfigurationHelper - HV000234: Using org.hibernate.validator.internal.engine.DefaultClockProvider as ValidatorFactory-scoped clock provider.
2026-08-11 18:05:49 DEBUG o.h.v.i.e.ValidatorFactoryConfigurationHelper - HV000234: Using org.hibernate.validator.internal.engine.scripting.DefaultScriptEvaluatorFactory as ValidatorFactory-scoped script evaluator factory.
2026-08-11 18:05:49 DEBUG o.s.b.f.s.DefaultListableBeanFactory - Creating shared instance of singleton bean 'org.springframework.boot.webmvc.autoconfigure.error.ErrorMvcAutoConfiguration$WhitelabelErrorViewConfiguration'
2026-08-11 18:05:49 DEBUG o.s.b.f.s.DefaultListableBeanFactory - Creating shared instance of singleton bean 'error'
2026-08-11 18:05:49 DEBUG o.s.b.f.s.DefaultListableBeanFactory - Creating shared instance of singleton bean 'beanNameViewResolver'
2026-08-11 18:05:49 DEBUG o.s.b.f.s.DefaultListableBeanFactory - Creating shared instance of singleton bean 'org.springframework.boot.webmvc.autoconfigure.error.ErrorMvcAutoConfiguration$DefaultErrorViewResolverConfiguration'
2026-08-11 18:05:49 DEBUG o.s.b.f.s.DefaultListableBeanFactory - Autowiring by type from bean name 'org.springframework.boot.webmvc.autoconfigure.error.ErrorMvcAutoConfiguration$DefaultErrorViewResolverConfiguration' via constructor to bean named 'org.springframework.boot.web.server.servlet.context.AnnotationConfigServletWebServerApplicationContext@c0b41d6'
2026-08-11 18:05:49 DEBUG o.s.b.f.s.DefaultListableBeanFactory - Autowiring by type from bean name 'org.springframework.boot.webmvc.autoconfigure.error.ErrorMvcAutoConfiguration$DefaultErrorViewResolverConfiguration' via constructor to bean named 'spring.web-org.springframework.boot.autoconfigure.web.WebProperties'
2026-08-11 18:05:49 DEBUG o.s.b.f.s.DefaultListableBeanFactory - Creating shared instance of singleton bean 'conventionErrorViewResolver'
2026-08-11 18:05:49 DEBUG o.s.b.f.s.DefaultListableBeanFactory - Creating shared instance of singleton bean 'errorAttributes'
2026-08-11 18:05:49 DEBUG o.s.b.f.s.DefaultListableBeanFactory - Creating shared instance of singleton bean 'basicErrorController'
2026-08-11 18:05:49 DEBUG o.s.b.f.s.DefaultListableBeanFactory - Autowiring by type from bean name 'basicErrorController' via factory method to bean named 'errorAttributes'
2026-08-11 18:05:49 DEBUG o.s.b.f.s.DefaultListableBeanFactory - Creating shared instance of singleton bean 'org.springframework.boot.webmvc.autoconfigure.WebMvcAutoConfiguration$EnableWebMvcConfiguration'
2026-08-11 18:05:49 DEBUG o.s.b.f.s.DefaultListableBeanFactory - Autowiring by type from bean name 'org.springframework.boot.webmvc.autoconfigure.WebMvcAutoConfiguration$EnableWebMvcConfiguration' via constructor to bean named 'spring.mvc-org.springframework.boot.webmvc.autoconfigure.WebMvcProperties'
2026-08-11 18:05:49 DEBUG o.s.b.f.s.DefaultListableBeanFactory - Autowiring by type from bean name 'org.springframework.boot.webmvc.autoconfigure.WebMvcAutoConfiguration$EnableWebMvcConfiguration' via constructor to bean named 'spring.web-org.springframework.boot.autoconfigure.web.WebProperties'
2026-08-11 18:05:49 DEBUG o.s.b.f.s.DefaultListableBeanFactory - Autowiring by type from bean name 'org.springframework.boot.webmvc.autoconfigure.WebMvcAutoConfiguration$EnableWebMvcConfiguration' via constructor to bean named 'org.springframework.beans.factory.support.DefaultListableBeanFactory@1b9c1b51'
2026-08-11 18:05:49 DEBUG o.s.b.f.s.DefaultListableBeanFactory - Creating shared instance of singleton bean 'org.springframework.boot.webmvc.autoconfigure.WebMvcAutoConfiguration$WebMvcAutoConfigurationAdapter'
2026-08-11 18:05:49 DEBUG o.s.b.f.s.DefaultListableBeanFactory - Autowiring by type from bean name 'org.springframework.boot.webmvc.autoconfigure.WebMvcAutoConfiguration$WebMvcAutoConfigurationAdapter' via constructor to bean named 'spring.web-org.springframework.boot.autoconfigure.web.WebProperties'
2026-08-11 18:05:49 DEBUG o.s.b.f.s.DefaultListableBeanFactory - Autowiring by type from bean name 'org.springframework.boot.webmvc.autoconfigure.WebMvcAutoConfiguration$WebMvcAutoConfigurationAdapter' via constructor to bean named 'spring.mvc-org.springframework.boot.webmvc.autoconfigure.WebMvcProperties'
2026-08-11 18:05:49 DEBUG o.s.b.f.s.DefaultListableBeanFactory - Autowiring by type from bean name 'org.springframework.boot.webmvc.autoconfigure.WebMvcAutoConfiguration$WebMvcAutoConfigurationAdapter' via constructor to bean named 'org.springframework.beans.factory.support.DefaultListableBeanFactory@1b9c1b51'
2026-08-11 18:05:49 DEBUG o.s.b.f.s.DefaultListableBeanFactory - Creating shared instance of singleton bean 'org.springframework.data.web.config.SpringDataWebConfiguration'
2026-08-11 18:05:49 DEBUG o.s.b.f.s.DefaultListableBeanFactory - Autowiring by type from bean name 'org.springframework.data.web.config.SpringDataWebConfiguration' via constructor to bean named 'org.springframework.boot.web.server.servlet.context.AnnotationConfigServletWebServerApplicationContext@c0b41d6'
2026-08-11 18:05:49 DEBUG o.s.b.f.s.DefaultListableBeanFactory - Creating shared instance of singleton bean 'endpointJsonMapperWebMvcConfigurer'
2026-08-11 18:05:49 DEBUG o.s.b.f.s.DefaultListableBeanFactory - Creating shared instance of singleton bean 'endpointJsonMapper'
2026-08-11 18:05:49 DEBUG o.s.b.f.s.DefaultListableBeanFactory - Creating shared instance of singleton bean 'org.springframework.boot.actuate.autoconfigure.endpoint.jackson.JacksonEndpointAutoConfiguration'
2026-08-11 18:05:49 DEBUG o.s.b.f.s.DefaultListableBeanFactory - Autowiring by type from bean name 'endpointJsonMapperWebMvcConfigurer' via factory method to bean named 'endpointJsonMapper'
2026-08-11 18:05:49 DEBUG o.s.b.f.s.DefaultListableBeanFactory - Creating shared instance of singleton bean 'endpointJackson2ObjectMapperWebMvcConfigurer'
2026-08-11 18:05:49 DEBUG o.s.b.f.s.DefaultListableBeanFactory - Creating shared instance of singleton bean 'jackson2EndpointJsonMapper'
2026-08-11 18:05:49 DEBUG o.s.b.f.s.DefaultListableBeanFactory - Creating shared instance of singleton bean 'org.springframework.boot.actuate.autoconfigure.endpoint.jackson.Jackson2EndpointAutoConfiguration'
2026-08-11 18:05:49 DEBUG o.s.b.f.s.DefaultListableBeanFactory - Autowiring by type from bean name 'endpointJackson2ObjectMapperWebMvcConfigurer' via factory method to bean named 'jackson2EndpointJsonMapper'
2026-08-11 18:05:49 DEBUG o.s.b.f.s.DefaultListableBeanFactory - Creating shared instance of singleton bean 'welcomePageHandlerMapping'
2026-08-11 18:05:49 DEBUG o.s.b.f.s.DefaultListableBeanFactory - Creating shared instance of singleton bean 'mvcConversionService'
2026-08-11 18:05:49 DEBUG o.s.b.f.s.DefaultListableBeanFactory - Creating shared instance of singleton bean 'mvcResourceUrlProvider'
2026-08-11 18:05:49 DEBUG o.s.b.f.s.DefaultListableBeanFactory - Autowiring by type from bean name 'welcomePageHandlerMapping' via factory method to bean named 'org.springframework.boot.web.server.servlet.context.AnnotationConfigServletWebServerApplicationContext@c0b41d6'
2026-08-11 18:05:49 DEBUG o.s.b.f.s.DefaultListableBeanFactory - Autowiring by type from bean name 'welcomePageHandlerMapping' via factory method to bean named 'mvcConversionService'
2026-08-11 18:05:49 DEBUG o.s.b.f.s.DefaultListableBeanFactory - Autowiring by type from bean name 'welcomePageHandlerMapping' via factory method to bean named 'mvcResourceUrlProvider'
2026-08-11 18:05:49 DEBUG o.s.b.f.s.DefaultListableBeanFactory - Creating shared instance of singleton bean 'welcomePageNotAcceptableHandlerMapping'
2026-08-11 18:05:49 DEBUG o.s.b.f.s.DefaultListableBeanFactory - Autowiring by type from bean name 'welcomePageNotAcceptableHandlerMapping' via factory method to bean named 'org.springframework.boot.web.server.servlet.context.AnnotationConfigServletWebServerApplicationContext@c0b41d6'
2026-08-11 18:05:49 DEBUG o.s.b.f.s.DefaultListableBeanFactory - Autowiring by type from bean name 'welcomePageNotAcceptableHandlerMapping' via factory method to bean named 'mvcConversionService'
2026-08-11 18:05:49 DEBUG o.s.b.f.s.DefaultListableBeanFactory - Autowiring by type from bean name 'welcomePageNotAcceptableHandlerMapping' via factory method to bean named 'mvcResourceUrlProvider'
2026-08-11 18:05:49 DEBUG o.s.b.f.s.DefaultListableBeanFactory - Creating shared instance of singleton bean 'localeResolver'
2026-08-11 18:05:49 DEBUG o.s.b.f.s.DefaultListableBeanFactory - Creating shared instance of singleton bean 'flashMapManager'
2026-08-11 18:05:49 DEBUG o.s.b.f.s.DefaultListableBeanFactory - Creating shared instance of singleton bean 'viewNameTranslator'
2026-08-11 18:05:49 DEBUG o.s.b.f.s.DefaultListableBeanFactory - Creating shared instance of singleton bean 'mvcValidator'
2026-08-11 18:05:49 DEBUG o.s.b.f.s.DefaultListableBeanFactory - Creating shared instance of singleton bean 'requestMappingHandlerMapping'
2026-08-11 18:05:49 DEBUG o.s.b.f.s.DefaultListableBeanFactory - Creating shared instance of singleton bean 'mvcContentNegotiationManager'
2026-08-11 18:05:49 DEBUG o.s.b.f.s.DefaultListableBeanFactory - Creating shared instance of singleton bean 'stringHttpMessageConvertersCustomizer'
2026-08-11 18:05:49 DEBUG o.s.b.f.s.DefaultListableBeanFactory - Creating shared instance of singleton bean 'org.springframework.boot.http.converter.autoconfigure.HttpMessageConvertersAutoConfiguration$StringHttpMessageConverterConfiguration'
2026-08-11 18:05:49 DEBUG o.s.b.f.s.DefaultListableBeanFactory - Creating shared instance of singleton bean 'spring.http.converters-org.springframework.boot.http.converter.autoconfigure.HttpMessageConvertersProperties'
2026-08-11 18:05:49 DEBUG o.s.b.f.s.DefaultListableBeanFactory - Autowiring by type from bean name 'stringHttpMessageConvertersCustomizer' via factory method to bean named 'spring.http.converters-org.springframework.boot.http.converter.autoconfigure.HttpMessageConvertersProperties'
2026-08-11 18:05:49 DEBUG o.s.b.f.s.DefaultListableBeanFactory - Creating shared instance of singleton bean 'jacksonJsonHttpMessageConvertersCustomizer'
2026-08-11 18:05:49 DEBUG o.s.b.f.s.DefaultListableBeanFactory - Creating shared instance of singleton bean 'org.springframework.boot.http.converter.autoconfigure.JacksonHttpMessageConvertersConfiguration$JacksonJsonHttpMessageConverterConfiguration'
2026-08-11 18:05:49 DEBUG o.s.b.f.s.DefaultListableBeanFactory - Creating shared instance of singleton bean 'jacksonJsonMapper'
2026-08-11 18:05:49 DEBUG o.s.b.f.s.DefaultListableBeanFactory - Creating shared instance of singleton bean 'org.springframework.boot.jackson.autoconfigure.JacksonAutoConfiguration'
2026-08-11 18:05:49 DEBUG o.s.b.f.s.DefaultListableBeanFactory - Creating shared instance of singleton bean 'problemDetailJsonMapperBuilderCustomizer'
2026-08-11 18:05:49 DEBUG o.s.b.f.s.DefaultListableBeanFactory - Creating shared instance of singleton bean 'org.springframework.boot.jackson.autoconfigure.JacksonAutoConfiguration$JsonProblemDetailsConfiguration'
2026-08-11 18:05:49 DEBUG o.s.b.f.s.DefaultListableBeanFactory - Creating shared instance of singleton bean 'standardJsonMapperBuilderCustomizer'
2026-08-11 18:05:49 DEBUG o.s.b.f.s.DefaultListableBeanFactory - Creating shared instance of singleton bean 'org.springframework.boot.jackson.autoconfigure.JacksonAutoConfiguration$JacksonJsonCustomizerConfiguration'
2026-08-11 18:05:49 DEBUG o.s.b.f.s.DefaultListableBeanFactory - Creating shared instance of singleton bean 'spring.jackson-org.springframework.boot.jackson.autoconfigure.JacksonProperties'
2026-08-11 18:05:49 DEBUG o.s.b.f.s.DefaultListableBeanFactory - Autowiring by type from bean name 'org.springframework.boot.jackson.autoconfigure.JacksonAutoConfiguration$JacksonJsonCustomizerConfiguration' via constructor to bean named 'spring.jackson-org.springframework.boot.jackson.autoconfigure.JacksonProperties'
2026-08-11 18:05:49 DEBUG o.s.b.f.s.DefaultListableBeanFactory - Autowiring by type from bean name 'standardJsonMapperBuilderCustomizer' via factory method to bean named 'org.springframework.beans.factory.support.DefaultListableBeanFactory@1b9c1b51'
2026-08-11 18:05:49 DEBUG o.s.b.f.s.DefaultListableBeanFactory - Creating shared instance of singleton bean 'jackson3GeoModule'
2026-08-11 18:05:49 DEBUG o.s.b.f.s.DefaultListableBeanFactory - Creating shared instance of singleton bean 'org.springframework.data.web.config.SpringDataJackson3Configuration'
2026-08-11 18:05:49 DEBUG o.s.b.f.s.DefaultListableBeanFactory - Creating shared instance of singleton bean 'springDataWebSettings'
2026-08-11 18:05:49 DEBUG o.s.b.f.s.DefaultListableBeanFactory - Creating shared instance of singleton bean 'org.springframework.boot.data.autoconfigure.web.DataWebAutoConfiguration'
2026-08-11 18:05:49 DEBUG o.s.b.f.s.DefaultListableBeanFactory - Creating shared instance of singleton bean 'spring.data.web-org.springframework.boot.data.autoconfigure.web.DataWebProperties'
2026-08-11 18:05:49 DEBUG o.s.b.f.s.DefaultListableBeanFactory - Autowiring by type from bean name 'org.springframework.boot.data.autoconfigure.web.DataWebAutoConfiguration' via constructor to bean named 'spring.data.web-org.springframework.boot.data.autoconfigure.web.DataWebProperties'
2026-08-11 18:05:49 DEBUG o.s.b.f.s.DefaultListableBeanFactory - Creating shared instance of singleton bean 'jackson3pageModule'
2026-08-11 18:05:49 DEBUG o.s.b.f.s.DefaultListableBeanFactory - Creating shared instance of singleton bean 'jacksonMixinModule'
2026-08-11 18:05:49 DEBUG o.s.b.f.s.DefaultListableBeanFactory - Creating shared instance of singleton bean 'org.springframework.boot.jackson.autoconfigure.JacksonAutoConfiguration$JacksonMixinConfiguration'
2026-08-11 18:05:49 DEBUG o.s.b.f.s.DefaultListableBeanFactory - Creating shared instance of singleton bean 'jacksonMixinModuleEntries'
2026-08-11 18:05:49 DEBUG o.s.b.f.s.DefaultListableBeanFactory - Autowiring by type from bean name 'jacksonMixinModuleEntries' via factory method to bean named 'org.springframework.boot.web.server.servlet.context.AnnotationConfigServletWebServerApplicationContext@c0b41d6'
2026-08-11 18:05:49 DEBUG o.s.b.f.s.DefaultListableBeanFactory - Autowiring by type from bean name 'jacksonMixinModule' via factory method to bean named 'org.springframework.boot.web.server.servlet.context.AnnotationConfigServletWebServerApplicationContext@c0b41d6'
2026-08-11 18:05:49 DEBUG o.s.b.f.s.DefaultListableBeanFactory - Autowiring by type from bean name 'jacksonMixinModule' via factory method to bean named 'jacksonMixinModuleEntries'
2026-08-11 18:05:49 DEBUG o.s.b.f.s.DefaultListableBeanFactory - Creating shared instance of singleton bean 'jsonComponentModule'
2026-08-11 18:05:49 DEBUG o.s.b.f.s.DefaultListableBeanFactory - Creating shared instance of singleton bean 'jsonFactory'
2026-08-11 18:05:49 DEBUG o.s.b.f.s.DefaultListableBeanFactory - Creating shared instance of singleton bean 'standardJsonFactoryBuilderCustomizer'
2026-08-11 18:05:49 DEBUG o.s.b.f.s.DefaultListableBeanFactory - Autowiring by type from bean name 'jsonFactory' via factory method to bean named 'standardJsonFactoryBuilderCustomizer'
2026-08-11 18:05:49 DEBUG o.s.b.f.s.DefaultListableBeanFactory - Autowiring by type from bean name 'jsonMapperBuilder' via factory method to bean named 'problemDetailJsonMapperBuilderCustomizer'
2026-08-11 18:05:49 DEBUG o.s.b.f.s.DefaultListableBeanFactory - Autowiring by type from bean name 'jsonMapperBuilder' via factory method to bean named 'standardJsonMapperBuilderCustomizer'
2026-08-11 18:05:49 DEBUG o.s.b.f.s.DefaultListableBeanFactory - Autowiring by type from bean name 'jsonMapperBuilder' via factory method to bean named 'jsonFactory'
2026-08-11 18:05:50 DEBUG o.s.b.f.s.DefaultListableBeanFactory - Autowiring by type from bean name 'jacksonJsonMapper' via factory method to bean named 'jsonMapperBuilder'
2026-08-11 18:05:50 DEBUG o.s.b.f.s.DefaultListableBeanFactory - Autowiring by type from bean name 'jacksonJsonHttpMessageConvertersCustomizer' via factory method to bean named 'jacksonJsonMapper'
2026-08-11 18:05:50 DEBUG o.s.b.f.s.DefaultListableBeanFactory - Creating shared instance of singleton bean 'serverConvertersCustomizer'
2026-08-11 18:05:50 DEBUG o.s.b.f.s.DefaultListableBeanFactory - Creating shared instance of singleton bean 'org.springframework.boot.http.converter.autoconfigure.HttpMessageConvertersAutoConfiguration'
2026-08-11 18:05:50 DEBUG o.s.b.f.s.DefaultListableBeanFactory - Creating shared instance of singleton bean 'mvcApiVersionStrategy'
2026-08-11 18:05:50 DEBUG o.s.b.f.s.DefaultListableBeanFactory - Autowiring by type from bean name 'requestMappingHandlerMapping' via factory method to bean named 'mvcContentNegotiationManager'
2026-08-11 18:05:50 DEBUG o.s.b.f.s.DefaultListableBeanFactory - Autowiring by type from bean name 'requestMappingHandlerMapping' via factory method to bean named 'mvcApiVersionStrategy'
2026-08-11 18:05:50 DEBUG o.s.b.f.s.DefaultListableBeanFactory - Autowiring by type from bean name 'requestMappingHandlerMapping' via factory method to bean named 'mvcConversionService'
2026-08-11 18:05:50 DEBUG o.s.b.f.s.DefaultListableBeanFactory - Autowiring by type from bean name 'requestMappingHandlerMapping' via factory method to bean named 'mvcResourceUrlProvider'
2026-08-11 18:05:50 DEBUG _.s.w.s.HandlerMapping.Mappings - 
	c.n.a.c.n.NotificationController:
	{POST [/api/notifications]}: sendNotification(SendNotifRequest)
2026-08-11 18:05:50 DEBUG _.s.w.s.HandlerMapping.Mappings - 
	c.n.a.c.t.TemplateController:
	{POST [/api/template]}: createTemplate(CreateTemplateRequest)
	{GET [/api/template]}: filterTemplate(TemplateFilterRequest)
	{PATCH [/api/template/{id}]}: updateTemplate(String,UpdateTemplateRequest)
	{DELETE [/api/template/{id}]}: deleteTemplate(String)
2026-08-11 18:05:50 DEBUG _.s.w.s.HandlerMapping.Mappings - 
	o.s.b.w.a.e.BasicErrorController:
	{ [/error]}: error(HttpServletRequest)
	{ [/error], produces [text/html]}: errorHtml(HttpServletRequest,HttpServletResponse)
2026-08-11 18:05:50 DEBUG o.s.w.s.m.m.a.RequestMappingHandlerMapping - 7 mappings in 'requestMappingHandlerMapping'
2026-08-11 18:05:50 DEBUG o.s.b.f.s.DefaultListableBeanFactory - Creating shared instance of singleton bean 'mvcPatternParser'
2026-08-11 18:05:50 DEBUG o.s.b.f.s.DefaultListableBeanFactory - Creating shared instance of singleton bean 'mvcUrlPathHelper'
2026-08-11 18:05:50 DEBUG o.s.b.f.s.DefaultListableBeanFactory - Creating shared instance of singleton bean 'mvcPathMatcher'
2026-08-11 18:05:50 DEBUG o.s.b.f.s.DefaultListableBeanFactory - Creating shared instance of singleton bean 'viewControllerHandlerMapping'
2026-08-11 18:05:50 DEBUG o.s.b.f.s.DefaultListableBeanFactory - Autowiring by type from bean name 'viewControllerHandlerMapping' via factory method to bean named 'mvcConversionService'
2026-08-11 18:05:50 DEBUG o.s.b.f.s.DefaultListableBeanFactory - Autowiring by type from bean name 'viewControllerHandlerMapping' via factory method to bean named 'mvcResourceUrlProvider'
2026-08-11 18:05:50 DEBUG o.s.b.f.s.DefaultListableBeanFactory - Creating shared instance of singleton bean 'beanNameHandlerMapping'
2026-08-11 18:05:50 DEBUG o.s.b.f.s.DefaultListableBeanFactory - Autowiring by type from bean name 'beanNameHandlerMapping' via factory method to bean named 'mvcConversionService'
2026-08-11 18:05:50 DEBUG o.s.b.f.s.DefaultListableBeanFactory - Autowiring by type from bean name 'beanNameHandlerMapping' via factory method to bean named 'mvcResourceUrlProvider'
2026-08-11 18:05:50 DEBUG _.s.w.s.HandlerMapping.Mappings - 'beanNameHandlerMapping' {}
2026-08-11 18:05:50 DEBUG o.s.b.f.s.DefaultListableBeanFactory - Creating shared instance of singleton bean 'routerFunctionMapping'
2026-08-11 18:05:50 DEBUG o.s.b.f.s.DefaultListableBeanFactory - Autowiring by type from bean name 'routerFunctionMapping' via factory method to bean named 'mvcConversionService'
2026-08-11 18:05:50 DEBUG o.s.b.f.s.DefaultListableBeanFactory - Autowiring by type from bean name 'routerFunctionMapping' via factory method to bean named 'mvcResourceUrlProvider'
2026-08-11 18:05:50 DEBUG o.s.b.f.s.DefaultListableBeanFactory - Autowiring by type from bean name 'routerFunctionMapping' via factory method to bean named 'mvcApiVersionStrategy'
2026-08-11 18:05:50 DEBUG o.s.b.f.s.DefaultListableBeanFactory - Creating shared instance of singleton bean 'resourceHandlerMapping'
2026-08-11 18:05:50 DEBUG o.s.b.f.s.DefaultListableBeanFactory - Autowiring by type from bean name 'resourceHandlerMapping' via factory method to bean named 'mvcContentNegotiationManager'
2026-08-11 18:05:50 DEBUG o.s.b.f.s.DefaultListableBeanFactory - Autowiring by type from bean name 'resourceHandlerMapping' via factory method to bean named 'mvcConversionService'
2026-08-11 18:05:50 DEBUG o.s.b.f.s.DefaultListableBeanFactory - Autowiring by type from bean name 'resourceHandlerMapping' via factory method to bean named 'mvcResourceUrlProvider'
2026-08-11 18:05:50 DEBUG _.s.w.s.HandlerMapping.Mappings - 'resourceHandlerMapping' {/webjars/**=ResourceHttpRequestHandler [classpath [META-INF/resources/webjars/]], /**=ResourceHttpRequestHandler [classpath [META-INF/resources/], classpath [resources/], classpath [static/], classpath [public/], ServletContext [/]]}
2026-08-11 18:05:50 DEBUG o.s.b.f.s.DefaultListableBeanFactory - Creating shared instance of singleton bean 'defaultServletHandlerMapping'
2026-08-11 18:05:50 DEBUG o.s.b.f.s.DefaultListableBeanFactory - Creating shared instance of singleton bean 'requestMappingHandlerAdapter'
2026-08-11 18:05:50 DEBUG o.s.b.f.s.DefaultListableBeanFactory - Autowiring by type from bean name 'requestMappingHandlerAdapter' via factory method to bean named 'mvcContentNegotiationManager'
2026-08-11 18:05:50 DEBUG o.s.b.f.s.DefaultListableBeanFactory - Autowiring by type from bean name 'requestMappingHandlerAdapter' via factory method to bean named 'mvcConversionService'
2026-08-11 18:05:50 DEBUG o.s.b.f.s.DefaultListableBeanFactory - Autowiring by type from bean name 'requestMappingHandlerAdapter' via factory method to bean named 'mvcValidator'
2026-08-11 18:05:50 DEBUG o.s.b.f.s.DefaultListableBeanFactory - Creating shared instance of singleton bean 'sortResolver'
2026-08-11 18:05:50 DEBUG o.s.b.f.s.DefaultListableBeanFactory - Creating shared instance of singleton bean 'sortCustomizer'
2026-08-11 18:05:50 DEBUG o.s.b.f.s.DefaultListableBeanFactory - Creating shared instance of singleton bean 'pageableResolver'
2026-08-11 18:05:50 DEBUG o.s.b.f.s.DefaultListableBeanFactory - Creating shared instance of singleton bean 'pageableCustomizer'
2026-08-11 18:05:50 DEBUG o.s.w.s.m.m.a.RequestMappingHandlerAdapter - ControllerAdvice beans: 0 @ModelAttribute, 0 @InitBinder, 2 RequestBodyAdvice, 1 ResponseBodyAdvice
2026-08-11 18:05:50 DEBUG o.s.b.f.s.DefaultListableBeanFactory - Creating shared instance of singleton bean 'mvcViewResolver'
2026-08-11 18:05:50 DEBUG o.s.b.f.s.DefaultListableBeanFactory - Autowiring by type from bean name 'mvcViewResolver' via factory method to bean named 'mvcContentNegotiationManager'
2026-08-11 18:05:50 DEBUG o.s.b.f.s.DefaultListableBeanFactory - Creating shared instance of singleton bean 'defaultViewResolver'
2026-08-11 18:05:50 DEBUG o.s.b.f.s.DefaultListableBeanFactory - Creating shared instance of singleton bean 'viewResolver'
2026-08-11 18:05:50 DEBUG o.s.b.f.s.DefaultListableBeanFactory - Autowiring by type from bean name 'viewResolver' via factory method to bean named 'org.springframework.beans.factory.support.DefaultListableBeanFactory@1b9c1b51'
2026-08-11 18:05:50 DEBUG o.s.b.f.s.DefaultListableBeanFactory - Creating shared instance of singleton bean 'viewResolver'
2026-08-11 18:05:50 DEBUG o.s.b.f.s.DefaultListableBeanFactory - Creating shared instance of singleton bean 'handlerFunctionAdapter'
2026-08-11 18:05:50 DEBUG o.s.b.f.s.DefaultListableBeanFactory - Creating shared instance of singleton bean 'mvcUriComponentsContributor'
2026-08-11 18:05:50 DEBUG o.s.b.f.s.DefaultListableBeanFactory - Autowiring by type from bean name 'mvcUriComponentsContributor' via factory method to bean named 'mvcConversionService'
2026-08-11 18:05:50 DEBUG o.s.b.f.s.DefaultListableBeanFactory - Autowiring by type from bean name 'mvcUriComponentsContributor' via factory method to bean named 'requestMappingHandlerAdapter'
2026-08-11 18:05:50 DEBUG o.s.b.f.s.DefaultListableBeanFactory - Creating shared instance of singleton bean 'httpRequestHandlerAdapter'
2026-08-11 18:05:50 DEBUG o.s.b.f.s.DefaultListableBeanFactory - Creating shared instance of singleton bean 'simpleControllerHandlerAdapter'
2026-08-11 18:05:50 DEBUG o.s.b.f.s.DefaultListableBeanFactory - Creating shared instance of singleton bean 'handlerExceptionResolver'
2026-08-11 18:05:50 DEBUG o.s.b.f.s.DefaultListableBeanFactory - Autowiring by type from bean name 'handlerExceptionResolver' via factory method to bean named 'mvcContentNegotiationManager'
2026-08-11 18:05:50 DEBUG o.s.w.s.m.m.a.ExceptionHandlerExceptionResolver - ControllerAdvice beans: 1 @ExceptionHandler, 1 ResponseBodyAdvice
2026-08-11 18:05:50 DEBUG o.s.b.f.s.DefaultListableBeanFactory - Creating shared instance of singleton bean 'org.springframework.boot.actuate.autoconfigure.audit.AuditEventsEndpointAutoConfiguration'
2026-08-11 18:05:50 DEBUG o.s.b.f.s.DefaultListableBeanFactory - Creating shared instance of singleton bean 'org.springframework.boot.actuate.autoconfigure.beans.BeansEndpointAutoConfiguration'
2026-08-11 18:05:50 DEBUG o.s.b.f.s.DefaultListableBeanFactory - Creating shared instance of singleton bean 'beansEndpoint'
2026-08-11 18:05:50 DEBUG o.s.b.f.s.DefaultListableBeanFactory - Autowiring by type from bean name 'beansEndpoint' via factory method to bean named 'org.springframework.boot.web.server.servlet.context.AnnotationConfigServletWebServerApplicationContext@c0b41d6'
2026-08-11 18:05:50 DEBUG o.s.b.f.s.DefaultListableBeanFactory - Creating shared instance of singleton bean 'org.springframework.boot.actuate.autoconfigure.condition.ConditionsReportEndpointAutoConfiguration'
2026-08-11 18:05:50 DEBUG o.s.b.f.s.DefaultListableBeanFactory - Creating shared instance of singleton bean 'conditionsReportEndpoint'
2026-08-11 18:05:50 DEBUG o.s.b.f.s.DefaultListableBeanFactory - Autowiring by type from bean name 'conditionsReportEndpoint' via factory method to bean named 'org.springframework.boot.web.server.servlet.context.AnnotationConfigServletWebServerApplicationContext@c0b41d6'
2026-08-11 18:05:50 DEBUG o.s.b.f.s.DefaultListableBeanFactory - Creating shared instance of singleton bean 'org.springframework.boot.actuate.autoconfigure.context.properties.ConfigurationPropertiesReportEndpointAutoConfiguration'
2026-08-11 18:05:50 DEBUG o.s.b.f.s.DefaultListableBeanFactory - Creating shared instance of singleton bean 'configurationPropertiesReportEndpoint'
2026-08-11 18:05:50 DEBUG o.s.b.f.s.DefaultListableBeanFactory - Creating shared instance of singleton bean 'management.endpoint.configprops-org.springframework.boot.actuate.autoconfigure.context.properties.ConfigurationPropertiesReportEndpointProperties'
2026-08-11 18:05:50 DEBUG o.s.b.f.s.DefaultListableBeanFactory - Autowiring by type from bean name 'configurationPropertiesReportEndpoint' via factory method to bean named 'management.endpoint.configprops-org.springframework.boot.actuate.autoconfigure.context.properties.ConfigurationPropertiesReportEndpointProperties'
2026-08-11 18:05:50 DEBUG o.s.b.f.s.DefaultListableBeanFactory - Creating shared instance of singleton bean 'endpointOperationParameterMapper'
2026-08-11 18:05:50 DEBUG o.s.b.f.s.DefaultListableBeanFactory - Creating shared instance of singleton bean 'endpointCachingOperationInvokerAdvisor'
2026-08-11 18:05:50 DEBUG o.s.b.f.s.DefaultListableBeanFactory - Autowiring by type from bean name 'endpointCachingOperationInvokerAdvisor' via factory method to bean named 'environment'
2026-08-11 18:05:50 DEBUG o.s.b.f.s.DefaultListableBeanFactory - Creating shared instance of singleton bean 'org.springframework.boot.actuate.autoconfigure.endpoint.jmx.JmxEndpointAutoConfiguration$JmxJacksonEndpointConfiguration'
2026-08-11 18:05:50 DEBUG o.s.b.f.s.DefaultListableBeanFactory - Creating shared instance of singleton bean 'jmxMBeanExporter'
2026-08-11 18:05:50 DEBUG o.s.b.f.s.DefaultListableBeanFactory - Creating shared instance of singleton bean 'endpointObjectNameFactory'
2026-08-11 18:05:50 DEBUG o.s.b.f.s.DefaultListableBeanFactory - Creating shared instance of singleton bean 'org.springframework.boot.actuate.autoconfigure.endpoint.jmx.JmxEndpointAutoConfiguration'
2026-08-11 18:05:50 DEBUG o.s.b.f.s.DefaultListableBeanFactory - Creating shared instance of singleton bean 'management.endpoints.jmx-org.springframework.boot.actuate.autoconfigure.endpoint.jmx.JmxEndpointProperties'
2026-08-11 18:05:50 DEBUG o.s.b.f.s.DefaultListableBeanFactory - Autowiring by type from bean name 'org.springframework.boot.actuate.autoconfigure.endpoint.jmx.JmxEndpointAutoConfiguration' via constructor to bean named 'org.springframework.boot.web.server.servlet.context.AnnotationConfigServletWebServerApplicationContext@c0b41d6'
2026-08-11 18:05:50 DEBUG o.s.b.f.s.DefaultListableBeanFactory - Autowiring by type from bean name 'org.springframework.boot.actuate.autoconfigure.endpoint.jmx.JmxEndpointAutoConfiguration' via constructor to bean named 'management.endpoints.jmx-org.springframework.boot.actuate.autoconfigure.endpoint.jmx.JmxEndpointProperties'
2026-08-11 18:05:50 DEBUG o.s.b.f.s.DefaultListableBeanFactory - Autowiring by type from bean name 'org.springframework.boot.actuate.autoconfigure.endpoint.jmx.JmxEndpointAutoConfiguration' via constructor to bean named 'spring.jmx-org.springframework.boot.autoconfigure.jmx.JmxProperties'
2026-08-11 18:05:50 DEBUG o.s.b.f.s.DefaultListableBeanFactory - Autowiring by type from bean name 'endpointObjectNameFactory' via factory method to bean named 'mbeanServer'
2026-08-11 18:05:50 DEBUG o.s.b.f.s.DefaultListableBeanFactory - Creating shared instance of singleton bean 'jmxAnnotationEndpointDiscoverer'
2026-08-11 18:05:50 DEBUG o.s.b.f.s.DefaultListableBeanFactory - Autowiring by type from bean name 'jmxAnnotationEndpointDiscoverer' via factory method to bean named 'endpointOperationParameterMapper'
2026-08-11 18:05:50 DEBUG o.s.b.f.s.DefaultListableBeanFactory - Creating shared instance of singleton bean 'jmxIncludeExcludePropertyEndpointFilter'
2026-08-11 18:05:50 DEBUG o.s.b.f.s.DefaultListableBeanFactory - Creating shared instance of singleton bean 'jmxAccessPropertiesOperationFilter'
2026-08-11 18:05:50 DEBUG o.s.b.f.s.DefaultListableBeanFactory - Autowiring by type from bean name 'jmxAccessPropertiesOperationFilter' via factory method to bean named 'propertiesEndpointAccessResolver'
2026-08-11 18:05:50 DEBUG o.s.b.f.s.DefaultListableBeanFactory - Autowiring by type from bean name 'jmxMBeanExporter' via factory method to bean named 'mbeanServer'
2026-08-11 18:05:50 DEBUG o.s.b.f.s.DefaultListableBeanFactory - Autowiring by type from bean name 'jmxMBeanExporter' via factory method to bean named 'endpointObjectNameFactory'
2026-08-11 18:05:50 DEBUG o.s.b.f.s.DefaultListableBeanFactory - Autowiring by type from bean name 'jmxMBeanExporter' via factory method to bean named 'jmxAnnotationEndpointDiscoverer'
2026-08-11 18:05:50 DEBUG o.s.b.f.s.DefaultListableBeanFactory - Creating shared instance of singleton bean 'healthEndpoint'
2026-08-11 18:05:50 DEBUG o.s.b.f.s.DefaultListableBeanFactory - Creating shared instance of singleton bean 'org.springframework.boot.health.autoconfigure.actuate.endpoint.HealthEndpointConfiguration'
2026-08-11 18:05:50 DEBUG o.s.b.f.s.DefaultListableBeanFactory - Creating shared instance of singleton bean 'healthContributorRegistry'
2026-08-11 18:05:50 DEBUG o.s.b.f.s.DefaultListableBeanFactory - Creating shared instance of singleton bean 'org.springframework.boot.health.autoconfigure.registry.HealthContributorRegistryAutoConfiguration'
2026-08-11 18:05:50 DEBUG o.s.b.f.s.DefaultListableBeanFactory - Creating shared instance of singleton bean 'livenessStateHealthIndicator'
2026-08-11 18:05:50 DEBUG o.s.b.f.s.DefaultListableBeanFactory - Creating shared instance of singleton bean 'org.springframework.boot.health.autoconfigure.actuate.endpoint.AvailabilityProbesAutoConfiguration'
2026-08-11 18:05:50 DEBUG o.s.b.f.s.DefaultListableBeanFactory - Creating shared instance of singleton bean 'applicationAvailability'
2026-08-11 18:05:50 DEBUG o.s.b.f.s.DefaultListableBeanFactory - Creating shared instance of singleton bean 'org.springframework.boot.autoconfigure.availability.ApplicationAvailabilityAutoConfiguration'
2026-08-11 18:05:50 DEBUG o.s.b.f.s.DefaultListableBeanFactory - Autowiring by type from bean name 'livenessStateHealthIndicator' via factory method to bean named 'applicationAvailability'
2026-08-11 18:05:50 DEBUG o.s.b.f.s.DefaultListableBeanFactory - Creating shared instance of singleton bean 'readinessStateHealthIndicator'
2026-08-11 18:05:50 DEBUG o.s.b.f.s.DefaultListableBeanFactory - Autowiring by type from bean name 'readinessStateHealthIndicator' via factory method to bean named 'applicationAvailability'
2026-08-11 18:05:50 DEBUG o.s.b.f.s.DefaultListableBeanFactory - Creating shared instance of singleton bean 'diskSpaceHealthIndicator'
2026-08-11 18:05:50 DEBUG o.s.b.f.s.DefaultListableBeanFactory - Creating shared instance of singleton bean 'org.springframework.boot.health.autoconfigure.application.DiskSpaceHealthContributorAutoConfiguration'
2026-08-11 18:05:50 DEBUG o.s.b.f.s.DefaultListableBeanFactory - Creating shared instance of singleton bean 'management.health.diskspace-org.springframework.boot.health.autoconfigure.application.DiskSpaceHealthIndicatorProperties'
2026-08-11 18:05:50 DEBUG o.s.b.f.s.DefaultListableBeanFactory - Autowiring by type from bean name 'diskSpaceHealthIndicator' via factory method to bean named 'management.health.diskspace-org.springframework.boot.health.autoconfigure.application.DiskSpaceHealthIndicatorProperties'
2026-08-11 18:05:50 DEBUG o.s.b.f.s.DefaultListableBeanFactory - Creating shared instance of singleton bean 'sslHealthIndicator'
2026-08-11 18:05:50 DEBUG o.s.b.f.s.DefaultListableBeanFactory - Creating shared instance of singleton bean 'org.springframework.boot.health.autoconfigure.application.SslHealthContributorAutoConfiguration'
2026-08-11 18:05:50 DEBUG o.s.b.f.s.DefaultListableBeanFactory - Creating shared instance of singleton bean 'sslInfo'
2026-08-11 18:05:50 DEBUG o.s.b.f.s.DefaultListableBeanFactory - Autowiring by type from bean name 'sslInfo' via factory method to bean named 'sslBundleRegistry'
2026-08-11 18:05:50 DEBUG o.s.b.f.s.DefaultListableBeanFactory - Creating shared instance of singleton bean 'management.health.ssl-org.springframework.boot.health.autoconfigure.application.SslHealthIndicatorProperties'
2026-08-11 18:05:50 DEBUG o.s.b.f.s.DefaultListableBeanFactory - Autowiring by type from bean name 'sslHealthIndicator' via factory method to bean named 'sslInfo'
2026-08-11 18:05:50 DEBUG o.s.b.f.s.DefaultListableBeanFactory - Autowiring by type from bean name 'sslHealthIndicator' via factory method to bean named 'management.health.ssl-org.springframework.boot.health.autoconfigure.application.SslHealthIndicatorProperties'
2026-08-11 18:05:50 DEBUG o.s.b.f.s.DefaultListableBeanFactory - Creating shared instance of singleton bean 'pingHealthContributor'
2026-08-11 18:05:50 DEBUG o.s.b.f.s.DefaultListableBeanFactory - Creating shared instance of singleton bean 'org.springframework.boot.health.autoconfigure.contributor.HealthContributorAutoConfiguration'
2026-08-11 18:05:50 DEBUG o.s.b.f.s.DefaultListableBeanFactory - Creating shared instance of singleton bean 'mongoHealthContributor'
2026-08-11 18:05:50 DEBUG o.s.b.f.s.DefaultListableBeanFactory - Creating shared instance of singleton bean 'org.springframework.boot.mongodb.autoconfigure.health.MongoHealthContributorAutoConfiguration'
2026-08-11 18:05:50 DEBUG o.s.b.f.s.DefaultListableBeanFactory - Autowiring by type from bean name 'mongoHealthContributor' via factory method to bean named 'org.springframework.beans.factory.support.DefaultListableBeanFactory@1b9c1b51'
2026-08-11 18:05:50 DEBUG o.s.b.f.s.DefaultListableBeanFactory - Creating shared instance of singleton bean 'groupsHealthContributorNameValidator'
2026-08-11 18:05:50 DEBUG o.s.b.f.s.DefaultListableBeanFactory - Creating shared instance of singleton bean 'healthEndpointGroups'
2026-08-11 18:05:50 DEBUG o.s.b.f.s.DefaultListableBeanFactory - Creating shared instance of singleton bean 'management.endpoint.health-org.springframework.boot.health.autoconfigure.actuate.endpoint.HealthEndpointProperties'
2026-08-11 18:05:50 DEBUG o.s.b.f.s.DefaultListableBeanFactory - Autowiring by type from bean name 'healthEndpointGroups' via factory method to bean named 'org.springframework.boot.web.server.servlet.context.AnnotationConfigServletWebServerApplicationContext@c0b41d6'
2026-08-11 18:05:50 DEBUG o.s.b.f.s.DefaultListableBeanFactory - Autowiring by type from bean name 'healthEndpointGroups' via factory method to bean named 'management.endpoint.health-org.springframework.boot.health.autoconfigure.actuate.endpoint.HealthEndpointProperties'
2026-08-11 18:05:50 DEBUG o.s.b.f.s.DefaultListableBeanFactory - Creating shared instance of singleton bean 'healthStatusAggregator'
2026-08-11 18:05:50 DEBUG o.s.b.f.s.DefaultListableBeanFactory - Autowiring by type from bean name 'healthStatusAggregator' via factory method to bean named 'management.endpoint.health-org.springframework.boot.health.autoconfigure.actuate.endpoint.HealthEndpointProperties'
2026-08-11 18:05:50 DEBUG o.s.b.f.s.DefaultListableBeanFactory - Creating shared instance of singleton bean 'healthHttpCodeStatusMapper'
2026-08-11 18:05:50 DEBUG o.s.b.f.s.DefaultListableBeanFactory - Autowiring by type from bean name 'healthHttpCodeStatusMapper' via factory method to bean named 'management.endpoint.health-org.springframework.boot.health.autoconfigure.actuate.endpoint.HealthEndpointProperties'
2026-08-11 18:05:50 DEBUG o.s.b.f.s.DefaultListableBeanFactory - Creating shared instance of singleton bean 'availabilityProbesHealthEndpointGroupsPostProcessor'
2026-08-11 18:05:50 DEBUG o.s.b.f.s.DefaultListableBeanFactory - Autowiring by type from bean name 'availabilityProbesHealthEndpointGroupsPostProcessor' via factory method to bean named 'environment'
2026-08-11 18:05:50 DEBUG o.s.b.f.s.DefaultListableBeanFactory - Autowiring by type from bean name 'healthContributorRegistry' via factory method to bean named 'livenessStateHealthIndicator'
2026-08-11 18:05:50 DEBUG o.s.b.f.s.DefaultListableBeanFactory - Autowiring by type from bean name 'healthContributorRegistry' via factory method to bean named 'readinessStateHealthIndicator'
2026-08-11 18:05:50 DEBUG o.s.b.f.s.DefaultListableBeanFactory - Autowiring by type from bean name 'healthContributorRegistry' via factory method to bean named 'diskSpaceHealthIndicator'
2026-08-11 18:05:50 DEBUG o.s.b.f.s.DefaultListableBeanFactory - Autowiring by type from bean name 'healthContributorRegistry' via factory method to bean named 'sslHealthIndicator'
2026-08-11 18:05:50 DEBUG o.s.b.f.s.DefaultListableBeanFactory - Autowiring by type from bean name 'healthContributorRegistry' via factory method to bean named 'pingHealthContributor'
2026-08-11 18:05:50 DEBUG o.s.b.f.s.DefaultListableBeanFactory - Autowiring by type from bean name 'healthContributorRegistry' via factory method to bean named 'mongoHealthContributor'
2026-08-11 18:05:50 DEBUG o.s.b.f.s.DefaultListableBeanFactory - Autowiring by type from bean name 'healthContributorRegistry' via factory method to bean named 'groupsHealthContributorNameValidator'
2026-08-11 18:05:50 DEBUG o.s.b.f.s.DefaultListableBeanFactory - Autowiring by type from bean name 'healthEndpoint' via factory method to bean named 'healthContributorRegistry'
2026-08-11 18:05:50 DEBUG o.s.b.f.s.DefaultListableBeanFactory - Autowiring by type from bean name 'healthEndpoint' via factory method to bean named 'healthEndpointGroups'
2026-08-11 18:05:50 DEBUG o.s.b.f.s.DefaultListableBeanFactory - Autowiring by type from bean name 'healthEndpoint' via factory method to bean named 'management.endpoint.health-org.springframework.boot.health.autoconfigure.actuate.endpoint.HealthEndpointProperties'
2026-08-11 18:05:50 DEBUG o.s.b.f.s.DefaultListableBeanFactory - Creating shared instance of singleton bean 'reactiveHealthContributorRegistry'
2026-08-11 18:05:50 DEBUG o.s.b.f.s.DefaultListableBeanFactory - Creating shared instance of singleton bean 'org.springframework.boot.health.autoconfigure.registry.HealthContributorRegistryAutoConfiguration$ReactiveHealthContributorRegistryConfiguration'
2026-08-11 18:05:50 DEBUG o.s.b.f.s.DefaultListableBeanFactory - Creating shared instance of singleton bean 'redisHealthContributor'
2026-08-11 18:05:50 DEBUG o.s.b.f.s.DefaultListableBeanFactory - Creating shared instance of singleton bean 'org.springframework.boot.data.redis.autoconfigure.health.DataRedisReactiveHealthContributorAutoConfiguration'
2026-08-11 18:05:50 DEBUG o.s.b.f.s.DefaultListableBeanFactory - Autowiring by type from bean name 'redisHealthContributor' via factory method to bean named 'org.springframework.beans.factory.support.DefaultListableBeanFactory@1b9c1b51'
2026-08-11 18:05:50 DEBUG o.s.b.f.s.DefaultListableBeanFactory - Autowiring by type from bean name 'reactiveHealthContributorRegistry' via factory method to bean named 'redisHealthContributor'
2026-08-11 18:05:50 DEBUG o.s.b.f.s.DefaultListableBeanFactory - Autowiring by type from bean name 'reactiveHealthContributorRegistry' via factory method to bean named 'groupsHealthContributorNameValidator'
2026-08-11 18:05:50 DEBUG o.s.b.f.s.DefaultListableBeanFactory - Creating shared instance of singleton bean 'environmentEndpoint'
2026-08-11 18:05:50 DEBUG o.s.b.f.s.DefaultListableBeanFactory - Creating shared instance of singleton bean 'org.springframework.boot.actuate.autoconfigure.env.EnvironmentEndpointAutoConfiguration'
2026-08-11 18:05:50 DEBUG o.s.b.f.s.DefaultListableBeanFactory - Creating shared instance of singleton bean 'management.endpoint.env-org.springframework.boot.actuate.autoconfigure.env.EnvironmentEndpointProperties'
2026-08-11 18:05:50 DEBUG o.s.b.f.s.DefaultListableBeanFactory - Autowiring by type from bean name 'environmentEndpoint' via factory method to bean named 'environment'
2026-08-11 18:05:50 DEBUG o.s.b.f.s.DefaultListableBeanFactory - Autowiring by type from bean name 'environmentEndpoint' via factory method to bean named 'management.endpoint.env-org.springframework.boot.actuate.autoconfigure.env.EnvironmentEndpointProperties'
2026-08-11 18:05:50 DEBUG o.s.b.f.s.DefaultListableBeanFactory - Creating shared instance of singleton bean 'infoEndpoint'
2026-08-11 18:05:50 DEBUG o.s.b.f.s.DefaultListableBeanFactory - Creating shared instance of singleton bean 'org.springframework.boot.actuate.autoconfigure.info.InfoEndpointAutoConfiguration'
2026-08-11 18:05:50 DEBUG o.s.b.f.s.DefaultListableBeanFactory - Creating shared instance of singleton bean 'loggersEndpoint'
2026-08-11 18:05:50 DEBUG o.s.b.f.s.DefaultListableBeanFactory - Creating shared instance of singleton bean 'org.springframework.boot.actuate.autoconfigure.logging.LoggersEndpointAutoConfiguration'
2026-08-11 18:05:50 DEBUG o.s.b.f.s.DefaultListableBeanFactory - Autowiring by type from bean name 'loggersEndpoint' via factory method to bean named 'springBootLoggingSystem'
2026-08-11 18:05:50 DEBUG o.s.b.f.s.DefaultListableBeanFactory - Creating shared instance of singleton bean 'dumpEndpoint'
2026-08-11 18:05:50 DEBUG o.s.b.f.s.DefaultListableBeanFactory - Creating shared instance of singleton bean 'org.springframework.boot.actuate.autoconfigure.management.ThreadDumpEndpointAutoConfiguration'
2026-08-11 18:05:50 DEBUG o.s.b.f.s.DefaultListableBeanFactory - Creating shared instance of singleton bean 'sbomEndpoint'
2026-08-11 18:05:50 DEBUG o.s.b.f.s.DefaultListableBeanFactory - Creating shared instance of singleton bean 'org.springframework.boot.actuate.autoconfigure.sbom.SbomEndpointAutoConfiguration'
2026-08-11 18:05:50 DEBUG o.s.b.f.s.DefaultListableBeanFactory - Creating shared instance of singleton bean 'management.endpoint.sbom-org.springframework.boot.actuate.sbom.SbomProperties'
2026-08-11 18:05:50 DEBUG o.s.b.f.s.DefaultListableBeanFactory - Autowiring by type from bean name 'org.springframework.boot.actuate.autoconfigure.sbom.SbomEndpointAutoConfiguration' via constructor to bean named 'management.endpoint.sbom-org.springframework.boot.actuate.sbom.SbomProperties'
2026-08-11 18:05:50 DEBUG o.s.b.f.s.DefaultListableBeanFactory - Autowiring by type from bean name 'sbomEndpoint' via factory method to bean named 'org.springframework.boot.web.server.servlet.context.AnnotationConfigServletWebServerApplicationContext@c0b41d6'
2026-08-11 18:05:50 DEBUG o.s.b.f.s.DefaultListableBeanFactory - Creating shared instance of singleton bean 'scheduledTasksEndpoint'
2026-08-11 18:05:50 DEBUG o.s.b.f.s.DefaultListableBeanFactory - Creating shared instance of singleton bean 'org.springframework.boot.actuate.autoconfigure.scheduling.ScheduledTasksEndpointAutoConfiguration'
2026-08-11 18:05:50 DEBUG o.s.b.f.s.DefaultListableBeanFactory - Creating shared instance of singleton bean 'mappingsEndpoint'
2026-08-11 18:05:50 DEBUG o.s.b.f.s.DefaultListableBeanFactory - Creating shared instance of singleton bean 'org.springframework.boot.actuate.autoconfigure.web.mappings.MappingsEndpointAutoConfiguration'
2026-08-11 18:05:50 DEBUG o.s.b.f.s.DefaultListableBeanFactory - Autowiring by type from bean name 'mappingsEndpoint' via factory method to bean named 'org.springframework.boot.web.server.servlet.context.AnnotationConfigServletWebServerApplicationContext@c0b41d6'
2026-08-11 18:05:50 DEBUG o.s.b.f.s.DefaultListableBeanFactory - Creating shared instance of singleton bean 'servletMappingDescriptionProvider'
2026-08-11 18:05:50 DEBUG o.s.b.f.s.DefaultListableBeanFactory - Creating shared instance of singleton bean 'org.springframework.boot.servlet.autoconfigure.actuate.web.mappings.ServletMappingsAutoConfiguration'
2026-08-11 18:05:50 DEBUG o.s.b.f.s.DefaultListableBeanFactory - Creating shared instance of singleton bean 'filterMappingDescriptionProvider'
2026-08-11 18:05:50 DEBUG o.s.b.f.s.DefaultListableBeanFactory - Creating shared instance of singleton bean 'dispatcherServletMappingDescriptionProvider'
2026-08-11 18:05:50 DEBUG o.s.b.f.s.DefaultListableBeanFactory - Creating shared instance of singleton bean 'org.springframework.boot.webmvc.autoconfigure.actuate.web.mappings.WebMvcMappingsAutoConfiguration'
2026-08-11 18:05:50 DEBUG o.s.b.f.s.DefaultListableBeanFactory - Creating shared instance of singleton bean 'metricsEndpoint'
2026-08-11 18:05:50 DEBUG o.s.b.f.s.DefaultListableBeanFactory - Creating shared instance of singleton bean 'org.springframework.boot.micrometer.metrics.autoconfigure.MetricsEndpointAutoConfiguration'
2026-08-11 18:05:50 DEBUG o.s.b.f.s.DefaultListableBeanFactory - Autowiring by type from bean name 'metricsEndpoint' via factory method to bean named 'simpleMeterRegistry'
2026-08-11 18:05:50 DEBUG o.s.b.f.s.DefaultListableBeanFactory - Creating shared instance of singleton bean 'eagerlyInitializeJmxEndpointExporter'
2026-08-11 18:05:50 DEBUG o.s.b.f.s.DefaultListableBeanFactory - Creating shared instance of singleton bean 'endpointMediaTypes'
2026-08-11 18:05:50 DEBUG o.s.b.f.s.DefaultListableBeanFactory - Creating shared instance of singleton bean 'webEndpointDiscoverer'
2026-08-11 18:05:50 DEBUG o.s.b.f.s.DefaultListableBeanFactory - Autowiring by type from bean name 'webEndpointDiscoverer' via factory method to bean named 'endpointOperationParameterMapper'
2026-08-11 18:05:50 DEBUG o.s.b.f.s.DefaultListableBeanFactory - Autowiring by type from bean name 'webEndpointDiscoverer' via factory method to bean named 'endpointMediaTypes'
2026-08-11 18:05:50 DEBUG o.s.b.f.s.DefaultListableBeanFactory - Creating shared instance of singleton bean 'webExposeExcludePropertyEndpointFilter'
2026-08-11 18:05:50 DEBUG o.s.b.f.s.DefaultListableBeanFactory - Creating shared instance of singleton bean 'webAccessPropertiesOperationFilter'
2026-08-11 18:05:50 DEBUG o.s.b.f.s.DefaultListableBeanFactory - Autowiring by type from bean name 'webAccessPropertiesOperationFilter' via factory method to bean named 'propertiesEndpointAccessResolver'
2026-08-11 18:05:50 DEBUG o.s.b.f.s.DefaultListableBeanFactory - Creating shared instance of singleton bean 'controllerEndpointDiscoverer'
2026-08-11 18:05:50 DEBUG o.s.b.f.s.DefaultListableBeanFactory - Creating shared instance of singleton bean 'controllerExposeExcludePropertyEndpointFilter'
2026-08-11 18:05:50 DEBUG o.s.b.f.s.DefaultListableBeanFactory - Creating shared instance of singleton bean 'pathMappedEndpoints'
2026-08-11 18:05:50 DEBUG o.s.b.f.s.DefaultListableBeanFactory - Autowiring by type from bean name 'pathMappedEndpoints' via factory method to bean named 'jmxAnnotationEndpointDiscoverer'
2026-08-11 18:05:50 DEBUG o.s.b.f.s.DefaultListableBeanFactory - Autowiring by type from bean name 'pathMappedEndpoints' via factory method to bean named 'servletEndpointDiscoverer'
2026-08-11 18:05:50 DEBUG o.s.b.f.s.DefaultListableBeanFactory - Autowiring by type from bean name 'pathMappedEndpoints' via factory method to bean named 'webEndpointDiscoverer'
2026-08-11 18:05:50 DEBUG o.s.b.f.s.DefaultListableBeanFactory - Autowiring by type from bean name 'pathMappedEndpoints' via factory method to bean named 'controllerEndpointDiscoverer'
2026-08-11 18:05:50 DEBUG o.s.b.f.s.DefaultListableBeanFactory - Creating shared instance of singleton bean 'healthEndpointWebExtension'
2026-08-11 18:05:50 DEBUG o.s.b.f.s.DefaultListableBeanFactory - Creating shared instance of singleton bean 'org.springframework.boot.health.autoconfigure.actuate.endpoint.HealthEndpointWebExtensionConfiguration'
2026-08-11 18:05:50 DEBUG o.s.b.f.s.DefaultListableBeanFactory - Autowiring by type from bean name 'healthEndpointWebExtension' via factory method to bean named 'healthContributorRegistry'
2026-08-11 18:05:50 DEBUG o.s.b.f.s.DefaultListableBeanFactory - Autowiring by type from bean name 'healthEndpointWebExtension' via factory method to bean named 'healthEndpointGroups'
2026-08-11 18:05:50 DEBUG o.s.b.f.s.DefaultListableBeanFactory - Autowiring by type from bean name 'healthEndpointWebExtension' via factory method to bean named 'management.endpoint.health-org.springframework.boot.health.autoconfigure.actuate.endpoint.HealthEndpointProperties'
2026-08-11 18:05:50 DEBUG o.s.b.f.s.DefaultListableBeanFactory - Creating shared instance of singleton bean 'org.springframework.boot.autoconfigure.info.ProjectInfoAutoConfiguration'
2026-08-11 18:05:50 DEBUG o.s.b.f.s.DefaultListableBeanFactory - Creating shared instance of singleton bean 'spring.info-org.springframework.boot.autoconfigure.info.ProjectInfoProperties'
2026-08-11 18:05:50 DEBUG o.s.b.f.s.DefaultListableBeanFactory - Autowiring by type from bean name 'org.springframework.boot.autoconfigure.info.ProjectInfoAutoConfiguration' via constructor to bean named 'spring.info-org.springframework.boot.autoconfigure.info.ProjectInfoProperties'
2026-08-11 18:05:50 DEBUG o.s.b.f.s.DefaultListableBeanFactory - Creating shared instance of singleton bean 'org.springframework.boot.actuate.autoconfigure.info.InfoContributorAutoConfiguration'
2026-08-11 18:05:50 DEBUG o.s.b.f.s.DefaultListableBeanFactory - Creating shared instance of singleton bean 'management.info-org.springframework.boot.actuate.autoconfigure.info.InfoContributorProperties'
2026-08-11 18:05:50 DEBUG o.s.b.f.s.DefaultListableBeanFactory - Creating shared instance of singleton bean 'org.springframework.boot.actuate.autoconfigure.logging.LogFileWebEndpointAutoConfiguration'
2026-08-11 18:05:50 DEBUG o.s.b.f.s.DefaultListableBeanFactory - Creating shared instance of singleton bean 'management.endpoint.logfile-org.springframework.boot.actuate.autoconfigure.logging.LogFileWebEndpointProperties'
2026-08-11 18:05:50 DEBUG o.s.b.f.s.DefaultListableBeanFactory - Creating shared instance of singleton bean 'org.springframework.boot.actuate.autoconfigure.web.exchanges.HttpExchangesEndpointAutoConfiguration'
2026-08-11 18:05:50 DEBUG o.s.b.f.s.DefaultListableBeanFactory - Creating shared instance of singleton bean 'org.springframework.boot.autoconfigure.aop.AopAutoConfiguration$ClassProxyingConfiguration'
2026-08-11 18:05:50 DEBUG o.s.b.f.s.DefaultListableBeanFactory - Creating shared instance of singleton bean 'org.springframework.boot.autoconfigure.aop.AopAutoConfiguration'
2026-08-11 18:05:50 DEBUG o.s.b.f.s.DefaultListableBeanFactory - Creating shared instance of singleton bean 'org.springframework.boot.autoconfigure.context.ConfigurationPropertiesAutoConfiguration'
2026-08-11 18:05:50 DEBUG o.s.b.f.s.DefaultListableBeanFactory - Creating shared instance of singleton bean 'org.springframework.boot.autoconfigure.context.LifecycleAutoConfiguration'
2026-08-11 18:05:50 DEBUG o.s.b.f.s.DefaultListableBeanFactory - Creating shared instance of singleton bean 'lifecycleProcessor'
2026-08-11 18:05:50 DEBUG o.s.b.f.s.DefaultListableBeanFactory - Creating shared instance of singleton bean 'spring.lifecycle-org.springframework.boot.autoconfigure.context.LifecycleProperties'
2026-08-11 18:05:50 DEBUG o.s.b.f.s.DefaultListableBeanFactory - Autowiring by type from bean name 'lifecycleProcessor' via factory method to bean named 'spring.lifecycle-org.springframework.boot.autoconfigure.context.LifecycleProperties'
2026-08-11 18:05:50 DEBUG o.s.b.f.s.DefaultListableBeanFactory - Creating shared instance of singleton bean 'org.springframework.boot.autoconfigure.task.TaskSchedulingConfigurations$ThreadPoolTaskSchedulerBuilderConfiguration'
2026-08-11 18:05:50 DEBUG o.s.b.f.s.DefaultListableBeanFactory - Creating shared instance of singleton bean 'threadPoolTaskSchedulerBuilder'
2026-08-11 18:05:50 DEBUG o.s.b.f.s.DefaultListableBeanFactory - Creating shared instance of singleton bean 'spring.task.scheduling-org.springframework.boot.autoconfigure.task.TaskSchedulingProperties'
2026-08-11 18:05:50 DEBUG o.s.b.f.s.DefaultListableBeanFactory - Autowiring by type from bean name 'threadPoolTaskSchedulerBuilder' via factory method to bean named 'spring.task.scheduling-org.springframework.boot.autoconfigure.task.TaskSchedulingProperties'
2026-08-11 18:05:50 DEBUG o.s.b.f.s.DefaultListableBeanFactory - Creating shared instance of singleton bean 'org.springframework.boot.autoconfigure.task.TaskSchedulingConfigurations$SimpleAsyncTaskSchedulerBuilderConfiguration'
2026-08-11 18:05:50 DEBUG o.s.b.f.s.DefaultListableBeanFactory - Autowiring by type from bean name 'org.springframework.boot.autoconfigure.task.TaskSchedulingConfigurations$SimpleAsyncTaskSchedulerBuilderConfiguration' via constructor to bean named 'spring.task.scheduling-org.springframework.boot.autoconfigure.task.TaskSchedulingProperties'
2026-08-11 18:05:50 DEBUG o.s.b.f.s.DefaultListableBeanFactory - Creating shared instance of singleton bean 'simpleAsyncTaskSchedulerBuilder'
2026-08-11 18:05:50 DEBUG o.s.b.f.s.DefaultListableBeanFactory - Creating shared instance of singleton bean 'org.springframework.boot.autoconfigure.task.TaskSchedulingAutoConfiguration'
2026-08-11 18:05:50 DEBUG o.s.b.f.s.DefaultListableBeanFactory - Creating shared instance of singleton bean 'meterRegistryCloser'
2026-08-11 18:05:50 DEBUG o.s.b.f.s.DefaultListableBeanFactory - Autowiring by type from bean name 'meterRegistryCloser' via factory method to bean named 'org.springframework.boot.web.server.servlet.context.AnnotationConfigServletWebServerApplicationContext@c0b41d6'
2026-08-11 18:05:50 DEBUG o.s.b.f.s.DefaultListableBeanFactory - Autowiring by type from bean name 'meterRegistryCloser' via factory method to bean named 'management.metrics-org.springframework.boot.micrometer.metrics.autoconfigure.MetricsProperties'
2026-08-11 18:05:50 DEBUG o.s.b.f.s.DefaultListableBeanFactory - Creating shared instance of singleton bean 'org.springframework.boot.micrometer.metrics.autoconfigure.CompositeMeterRegistryAutoConfiguration'
2026-08-11 18:05:50 DEBUG o.s.b.f.s.DefaultListableBeanFactory - Creating shared instance of singleton bean 'org.springframework.data.web.config.ProjectingArgumentResolverRegistrar'
2026-08-11 18:05:50 DEBUG o.s.b.f.s.DefaultListableBeanFactory - Creating shared instance of singleton bean 'offsetResolver'
2026-08-11 18:05:50 DEBUG o.s.b.f.s.DefaultListableBeanFactory - Creating shared instance of singleton bean 'org.springframework.data.web.config.SpringDataJacksonConfiguration'
2026-08-11 18:05:50 DEBUG o.s.b.f.s.DefaultListableBeanFactory - Creating shared instance of singleton bean 'jacksonGeoModule'
2026-08-11 18:05:50 DEBUG o.s.b.f.s.DefaultListableBeanFactory - Creating shared instance of singleton bean 'pageModule'
2026-08-11 18:05:50 DEBUG o.s.b.f.s.DefaultListableBeanFactory - Creating shared instance of singleton bean 'org.springframework.data.mongodb.config.GeoJsonConfiguration'
2026-08-11 18:05:50 DEBUG o.s.b.f.s.DefaultListableBeanFactory - Creating shared instance of singleton bean 'geoJsonModule'
2026-08-11 18:05:50 DEBUG o.s.b.f.s.DefaultListableBeanFactory - Creating shared instance of singleton bean 'org.springframework.boot.mongodb.autoconfigure.metrics.MongoMetricsAutoConfiguration'
2026-08-11 18:05:50 DEBUG o.s.b.f.s.DefaultListableBeanFactory - Creating shared instance of singleton bean 'gridFsTemplate'
2026-08-11 18:05:50 DEBUG o.s.b.f.s.DefaultListableBeanFactory - Autowiring by type from bean name 'gridFsTemplate' via factory method to bean named 'spring.data.mongodb-org.springframework.boot.data.mongodb.autoconfigure.DataMongoProperties'
2026-08-11 18:05:50 DEBUG o.s.b.f.s.DefaultListableBeanFactory - Autowiring by type from bean name 'gridFsTemplate' via factory method to bean named 'mongoDatabaseFactory'
2026-08-11 18:05:50 DEBUG o.s.b.f.s.DefaultListableBeanFactory - Autowiring by type from bean name 'gridFsTemplate' via factory method to bean named 'mongoTemplate'
2026-08-11 18:05:50 DEBUG o.s.b.f.s.DefaultListableBeanFactory - Creating shared instance of singleton bean 'org.springframework.boot.data.mongodb.autoconfigure.DataMongoAutoConfiguration'
2026-08-11 18:05:50 DEBUG o.s.b.f.s.DefaultListableBeanFactory - Creating shared instance of singleton bean 'org.springframework.boot.data.mongodb.autoconfigure.DataMongoRepositoriesAutoConfiguration'
2026-08-11 18:05:50 DEBUG o.s.b.f.s.DefaultListableBeanFactory - Creating shared instance of singleton bean 'data-mongo.repository-aot-processor#0'
2026-08-11 18:05:50 DEBUG o.s.b.f.s.DefaultListableBeanFactory - Creating shared instance of singleton bean 'spelValueExpressionResolver'
2026-08-11 18:05:50 DEBUG o.s.b.f.s.DefaultListableBeanFactory - Creating shared instance of singleton bean 'org.springframework.data.redis.config.internalRedisListenerEndpointRegistry'
2026-08-11 18:05:50 DEBUG o.s.b.f.s.DefaultListableBeanFactory - Creating shared instance of singleton bean 'org.springframework.boot.data.redis.autoconfigure.DataRedisAnnotationDrivenConfiguration$EnableRedisListenersConfiguration'
2026-08-11 18:05:50 DEBUG o.s.b.f.s.DefaultListableBeanFactory - Creating shared instance of singleton bean 'org.springframework.boot.data.redis.autoconfigure.DataRedisAnnotationDrivenConfiguration'
2026-08-11 18:05:50 DEBUG o.s.b.f.s.DefaultListableBeanFactory - Autowiring by type from bean name 'org.springframework.boot.data.redis.autoconfigure.DataRedisAnnotationDrivenConfiguration' via constructor to bean named 'spring.data.redis-org.springframework.boot.data.redis.autoconfigure.DataRedisProperties'
2026-08-11 18:05:50 DEBUG o.s.b.f.s.DefaultListableBeanFactory - Creating shared instance of singleton bean 'redisMessageListenerContainerConfigurer'
2026-08-11 18:05:50 DEBUG o.s.b.f.s.DefaultListableBeanFactory - Creating shared instance of singleton bean 'redisMessageListenerContainer'
2026-08-11 18:05:50 DEBUG o.s.b.f.s.DefaultListableBeanFactory - Autowiring by type from bean name 'redisMessageListenerContainer' via factory method to bean named 'redisMessageListenerContainerConfigurer'
2026-08-11 18:05:50 DEBUG o.s.b.f.s.DefaultListableBeanFactory - Autowiring by type from bean name 'redisMessageListenerContainer' via factory method to bean named 'redisConnectionFactory'
2026-08-11 18:05:50 DEBUG o.s.b.f.s.DefaultListableBeanFactory - Creating shared instance of singleton bean 'redisTemplate'
2026-08-11 18:05:50 DEBUG o.s.b.f.s.DefaultListableBeanFactory - Autowiring by type from bean name 'redisTemplate' via factory method to bean named 'redisConnectionFactory'
2026-08-11 18:05:50 DEBUG o.s.b.f.s.DefaultListableBeanFactory - Creating shared instance of singleton bean 'org.springframework.boot.data.redis.autoconfigure.DataRedisReactiveAutoConfiguration'
2026-08-11 18:05:50 DEBUG o.s.b.f.s.DefaultListableBeanFactory - Creating shared instance of singleton bean 'reactiveRedisTemplate'
2026-08-11 18:05:50 DEBUG o.s.b.f.s.DefaultListableBeanFactory - Autowiring by type from bean name 'reactiveRedisTemplate' via factory method to bean named 'redisConnectionFactory'
2026-08-11 18:05:50 DEBUG o.s.b.f.s.DefaultListableBeanFactory - Autowiring by type from bean name 'reactiveRedisTemplate' via factory method to bean named 'org.springframework.boot.web.server.servlet.context.AnnotationConfigServletWebServerApplicationContext@c0b41d6'
2026-08-11 18:05:50 DEBUG o.s.b.f.s.DefaultListableBeanFactory - Creating shared instance of singleton bean 'reactiveStringRedisTemplate'
2026-08-11 18:05:50 DEBUG o.s.b.f.s.DefaultListableBeanFactory - Autowiring by type from bean name 'reactiveStringRedisTemplate' via factory method to bean named 'redisConnectionFactory'
2026-08-11 18:05:50 DEBUG o.s.b.f.s.DefaultListableBeanFactory - Creating shared instance of singleton bean 'org.springframework.boot.data.redis.autoconfigure.DataRedisRepositoriesAutoConfiguration'
2026-08-11 18:05:50 DEBUG o.s.b.f.s.DefaultListableBeanFactory - Creating shared instance of singleton bean 'redisIndexConfiguration#0'
2026-08-11 18:05:50 DEBUG o.s.b.f.s.DefaultListableBeanFactory - Creating shared instance of singleton bean 'redisKeyspaceConfiguration#0'
2026-08-11 18:05:50 DEBUG o.s.b.f.s.DefaultListableBeanFactory - Creating shared instance of singleton bean 'redisMappingConfiguration#0'
2026-08-11 18:05:50 DEBUG o.s.b.f.s.DefaultListableBeanFactory - Creating shared instance of singleton bean 'keyValueMappingContext'
2026-08-11 18:05:50 DEBUG o.s.b.f.s.DefaultListableBeanFactory - Creating shared instance of singleton bean 'redisCustomConversions'
2026-08-11 18:05:50 DEBUG o.s.data.convert.CustomConversions - Adding converter from class java.lang.String to class [B as writing converter
2026-08-11 18:05:50 DEBUG o.s.data.convert.CustomConversions - Adding converter from class [B to class java.lang.String as reading converter
2026-08-11 18:05:50 DEBUG o.s.data.convert.CustomConversions - Adding converter from class java.lang.Number to class [B as writing converter
2026-08-11 18:05:50 DEBUG o.s.data.convert.CustomConversions - Adding converter from class [B to class java.lang.Number as reading converter
2026-08-11 18:05:50 DEBUG o.s.data.convert.CustomConversions - Adding converter from class java.lang.Enum to class [B as writing converter
2026-08-11 18:05:50 DEBUG o.s.data.convert.CustomConversions - Adding converter from class [B to class java.lang.Enum as reading converter
2026-08-11 18:05:50 DEBUG o.s.data.convert.CustomConversions - Adding converter from class java.lang.Boolean to class [B as writing converter
2026-08-11 18:05:50 DEBUG o.s.data.convert.CustomConversions - Adding converter from class [B to class java.lang.Boolean as reading converter
2026-08-11 18:05:50 DEBUG o.s.data.convert.CustomConversions - Adding converter from class java.util.Date to class [B as writing converter
2026-08-11 18:05:50 DEBUG o.s.data.convert.CustomConversions - Adding converter from class [B to class java.util.Date as reading converter
2026-08-11 18:05:50 DEBUG o.s.data.convert.CustomConversions - Adding converter from class java.util.UUID to class [B as writing converter
2026-08-11 18:05:50 DEBUG o.s.data.convert.CustomConversions - Adding converter from class [B to class java.util.UUID as reading converter
2026-08-11 18:05:50 DEBUG o.s.data.convert.CustomConversions - Adding converter from class java.time.LocalDateTime to class [B as reading converter
2026-08-11 18:05:50 DEBUG o.s.data.convert.CustomConversions - Adding converter from class [B to class java.time.LocalDateTime as reading converter
2026-08-11 18:05:50 DEBUG o.s.data.convert.CustomConversions - Adding converter from class java.time.LocalDate to class [B as reading converter
2026-08-11 18:05:50 DEBUG o.s.data.convert.CustomConversions - Adding converter from class [B to class java.time.LocalDate as reading converter
2026-08-11 18:05:50 DEBUG o.s.data.convert.CustomConversions - Adding converter from class java.time.LocalTime to class [B as reading converter
2026-08-11 18:05:50 DEBUG o.s.data.convert.CustomConversions - Adding converter from class [B to class java.time.LocalTime as reading converter
2026-08-11 18:05:50 DEBUG o.s.data.convert.CustomConversions - Adding converter from class java.time.ZonedDateTime to class [B as reading converter
2026-08-11 18:05:50 DEBUG o.s.data.convert.CustomConversions - Adding converter from class [B to class java.time.ZonedDateTime as reading converter
2026-08-11 18:05:50 DEBUG o.s.data.convert.CustomConversions - Adding converter from class java.time.Instant to class [B as reading converter
2026-08-11 18:05:50 DEBUG o.s.data.convert.CustomConversions - Adding converter from class [B to class java.time.Instant as reading converter
2026-08-11 18:05:50 DEBUG o.s.data.convert.CustomConversions - Adding converter from class java.time.ZoneId to class [B as reading converter
2026-08-11 18:05:50 DEBUG o.s.data.convert.CustomConversions - Adding converter from class [B to class java.time.ZoneId as reading converter
2026-08-11 18:05:50 DEBUG o.s.data.convert.CustomConversions - Adding converter from class java.time.Period to class [B as reading converter
2026-08-11 18:05:50 DEBUG o.s.data.convert.CustomConversions - Adding converter from class [B to class java.time.Period as reading converter
2026-08-11 18:05:50 DEBUG o.s.data.convert.CustomConversions - Adding converter from class java.time.Duration to class [B as reading converter
2026-08-11 18:05:50 DEBUG o.s.data.convert.CustomConversions - Adding converter from class [B to class java.time.Duration as reading converter
2026-08-11 18:05:50 DEBUG o.s.data.convert.CustomConversions - Adding converter from class java.time.OffsetDateTime to class [B as reading converter
2026-08-11 18:05:50 DEBUG o.s.data.convert.CustomConversions - Adding converter from class [B to class java.time.OffsetDateTime as reading converter
2026-08-11 18:05:50 DEBUG o.s.data.convert.CustomConversions - Adding converter from class java.time.OffsetTime to class [B as reading converter
2026-08-11 18:05:50 DEBUG o.s.data.convert.CustomConversions - Adding converter from class [B to class java.time.OffsetTime as reading converter
2026-08-11 18:05:50 DEBUG o.s.data.convert.CustomConversions - Adding converter from class java.util.Date to class java.time.LocalDateTime as reading converter
2026-08-11 18:05:50 DEBUG o.s.data.convert.CustomConversions - Adding converter from class java.time.LocalDateTime to class java.util.Date as writing converter
2026-08-11 18:05:50 DEBUG o.s.data.convert.CustomConversions - Adding converter from class java.util.Date to class java.time.LocalDate as reading converter
2026-08-11 18:05:50 DEBUG o.s.data.convert.CustomConversions - Adding converter from class java.time.LocalDate to class java.util.Date as writing converter
2026-08-11 18:05:50 DEBUG o.s.data.convert.CustomConversions - Adding converter from class java.util.Date to class java.time.LocalTime as reading converter
2026-08-11 18:05:50 DEBUG o.s.data.convert.CustomConversions - Adding converter from class java.time.LocalTime to class java.util.Date as writing converter
2026-08-11 18:05:50 DEBUG o.s.data.convert.CustomConversions - Adding converter from class java.util.Date to class java.time.Instant as reading converter
2026-08-11 18:05:50 DEBUG o.s.data.convert.CustomConversions - Adding converter from class java.time.Instant to class java.util.Date as writing converter
2026-08-11 18:05:50 DEBUG o.s.data.convert.CustomConversions - Adding converter from class java.time.LocalDateTime to class java.time.Instant as reading converter
2026-08-11 18:05:50 DEBUG o.s.data.convert.CustomConversions - Adding converter from class java.time.Instant to class java.time.LocalDateTime as reading converter
2026-08-11 18:05:50 DEBUG o.s.data.convert.CustomConversions - Adding converter from class java.time.ZoneId to class java.lang.String as writing converter
2026-08-11 18:05:50 DEBUG o.s.data.convert.CustomConversions - Adding converter from class java.lang.String to class java.time.ZoneId as reading converter
2026-08-11 18:05:50 DEBUG o.s.data.convert.CustomConversions - Adding converter from class java.time.Duration to class java.lang.String as writing converter
2026-08-11 18:05:50 DEBUG o.s.data.convert.CustomConversions - Adding converter from class java.lang.String to class java.time.Duration as reading converter
2026-08-11 18:05:50 DEBUG o.s.data.convert.CustomConversions - Adding converter from class java.time.Period to class java.lang.String as writing converter
2026-08-11 18:05:50 DEBUG o.s.data.convert.CustomConversions - Adding converter from class java.lang.String to class java.time.Period as reading converter
2026-08-11 18:05:50 DEBUG o.s.data.convert.CustomConversions - Adding converter from class java.lang.String to class java.time.LocalDate as reading converter
2026-08-11 18:05:50 DEBUG o.s.data.convert.CustomConversions - Adding converter from class java.lang.String to class java.time.LocalDateTime as reading converter
2026-08-11 18:05:50 DEBUG o.s.data.convert.CustomConversions - Adding converter from class java.lang.String to class java.time.Instant as reading converter
2026-08-11 18:05:50 DEBUG o.s.b.f.s.DefaultListableBeanFactory - Creating shared instance of singleton bean 'redisReferenceResolver'
2026-08-11 18:05:50 DEBUG o.s.b.f.s.DefaultListableBeanFactory - Creating shared instance of singleton bean 'redisConverter'
2026-08-11 18:05:50 DEBUG o.s.data.convert.CustomConversions - Adding converter from class java.lang.String to class [B as writing converter
2026-08-11 18:05:50 DEBUG o.s.data.convert.CustomConversions - Adding converter from class [B to class java.lang.String as reading converter
2026-08-11 18:05:50 DEBUG o.s.data.convert.CustomConversions - Adding converter from class java.lang.Number to class [B as writing converter
2026-08-11 18:05:50 DEBUG o.s.data.convert.CustomConversions - Adding converter from class [B to class java.lang.Number as reading converter
2026-08-11 18:05:50 DEBUG o.s.data.convert.CustomConversions - Adding converter from class java.lang.Enum to class [B as writing converter
2026-08-11 18:05:50 DEBUG o.s.data.convert.CustomConversions - Adding converter from class [B to class java.lang.Enum as reading converter
2026-08-11 18:05:50 DEBUG o.s.data.convert.CustomConversions - Adding converter from class java.lang.Boolean to class [B as writing converter
2026-08-11 18:05:50 DEBUG o.s.data.convert.CustomConversions - Adding converter from class [B to class java.lang.Boolean as reading converter
2026-08-11 18:05:50 DEBUG o.s.data.convert.CustomConversions - Adding converter from class java.util.Date to class [B as writing converter
2026-08-11 18:05:50 DEBUG o.s.data.convert.CustomConversions - Adding converter from class [B to class java.util.Date as reading converter
2026-08-11 18:05:50 DEBUG o.s.data.convert.CustomConversions - Adding converter from class java.util.UUID to class [B as writing converter
2026-08-11 18:05:50 DEBUG o.s.data.convert.CustomConversions - Adding converter from class [B to class java.util.UUID as reading converter
2026-08-11 18:05:50 DEBUG o.s.data.convert.CustomConversions - Adding converter from class java.time.LocalDateTime to class [B as reading converter
2026-08-11 18:05:50 DEBUG o.s.data.convert.CustomConversions - Adding converter from class [B to class java.time.LocalDateTime as reading converter
2026-08-11 18:05:50 DEBUG o.s.data.convert.CustomConversions - Adding converter from class java.time.LocalDate to class [B as reading converter
2026-08-11 18:05:50 DEBUG o.s.data.convert.CustomConversions - Adding converter from class [B to class java.time.LocalDate as reading converter
2026-08-11 18:05:50 DEBUG o.s.data.convert.CustomConversions - Adding converter from class java.time.LocalTime to class [B as reading converter
2026-08-11 18:05:50 DEBUG o.s.data.convert.CustomConversions - Adding converter from class [B to class java.time.LocalTime as reading converter
2026-08-11 18:05:50 DEBUG o.s.data.convert.CustomConversions - Adding converter from class java.time.ZonedDateTime to class [B as reading converter
2026-08-11 18:05:50 DEBUG o.s.data.convert.CustomConversions - Adding converter from class [B to class java.time.ZonedDateTime as reading converter
2026-08-11 18:05:50 DEBUG o.s.data.convert.CustomConversions - Adding converter from class java.time.Instant to class [B as reading converter
2026-08-11 18:05:50 DEBUG o.s.data.convert.CustomConversions - Adding converter from class [B to class java.time.Instant as reading converter
2026-08-11 18:05:50 DEBUG o.s.data.convert.CustomConversions - Adding converter from class java.time.ZoneId to class [B as reading converter
2026-08-11 18:05:50 DEBUG o.s.data.convert.CustomConversions - Adding converter from class [B to class java.time.ZoneId as reading converter
2026-08-11 18:05:50 DEBUG o.s.data.convert.CustomConversions - Adding converter from class java.time.Period to class [B as reading converter
2026-08-11 18:05:50 DEBUG o.s.data.convert.CustomConversions - Adding converter from class [B to class java.time.Period as reading converter
2026-08-11 18:05:50 DEBUG o.s.data.convert.CustomConversions - Adding converter from class java.time.Duration to class [B as reading converter
2026-08-11 18:05:50 DEBUG o.s.data.convert.CustomConversions - Adding converter from class [B to class java.time.Duration as reading converter
2026-08-11 18:05:50 DEBUG o.s.data.convert.CustomConversions - Adding converter from class java.time.OffsetDateTime to class [B as reading converter
2026-08-11 18:05:50 DEBUG o.s.data.convert.CustomConversions - Adding converter from class [B to class java.time.OffsetDateTime as reading converter
2026-08-11 18:05:50 DEBUG o.s.data.convert.CustomConversions - Adding converter from class java.time.OffsetTime to class [B as reading converter
2026-08-11 18:05:50 DEBUG o.s.data.convert.CustomConversions - Adding converter from class [B to class java.time.OffsetTime as reading converter
2026-08-11 18:05:50 DEBUG o.s.data.convert.CustomConversions - Adding converter from class java.util.Date to class java.time.LocalDateTime as reading converter
2026-08-11 18:05:50 DEBUG o.s.data.convert.CustomConversions - Adding converter from class java.time.LocalDateTime to class java.util.Date as writing converter
2026-08-11 18:05:50 DEBUG o.s.data.convert.CustomConversions - Adding converter from class java.util.Date to class java.time.LocalDate as reading converter
2026-08-11 18:05:50 DEBUG o.s.data.convert.CustomConversions - Adding converter from class java.time.LocalDate to class java.util.Date as writing converter
2026-08-11 18:05:50 DEBUG o.s.data.convert.CustomConversions - Adding converter from class java.util.Date to class java.time.LocalTime as reading converter
2026-08-11 18:05:50 DEBUG o.s.data.convert.CustomConversions - Adding converter from class java.time.LocalTime to class java.util.Date as writing converter
2026-08-11 18:05:50 DEBUG o.s.data.convert.CustomConversions - Adding converter from class java.util.Date to class java.time.Instant as reading converter
2026-08-11 18:05:50 DEBUG o.s.data.convert.CustomConversions - Adding converter from class java.time.Instant to class java.util.Date as writing converter
2026-08-11 18:05:50 DEBUG o.s.data.convert.CustomConversions - Adding converter from class java.time.LocalDateTime to class java.time.Instant as reading converter
2026-08-11 18:05:50 DEBUG o.s.data.convert.CustomConversions - Adding converter from class java.time.Instant to class java.time.LocalDateTime as reading converter
2026-08-11 18:05:50 DEBUG o.s.data.convert.CustomConversions - Adding converter from class java.time.ZoneId to class java.lang.String as writing converter
2026-08-11 18:05:50 DEBUG o.s.data.convert.CustomConversions - Adding converter from class java.lang.String to class java.time.ZoneId as reading converter
2026-08-11 18:05:50 DEBUG o.s.data.convert.CustomConversions - Adding converter from class java.time.Duration to class java.lang.String as writing converter
2026-08-11 18:05:50 DEBUG o.s.data.convert.CustomConversions - Adding converter from class java.lang.String to class java.time.Duration as reading converter
2026-08-11 18:05:50 DEBUG o.s.data.convert.CustomConversions - Adding converter from class java.time.Period to class java.lang.String as writing converter
2026-08-11 18:05:50 DEBUG o.s.data.convert.CustomConversions - Adding converter from class java.lang.String to class java.time.Period as reading converter
2026-08-11 18:05:50 DEBUG o.s.data.convert.CustomConversions - Adding converter from class java.lang.String to class java.time.LocalDate as reading converter
2026-08-11 18:05:50 DEBUG o.s.data.convert.CustomConversions - Adding converter from class java.lang.String to class java.time.LocalDateTime as reading converter
2026-08-11 18:05:50 DEBUG o.s.data.convert.CustomConversions - Adding converter from class java.lang.String to class java.time.Instant as reading converter
2026-08-11 18:05:50 DEBUG o.s.data.convert.CustomConversions - Adding converter from class java.lang.String to class [B as writing converter
2026-08-11 18:05:50 DEBUG o.s.data.convert.CustomConversions - Adding converter from class [B to class java.lang.String as reading converter
2026-08-11 18:05:50 DEBUG o.s.data.convert.CustomConversions - Adding converter from class java.lang.Number to class [B as writing converter
2026-08-11 18:05:50 DEBUG o.s.data.convert.CustomConversions - Adding converter from class [B to class java.lang.Number as reading converter
2026-08-11 18:05:50 DEBUG o.s.data.convert.CustomConversions - Adding converter from class java.lang.Enum to class [B as writing converter
2026-08-11 18:05:50 DEBUG o.s.data.convert.CustomConversions - Adding converter from class [B to class java.lang.Enum as reading converter
2026-08-11 18:05:50 DEBUG o.s.data.convert.CustomConversions - Adding converter from class java.lang.Boolean to class [B as writing converter
2026-08-11 18:05:50 DEBUG o.s.data.convert.CustomConversions - Adding converter from class [B to class java.lang.Boolean as reading converter
2026-08-11 18:05:50 DEBUG o.s.data.convert.CustomConversions - Adding converter from class java.util.Date to class [B as writing converter
2026-08-11 18:05:50 DEBUG o.s.data.convert.CustomConversions - Adding converter from class [B to class java.util.Date as reading converter
2026-08-11 18:05:50 DEBUG o.s.data.convert.CustomConversions - Adding converter from class java.util.UUID to class [B as writing converter
2026-08-11 18:05:50 DEBUG o.s.data.convert.CustomConversions - Adding converter from class [B to class java.util.UUID as reading converter
2026-08-11 18:05:50 DEBUG o.s.data.convert.CustomConversions - Adding converter from class java.time.LocalDateTime to class [B as reading converter
2026-08-11 18:05:50 DEBUG o.s.data.convert.CustomConversions - Adding converter from class [B to class java.time.LocalDateTime as reading converter
2026-08-11 18:05:50 DEBUG o.s.data.convert.CustomConversions - Adding converter from class java.time.LocalDate to class [B as reading converter
2026-08-11 18:05:50 DEBUG o.s.data.convert.CustomConversions - Adding converter from class [B to class java.time.LocalDate as reading converter
2026-08-11 18:05:50 DEBUG o.s.data.convert.CustomConversions - Adding converter from class java.time.LocalTime to class [B as reading converter
2026-08-11 18:05:50 DEBUG o.s.data.convert.CustomConversions - Adding converter from class [B to class java.time.LocalTime as reading converter
2026-08-11 18:05:50 DEBUG o.s.data.convert.CustomConversions - Adding converter from class java.time.ZonedDateTime to class [B as reading converter
2026-08-11 18:05:50 DEBUG o.s.data.convert.CustomConversions - Adding converter from class [B to class java.time.ZonedDateTime as reading converter
2026-08-11 18:05:50 DEBUG o.s.data.convert.CustomConversions - Adding converter from class java.time.Instant to class [B as reading converter
2026-08-11 18:05:50 DEBUG o.s.data.convert.CustomConversions - Adding converter from class [B to class java.time.Instant as reading converter
2026-08-11 18:05:50 DEBUG o.s.data.convert.CustomConversions - Adding converter from class java.time.ZoneId to class [B as reading converter
2026-08-11 18:05:50 DEBUG o.s.data.convert.CustomConversions - Adding converter from class [B to class java.time.ZoneId as reading converter
2026-08-11 18:05:50 DEBUG o.s.data.convert.CustomConversions - Adding converter from class java.time.Period to class [B as reading converter
2026-08-11 18:05:50 DEBUG o.s.data.convert.CustomConversions - Adding converter from class [B to class java.time.Period as reading converter
2026-08-11 18:05:50 DEBUG o.s.data.convert.CustomConversions - Adding converter from class java.time.Duration to class [B as reading converter
2026-08-11 18:05:50 DEBUG o.s.data.convert.CustomConversions - Adding converter from class [B to class java.time.Duration as reading converter
2026-08-11 18:05:50 DEBUG o.s.data.convert.CustomConversions - Adding converter from class java.time.OffsetDateTime to class [B as reading converter
2026-08-11 18:05:50 DEBUG o.s.data.convert.CustomConversions - Adding converter from class [B to class java.time.OffsetDateTime as reading converter
2026-08-11 18:05:50 DEBUG o.s.data.convert.CustomConversions - Adding converter from class java.time.OffsetTime to class [B as reading converter
2026-08-11 18:05:50 DEBUG o.s.data.convert.CustomConversions - Adding converter from class [B to class java.time.OffsetTime as reading converter
2026-08-11 18:05:50 DEBUG o.s.data.convert.CustomConversions - Adding converter from class java.util.Date to class java.time.LocalDateTime as reading converter
2026-08-11 18:05:50 DEBUG o.s.data.convert.CustomConversions - Adding converter from class java.time.LocalDateTime to class java.util.Date as writing converter
2026-08-11 18:05:50 DEBUG o.s.data.convert.CustomConversions - Adding converter from class java.util.Date to class java.time.LocalDate as reading converter
2026-08-11 18:05:50 DEBUG o.s.data.convert.CustomConversions - Adding converter from class java.time.LocalDate to class java.util.Date as writing converter
2026-08-11 18:05:50 DEBUG o.s.data.convert.CustomConversions - Adding converter from class java.util.Date to class java.time.LocalTime as reading converter
2026-08-11 18:05:50 DEBUG o.s.data.convert.CustomConversions - Adding converter from class java.time.LocalTime to class java.util.Date as writing converter
2026-08-11 18:05:50 DEBUG o.s.data.convert.CustomConversions - Adding converter from class java.util.Date to class java.time.Instant as reading converter
2026-08-11 18:05:50 DEBUG o.s.data.convert.CustomConversions - Adding converter from class java.time.Instant to class java.util.Date as writing converter
2026-08-11 18:05:50 DEBUG o.s.data.convert.CustomConversions - Adding converter from class java.time.LocalDateTime to class java.time.Instant as reading converter
2026-08-11 18:05:50 DEBUG o.s.data.convert.CustomConversions - Adding converter from class java.time.Instant to class java.time.LocalDateTime as reading converter
2026-08-11 18:05:50 DEBUG o.s.data.convert.CustomConversions - Adding converter from class java.time.ZoneId to class java.lang.String as writing converter
2026-08-11 18:05:50 DEBUG o.s.data.convert.CustomConversions - Adding converter from class java.lang.String to class java.time.ZoneId as reading converter
2026-08-11 18:05:50 DEBUG o.s.data.convert.CustomConversions - Adding converter from class java.time.Duration to class java.lang.String as writing converter
2026-08-11 18:05:50 DEBUG o.s.data.convert.CustomConversions - Adding converter from class java.lang.String to class java.time.Duration as reading converter
2026-08-11 18:05:50 DEBUG o.s.data.convert.CustomConversions - Adding converter from class java.time.Period to class java.lang.String as writing converter
2026-08-11 18:05:50 DEBUG o.s.data.convert.CustomConversions - Adding converter from class java.lang.String to class java.time.Period as reading converter
2026-08-11 18:05:50 DEBUG o.s.data.convert.CustomConversions - Adding converter from class java.lang.String to class java.time.LocalDate as reading converter
2026-08-11 18:05:50 DEBUG o.s.data.convert.CustomConversions - Adding converter from class java.lang.String to class java.time.LocalDateTime as reading converter
2026-08-11 18:05:50 DEBUG o.s.data.convert.CustomConversions - Adding converter from class java.lang.String to class java.time.Instant as reading converter
2026-08-11 18:05:50 DEBUG o.s.b.f.s.DefaultListableBeanFactory - Creating shared instance of singleton bean 'redisKeyValueAdapter'
2026-08-11 18:05:50 DEBUG o.s.b.f.s.DefaultListableBeanFactory - Creating shared instance of singleton bean 'redisKeyValueTemplate'
2026-08-11 18:05:50 DEBUG o.s.b.f.s.DefaultListableBeanFactory - Creating shared instance of singleton bean 'data-redis.repository-aot-processor#0'
2026-08-11 18:05:50 DEBUG o.s.b.f.s.DefaultListableBeanFactory - Creating shared instance of singleton bean 'org.springframework.boot.data.redis.autoconfigure.health.DataRedisHealthContributorAutoConfiguration'
2026-08-11 18:05:50 DEBUG o.s.b.f.s.DefaultListableBeanFactory - Creating shared instance of singleton bean 'org.springframework.boot.health.autoconfigure.application.AvailabilityHealthContributorAutoConfiguration'
2026-08-11 18:05:50 DEBUG o.s.b.f.s.DefaultListableBeanFactory - Creating shared instance of singleton bean 'healthEndpointGroupMembershipValidator'
2026-08-11 18:05:50 DEBUG o.s.b.f.s.DefaultListableBeanFactory - Autowiring by type from bean name 'healthEndpointGroupMembershipValidator' via factory method to bean named 'management.endpoint.health-org.springframework.boot.health.autoconfigure.actuate.endpoint.HealthEndpointProperties'
2026-08-11 18:05:50 DEBUG o.s.b.f.s.DefaultListableBeanFactory - Autowiring by type from bean name 'healthEndpointGroupMembershipValidator' via factory method to bean named 'healthContributorRegistry'
2026-08-11 18:05:50 DEBUG o.s.b.f.s.DefaultListableBeanFactory - Creating shared instance of singleton bean 'org.springframework.boot.health.autoconfigure.actuate.endpoint.HealthEndpointAutoConfiguration'
2026-08-11 18:05:50 DEBUG o.s.b.f.s.DefaultListableBeanFactory - Creating shared instance of singleton bean 'org.springframework.boot.http.converter.autoconfigure.JacksonHttpMessageConvertersConfiguration'
2026-08-11 18:05:50 DEBUG o.s.b.f.s.DefaultListableBeanFactory - Creating shared instance of singleton bean 'org.springframework.boot.http.converter.autoconfigure.Jackson2HttpMessageConvertersConfiguration'
2026-08-11 18:05:50 DEBUG o.s.b.f.s.DefaultListableBeanFactory - Creating shared instance of singleton bean 'clientConvertersCustomizer'
2026-08-11 18:05:50 DEBUG o.s.b.f.s.DefaultListableBeanFactory - Creating shared instance of singleton bean 'org.springframework.boot.kafka.autoconfigure.metrics.KafkaMetricsAutoConfiguration$KafkaStreamsMetricsConfiguration'
2026-08-11 18:05:50 DEBUG o.s.b.f.s.DefaultListableBeanFactory - Creating shared instance of singleton bean 'kafkaStreamsMetrics'
2026-08-11 18:05:50 DEBUG o.s.b.f.s.DefaultListableBeanFactory - Autowiring by type from bean name 'kafkaStreamsMetrics' via factory method to bean named 'simpleMeterRegistry'
2026-08-11 18:05:50 DEBUG o.s.b.f.s.DefaultListableBeanFactory - Creating shared instance of singleton bean 'kafkaConsumerMetrics'
2026-08-11 18:05:50 DEBUG o.s.b.f.s.DefaultListableBeanFactory - Autowiring by type from bean name 'kafkaConsumerMetrics' via factory method to bean named 'simpleMeterRegistry'
2026-08-11 18:05:50 DEBUG o.s.b.f.s.DefaultListableBeanFactory - Creating shared instance of singleton bean 'org.springframework.boot.kafka.autoconfigure.KafkaAnnotationDrivenConfiguration$EnableKafkaConfiguration'
2026-08-11 18:05:50 DEBUG o.s.b.f.s.DefaultListableBeanFactory - Creating shared instance of singleton bean 'org.springframework.kafka.config.internalKafkaListenerEndpointRegistry'
2026-08-11 18:05:50 DEBUG o.s.b.f.s.DefaultListableBeanFactory - Creating shared instance of singleton bean 'org.springframework.boot.kafka.autoconfigure.KafkaAnnotationDrivenConfiguration'
2026-08-11 18:05:50 DEBUG o.s.b.f.s.DefaultListableBeanFactory - Autowiring by type from bean name 'org.springframework.boot.kafka.autoconfigure.KafkaAnnotationDrivenConfiguration' via constructor to bean named 'spring.kafka-org.springframework.boot.kafka.autoconfigure.KafkaProperties'
2026-08-11 18:05:50 DEBUG o.s.b.f.s.DefaultListableBeanFactory - Creating shared instance of singleton bean 'kafkaListenerContainerFactoryConfigurer'
2026-08-11 18:05:50 DEBUG o.s.b.f.s.DefaultListableBeanFactory - Creating shared instance of singleton bean 'kafkaListenerContainerFactory'
2026-08-11 18:05:50 DEBUG o.s.b.f.s.DefaultListableBeanFactory - Autowiring by type from bean name 'kafkaListenerContainerFactory' via factory method to bean named 'kafkaListenerContainerFactoryConfigurer'
2026-08-11 18:05:50 DEBUG o.s.b.f.s.DefaultListableBeanFactory - Creating shared instance of singleton bean 'kafkaConsumerFactory'
2026-08-11 18:05:50 DEBUG o.s.b.f.s.DefaultListableBeanFactory - Autowiring by type from bean name 'kafkaConsumerFactory' via factory method to bean named 'kafkaConnectionDetails'
2026-08-11 18:05:50 DEBUG o.s.b.f.s.DefaultListableBeanFactory - Creating shared instance of singleton bean 'kafkaAdmin'
2026-08-11 18:05:50 DEBUG o.s.b.f.s.DefaultListableBeanFactory - Autowiring by type from bean name 'kafkaAdmin' via factory method to bean named 'kafkaConnectionDetails'
2026-08-11 18:05:50 DEBUG o.s.b.f.s.DefaultListableBeanFactory - Creating shared instance of singleton bean 'org.springframework.boot.micrometer.metrics.autoconfigure.jvm.JvmMetricsAutoConfiguration'
2026-08-11 18:05:50 DEBUG o.s.b.f.s.DefaultListableBeanFactory - Creating shared instance of singleton bean 'jvmGcMetrics'
2026-08-11 18:05:50 DEBUG o.s.b.f.s.DefaultListableBeanFactory - Creating shared instance of singleton bean 'jvmHeapPressureMetrics'
2026-08-11 18:05:50 DEBUG o.s.b.f.s.DefaultListableBeanFactory - Creating shared instance of singleton bean 'jvmMemoryMetrics'
2026-08-11 18:05:50 DEBUG o.s.b.f.s.DefaultListableBeanFactory - Creating shared instance of singleton bean 'jvmThreadMetrics'
2026-08-11 18:05:50 DEBUG o.s.b.f.s.DefaultListableBeanFactory - Creating shared instance of singleton bean 'classLoaderMetrics'
2026-08-11 18:05:50 DEBUG o.s.b.f.s.DefaultListableBeanFactory - Creating shared instance of singleton bean 'jvmInfoMetrics'
2026-08-11 18:05:50 DEBUG o.s.b.f.s.DefaultListableBeanFactory - Creating shared instance of singleton bean 'jvmCompilationMetrics'
2026-08-11 18:05:50 DEBUG o.s.b.f.s.DefaultListableBeanFactory - Creating shared instance of singleton bean 'org.springframework.boot.micrometer.metrics.autoconfigure.logging.logback.LogbackMetricsAutoConfiguration'
2026-08-11 18:05:50 DEBUG o.s.b.f.s.DefaultListableBeanFactory - Creating shared instance of singleton bean 'logbackMetrics'
2026-08-11 18:05:50 DEBUG o.s.b.f.s.DefaultListableBeanFactory - Creating shared instance of singleton bean 'org.springframework.boot.micrometer.metrics.autoconfigure.ssl.SslMetricsAutoConfiguration'
2026-08-11 18:05:50 DEBUG o.s.b.f.s.DefaultListableBeanFactory - Creating shared instance of singleton bean 'sslMeterBinder'
2026-08-11 18:05:50 DEBUG o.s.b.f.s.DefaultListableBeanFactory - Autowiring by type from bean name 'sslMeterBinder' via factory method to bean named 'sslBundleRegistry'
2026-08-11 18:05:50 DEBUG o.s.b.f.s.DefaultListableBeanFactory - Creating shared instance of singleton bean 'org.springframework.boot.micrometer.metrics.autoconfigure.system.SystemMetricsAutoConfiguration'
2026-08-11 18:05:50 DEBUG o.s.b.f.s.DefaultListableBeanFactory - Creating shared instance of singleton bean 'uptimeMetrics'
2026-08-11 18:05:50 DEBUG o.s.b.f.s.DefaultListableBeanFactory - Creating shared instance of singleton bean 'processorMetrics'
2026-08-11 18:05:50 DEBUG o.s.b.f.s.DefaultListableBeanFactory - Creating shared instance of singleton bean 'fileDescriptorMetrics'
2026-08-11 18:05:50 DEBUG o.s.b.f.s.DefaultListableBeanFactory - Creating shared instance of singleton bean 'diskSpaceMetrics'
2026-08-11 18:05:50 DEBUG o.s.b.f.s.DefaultListableBeanFactory - Autowiring by type from bean name 'diskSpaceMetrics' via factory method to bean named 'management.metrics-org.springframework.boot.micrometer.metrics.autoconfigure.MetricsProperties'
2026-08-11 18:05:50 DEBUG o.s.b.f.s.DefaultListableBeanFactory - Creating shared instance of singleton bean 'org.springframework.boot.micrometer.metrics.autoconfigure.task.TaskExecutorMetricsAutoConfiguration'
2026-08-11 18:05:50 DEBUG o.s.b.f.s.DefaultListableBeanFactory - Creating shared instance of singleton bean 'eagerTaskExecutorMetrics'
2026-08-11 18:05:50 DEBUG o.s.b.f.s.DefaultListableBeanFactory - Creating shared instance of singleton bean 'org.springframework.boot.micrometer.observation.autoconfigure.ScheduledTasksObservationAutoConfiguration'
2026-08-11 18:05:50 DEBUG o.s.b.f.s.DefaultListableBeanFactory - Creating shared instance of singleton bean 'observabilitySchedulingConfigurer'
2026-08-11 18:05:50 DEBUG o.s.b.f.s.DefaultListableBeanFactory - Autowiring by type from bean name 'observabilitySchedulingConfigurer' via factory method to bean named 'observationRegistry'
2026-08-11 18:05:50 DEBUG o.s.b.f.s.DefaultListableBeanFactory - Creating shared instance of singleton bean 'org.springframework.boot.netty.autoconfigure.NettyAutoConfiguration'
2026-08-11 18:05:50 DEBUG o.s.b.f.s.DefaultListableBeanFactory - Creating shared instance of singleton bean 'spring.netty-org.springframework.boot.netty.autoconfigure.NettyProperties'
2026-08-11 18:05:50 DEBUG o.s.b.f.s.DefaultListableBeanFactory - Autowiring by type from bean name 'org.springframework.boot.netty.autoconfigure.NettyAutoConfiguration' via constructor to bean named 'spring.netty-org.springframework.boot.netty.autoconfigure.NettyProperties'
2026-08-11 18:05:50 DEBUG o.s.b.f.s.DefaultListableBeanFactory - Creating shared instance of singleton bean 'nettyAutoConfigurationLazyInitializationExcludeFilter'
2026-08-11 18:05:50 DEBUG o.s.b.f.s.DefaultListableBeanFactory - Creating shared instance of singleton bean 'org.springframework.boot.persistence.autoconfigure.PersistenceExceptionTranslationAutoConfiguration'
2026-08-11 18:05:50 DEBUG o.s.b.f.s.DefaultListableBeanFactory - Creating shared instance of singleton bean 'multipartResolver'
2026-08-11 18:05:50 DEBUG o.s.b.f.s.DefaultListableBeanFactory - Creating shared instance of singleton bean 'org.springframework.boot.servlet.autoconfigure.actuate.web.ServletManagementContextAutoConfiguration'
2026-08-11 18:05:50 DEBUG o.s.b.f.s.DefaultListableBeanFactory - Creating shared instance of singleton bean 'managementServletContext'
2026-08-11 18:05:50 DEBUG o.s.b.f.s.DefaultListableBeanFactory - Autowiring by type from bean name 'managementServletContext' via factory method to bean named 'management.endpoints.web-org.springframework.boot.actuate.autoconfigure.endpoint.web.WebEndpointProperties'
2026-08-11 18:05:50 DEBUG o.s.b.f.s.DefaultListableBeanFactory - Creating shared instance of singleton bean 'org.springframework.boot.tomcat.autoconfigure.metrics.TomcatMetricsAutoConfiguration'
2026-08-11 18:05:50 DEBUG o.s.b.f.s.DefaultListableBeanFactory - Creating shared instance of singleton bean 'tomcatMetricsBinder'
2026-08-11 18:05:50 DEBUG o.s.b.f.s.DefaultListableBeanFactory - Autowiring by type from bean name 'tomcatMetricsBinder' via factory method to bean named 'simpleMeterRegistry'
2026-08-11 18:05:50 DEBUG o.s.b.f.s.DefaultListableBeanFactory - Creating shared instance of singleton bean 'org.springframework.boot.transaction.autoconfigure.TransactionManagerCustomizationAutoConfiguration'
2026-08-11 18:05:50 DEBUG o.s.b.f.s.DefaultListableBeanFactory - Creating shared instance of singleton bean 'platformTransactionManagerCustomizers'
2026-08-11 18:05:50 DEBUG o.s.b.f.s.DefaultListableBeanFactory - Creating shared instance of singleton bean 'transactionExecutionListeners'
2026-08-11 18:05:50 DEBUG o.s.b.f.s.DefaultListableBeanFactory - Creating shared instance of singleton bean 'spring.transaction-org.springframework.boot.transaction.autoconfigure.TransactionProperties'
2026-08-11 18:05:50 DEBUG o.s.b.f.s.DefaultListableBeanFactory - Creating shared instance of singleton bean 'org.springframework.boot.transaction.autoconfigure.TransactionAutoConfiguration'
2026-08-11 18:05:50 DEBUG o.s.b.f.s.DefaultListableBeanFactory - Creating shared instance of singleton bean 'org.springframework.boot.webmvc.autoconfigure.actuate.endpoint.web.WebMvcHealthEndpointExtensionAutoConfiguration'
2026-08-11 18:05:50 DEBUG o.s.b.f.s.DefaultListableBeanFactory - Creating shared instance of singleton bean 'healthEndpointWebMvcHandlerMapping'
2026-08-11 18:05:50 DEBUG o.s.b.f.s.DefaultListableBeanFactory - Autowiring by type from bean name 'healthEndpointWebMvcHandlerMapping' via factory method to bean named 'webEndpointDiscoverer'
2026-08-11 18:05:50 DEBUG o.s.b.f.s.DefaultListableBeanFactory - Autowiring by type from bean name 'healthEndpointWebMvcHandlerMapping' via factory method to bean named 'healthEndpointGroups'
2026-08-11 18:05:50 DEBUG o.s.b.f.s.DefaultListableBeanFactory - Creating shared instance of singleton bean 'org.springframework.boot.webmvc.autoconfigure.actuate.web.WebMvcEndpointManagementContextConfiguration$HealthConfiguration'
2026-08-11 18:05:50 DEBUG o.s.b.f.s.DefaultListableBeanFactory - Creating shared instance of singleton bean 'webEndpointServletHandlerMapping'
2026-08-11 18:05:50 DEBUG o.s.b.f.s.DefaultListableBeanFactory - Creating shared instance of singleton bean 'management.endpoints.web.cors-org.springframework.boot.actuate.autoconfigure.endpoint.web.CorsEndpointProperties'
2026-08-11 18:05:50 DEBUG o.s.b.f.s.DefaultListableBeanFactory - Autowiring by type from bean name 'webEndpointServletHandlerMapping' via factory method to bean named 'webEndpointDiscoverer'
2026-08-11 18:05:50 DEBUG o.s.b.f.s.DefaultListableBeanFactory - Autowiring by type from bean name 'webEndpointServletHandlerMapping' via factory method to bean named 'servletEndpointDiscoverer'
2026-08-11 18:05:50 DEBUG o.s.b.f.s.DefaultListableBeanFactory - Autowiring by type from bean name 'webEndpointServletHandlerMapping' via factory method to bean named 'controllerEndpointDiscoverer'
2026-08-11 18:05:50 DEBUG o.s.b.f.s.DefaultListableBeanFactory - Autowiring by type from bean name 'webEndpointServletHandlerMapping' via factory method to bean named 'endpointMediaTypes'
2026-08-11 18:05:50 DEBUG o.s.b.f.s.DefaultListableBeanFactory - Autowiring by type from bean name 'webEndpointServletHandlerMapping' via factory method to bean named 'management.endpoints.web.cors-org.springframework.boot.actuate.autoconfigure.endpoint.web.CorsEndpointProperties'
2026-08-11 18:05:50 DEBUG o.s.b.f.s.DefaultListableBeanFactory - Autowiring by type from bean name 'webEndpointServletHandlerMapping' via factory method to bean named 'management.endpoints.web-org.springframework.boot.actuate.autoconfigure.endpoint.web.WebEndpointProperties'
2026-08-11 18:05:50 DEBUG o.s.b.f.s.DefaultListableBeanFactory - Autowiring by type from bean name 'webEndpointServletHandlerMapping' via factory method to bean named 'environment'
2026-08-11 18:05:50 DEBUG o.s.b.f.s.DefaultListableBeanFactory - Creating shared instance of singleton bean 'controllerEndpointHandlerMapping'
2026-08-11 18:05:50 DEBUG o.s.b.f.s.DefaultListableBeanFactory - Autowiring by type from bean name 'controllerEndpointHandlerMapping' via factory method to bean named 'controllerEndpointDiscoverer'
2026-08-11 18:05:50 DEBUG o.s.b.f.s.DefaultListableBeanFactory - Autowiring by type from bean name 'controllerEndpointHandlerMapping' via factory method to bean named 'management.endpoints.web.cors-org.springframework.boot.actuate.autoconfigure.endpoint.web.CorsEndpointProperties'
2026-08-11 18:05:50 DEBUG o.s.b.f.s.DefaultListableBeanFactory - Autowiring by type from bean name 'controllerEndpointHandlerMapping' via factory method to bean named 'management.endpoints.web-org.springframework.boot.actuate.autoconfigure.endpoint.web.WebEndpointProperties'
2026-08-11 18:05:50 DEBUG o.s.b.f.s.DefaultListableBeanFactory - Autowiring by type from bean name 'controllerEndpointHandlerMapping' via factory method to bean named 'propertiesEndpointAccessResolver'
2026-08-11 18:05:50 DEBUG o.s.b.f.s.DefaultListableBeanFactory - Creating shared instance of singleton bean 'org.springframework.boot.actuate.autoconfigure.web.server.ManagementContextAutoConfiguration$SameManagementContextConfiguration$EnableSameManagementContextConfiguration'
2026-08-11 18:05:50 DEBUG o.s.b.f.s.DefaultListableBeanFactory - Creating shared instance of singleton bean 'org.springframework.boot.actuate.autoconfigure.web.server.ManagementContextAutoConfiguration$SameManagementContextConfiguration'
2026-08-11 18:05:50 DEBUG o.s.b.f.s.DefaultListableBeanFactory - Autowiring by type from bean name 'org.springframework.boot.actuate.autoconfigure.web.server.ManagementContextAutoConfiguration$SameManagementContextConfiguration' via constructor to bean named 'environment'
2026-08-11 18:05:50 DEBUG o.s.b.f.s.DefaultListableBeanFactory - Creating shared instance of singleton bean 'org.springframework.boot.actuate.autoconfigure.web.server.ManagementContextAutoConfiguration'
2026-08-11 18:05:50 DEBUG o.s.j.e.a.AnnotationMBeanExporter - Registering beans for JMX exposure on startup
2026-08-11 18:05:50 DEBUG o.s.j.e.a.AnnotationMBeanExporter - Auto-detecting user-defined JMX MBeans
2026-08-11 18:05:50 DEBUG o.s.c.s.DefaultLifecycleProcessor - Starting beans in phase -2147483648
2026-08-11 18:05:50 DEBUG o.s.c.s.DefaultLifecycleProcessor - Successfully started bean 'kafkaProducerFactory'
2026-08-11 18:05:50 DEBUG o.s.c.s.DefaultLifecycleProcessor - Starting beans in phase -2147483647
2026-08-11 18:05:50 DEBUG o.s.c.s.DefaultLifecycleProcessor - Successfully started bean 'springBootLoggingLifecycle'
2026-08-11 18:05:50 DEBUG o.s.c.s.DefaultLifecycleProcessor - Starting beans in phase 0
2026-08-11 18:05:50 DEBUG o.s.c.s.DefaultLifecycleProcessor - Starting beans in phase 1073741823
2026-08-11 18:05:50 DEBUG o.s.c.s.DefaultLifecycleProcessor - Starting beans in phase 2147481599
2026-08-11 18:05:50 DEBUG o.s.c.s.DefaultLifecycleProcessor - Successfully started bean 'webServerStartStop'
2026-08-11 18:05:50 DEBUG o.s.c.s.DefaultLifecycleProcessor - Starting beans in phase 2147482623
2026-08-11 18:05:50 DEBUG o.s.c.s.DefaultLifecycleProcessor - Successfully started bean 'webServerGracefulShutdown'
2026-08-11 18:05:50 DEBUG o.s.c.s.DefaultLifecycleProcessor - Starting beans in phase 2147483547
2026-08-11 18:05:50 DEBUG o.s.c.s.DefaultLifecycleProcessor - Successfully started bean 'org.springframework.kafka.config.internalKafkaListenerEndpointRegistry'
2026-08-11 18:05:50 DEBUG o.s.c.s.DefaultLifecycleProcessor - Starting beans in phase 2147483647
2026-08-11 18:05:50 DEBUG o.s.c.s.DefaultLifecycleProcessor - Successfully started bean 'org.springframework.data.redis.config.internalRedisListenerEndpointRegistry'
2026-08-11 18:05:50 DEBUG o.s.d.r.l.RedisMessageListenerContainer - Starting RedisMessageListenerContainer...
2026-08-11 18:05:50 DEBUG o.s.d.r.l.RedisMessageListenerContainer - Postpone listening for Redis messages until actual listeners are added
2026-08-11 18:05:50 DEBUG o.s.c.s.DefaultLifecycleProcessor - Successfully started bean 'redisMessageListenerContainer'
2026-08-11 18:05:50 DEBUG o.s.d.r.l.RedisMessageListenerContainer - Starting RedisMessageListenerContainer...
2026-08-11 18:05:50 DEBUG o.s.d.r.l.RedisMessageListenerContainer - Postpone listening for Redis messages until actual listeners are added
2026-08-11 18:05:50 DEBUG o.s.c.s.DefaultLifecycleProcessor - Successfully started bean 'redisKeyValueAdapter'
2026-08-11 18:05:50 DEBUG o.s.b.a.l.ConditionEvaluationReportLogger - 


============================
CONDITIONS EVALUATION REPORT
============================


Positive matches:
-----------------

   AopAutoConfiguration matched:
      - @ConditionalOnBooleanProperty (spring.aop.auto=true) matched (OnPropertyCondition)

   AopAutoConfiguration.ClassProxyingConfiguration matched:
      - @ConditionalOnMissingClass did not find unwanted class 'org.aspectj.weaver.Advice' (OnClassCondition)
      - @ConditionalOnBooleanProperty (spring.aop.proxy-target-class=true) matched (OnPropertyCondition)

   ApplicationAvailabilityAutoConfiguration#applicationAvailability matched:
      - @ConditionalOnMissingBean (types: org.springframework.boot.availability.ApplicationAvailability; SearchStrategy: all) did not find any beans (OnBeanCondition)

   AuditEventsEndpointAutoConfiguration matched:
      - @ConditionalOnAvailableEndpoint marked as exposed by a 'management.endpoints.jmx.exposure' property (OnAvailableEndpointCondition)

   AvailabilityHealthContributorAutoConfiguration matched:
      - @ConditionalOnClass found required class 'org.springframework.boot.health.contributor.Health' (OnClassCondition)

   AvailabilityProbesAutoConfiguration matched:
      - @ConditionalOnClass found required class 'org.springframework.boot.actuate.endpoint.annotation.Endpoint' (OnClassCondition)
      - @ConditionalOnBooleanProperty (management.endpoint.health.probes.enabled=true) matched (OnPropertyCondition)

   AvailabilityProbesAutoConfiguration#livenessStateHealthIndicator matched:
      - @ConditionalOnMissingBean (names: livenessStateHealthIndicator; SearchStrategy: all) did not find any beans (OnBeanCondition)

   AvailabilityProbesAutoConfiguration#readinessStateHealthIndicator matched:
      - @ConditionalOnMissingBean (names: readinessStateHealthIndicator; SearchStrategy: all) did not find any beans (OnBeanCondition)

   BeansEndpointAutoConfiguration matched:
      - @ConditionalOnAvailableEndpoint marked as exposed by a 'management.endpoints.jmx.exposure' property (OnAvailableEndpointCondition)

   BeansEndpointAutoConfiguration#beansEndpoint matched:
      - @ConditionalOnMissingBean (types: org.springframework.boot.actuate.beans.BeansEndpoint; SearchStrategy: all) did not find any beans (OnBeanCondition)

   CompositeMeterRegistryAutoConfiguration matched:
      - @ConditionalOnClass found required class 'io.micrometer.core.instrument.composite.CompositeMeterRegistry' (OnClassCondition)

   ConditionsReportEndpointAutoConfiguration matched:
      - @ConditionalOnAvailableEndpoint marked as exposed by a 'management.endpoints.jmx.exposure' property (OnAvailableEndpointCondition)

   ConditionsReportEndpointAutoConfiguration#conditionsReportEndpoint matched:
      - @ConditionalOnMissingBean (types: org.springframework.boot.actuate.autoconfigure.condition.ConditionsReportEndpoint; SearchStrategy: current) did not find any beans (OnBeanCondition)

   ConfigurationPropertiesReportEndpointAutoConfiguration matched:
      - @ConditionalOnAvailableEndpoint marked as exposed by a 'management.endpoints.jmx.exposure' property (OnAvailableEndpointCondition)

   ConfigurationPropertiesReportEndpointAutoConfiguration#configurationPropertiesReportEndpoint matched:
      - @ConditionalOnMissingBean (types: org.springframework.boot.actuate.context.properties.ConfigurationPropertiesReportEndpoint; SearchStrategy: all) did not find any beans (OnBeanCondition)

   DataMongoAutoConfiguration matched:
      - @ConditionalOnClass found required classes 'com.mongodb.client.MongoClient', 'org.springframework.data.mongodb.core.MongoTemplate' (OnClassCondition)

   DataMongoConfiguration#mappingMongoConverter matched:
      - @ConditionalOnMissingBean (types: org.springframework.data.mongodb.core.convert.MongoConverter; SearchStrategy: all) did not find any beans (OnBeanCondition)

   DataMongoConfiguration#mongoCustomConversions matched:
      - @ConditionalOnMissingBean (types: org.springframework.data.mongodb.core.convert.MongoCustomConversions; SearchStrategy: all) did not find any beans (OnBeanCondition)

   DataMongoConfiguration#mongoManagedTypes matched:
      - @ConditionalOnMissingBean (types: org.springframework.data.mongodb.MongoManagedTypes; SearchStrategy: all) did not find any beans (OnBeanCondition)

   DataMongoConfiguration#mongoMappingContext matched:
      - @ConditionalOnMissingBean (types: org.springframework.data.mongodb.core.mapping.MongoMappingContext; SearchStrategy: all) did not find any beans (OnBeanCondition)

   DataMongoRepositoriesAutoConfiguration matched:
      - @ConditionalOnClass found required classes 'com.mongodb.client.MongoClient', 'org.springframework.data.mongodb.repository.MongoRepository' (OnClassCondition)
      - @ConditionalOnRepositoryType configured type of 'AUTO' matched required type (OnRepositoryTypeCondition)
      - @ConditionalOnMissingBean (types: org.springframework.data.mongodb.repository.support.MongoRepositoryFactoryBean,org.springframework.data.mongodb.repository.config.MongoRepositoryConfigurationExtension; SearchStrategy: all) did not find any beans (OnBeanCondition)

   DataRedisAnnotationDrivenConfiguration matched:
      - @ConditionalOnClass found required classes 'org.springframework.data.redis.annotation.EnableRedisListeners', 'org.springframework.messaging.Message' (OnClassCondition)

   DataRedisAnnotationDrivenConfiguration#redisMessageListenerContainer matched:
      - @ConditionalOnSingleCandidate (types: org.springframework.data.redis.connection.RedisConnectionFactory; SearchStrategy: all) found a single bean 'redisConnectionFactory'; @ConditionalOnMissingBean (names: redisMessageListenerContainer; SearchStrategy: all) did not find any beans (OnBeanCondition)

   DataRedisAnnotationDrivenConfiguration#redisMessageListenerContainerConfigurer matched:
      - @ConditionalOnMissingBean (types: org.springframework.boot.data.redis.autoconfigure.RedisMessageListenerContainerConfigurer; SearchStrategy: all) did not find any beans (OnBeanCondition)

   DataRedisAnnotationDrivenConfiguration.EnableRedisListenersConfiguration matched:
      - @ConditionalOnMissingBean (names: org.springframework.data.redis.config.internalRedisListenerAnnotationProcessor; SearchStrategy: all) did not find any beans (OnBeanCondition)

   DataRedisAutoConfiguration matched:
      - @ConditionalOnClass found required class 'org.springframework.data.redis.core.RedisOperations' (OnClassCondition)

   DataRedisAutoConfiguration#redisConnectionDetails matched:
      - @ConditionalOnMissingBean (types: org.springframework.boot.data.redis.autoconfigure.DataRedisConnectionDetails; SearchStrategy: all) did not find any beans (OnBeanCondition)

   DataRedisAutoConfiguration#redisTemplate matched:
      - @ConditionalOnSingleCandidate (types: org.springframework.data.redis.connection.RedisConnectionFactory; SearchStrategy: all) found a single bean 'redisConnectionFactory'; @ConditionalOnMissingBean (names: redisTemplate; SearchStrategy: all) did not find any beans (OnBeanCondition)

   DataRedisAutoConfiguration#stringRedisTemplate matched:
      - @ConditionalOnSingleCandidate (types: org.springframework.data.redis.connection.RedisConnectionFactory; SearchStrategy: all) found a single bean 'redisConnectionFactory'; @ConditionalOnMissingBean (types: org.springframework.data.redis.core.StringRedisTemplate; SearchStrategy: all) did not find any beans (OnBeanCondition)

   DataRedisHealthContributorAutoConfiguration matched:
      - @ConditionalOnClass found required classes 'org.springframework.data.redis.connection.RedisConnectionFactory', 'org.springframework.boot.health.contributor.HealthIndicator', 'org.springframework.boot.health.autoconfigure.contributor.ConditionalOnEnabledHealthIndicator' (OnClassCondition)
      - @ConditionalOnEnabledHealthIndicator management.health.defaults.enabled is considered true (OnEnabledHealthIndicatorCondition)
      - @ConditionalOnBean (types: org.springframework.data.redis.connection.RedisConnectionFactory; SearchStrategy: all) found bean 'redisConnectionFactory' (OnBeanCondition)

   DataRedisReactiveAutoConfiguration matched:
      - @ConditionalOnClass found required classes 'org.springframework.data.redis.connection.ReactiveRedisConnectionFactory', 'org.springframework.data.redis.core.ReactiveRedisTemplate', 'reactor.core.publisher.Flux' (OnClassCondition)

   DataRedisReactiveAutoConfiguration#reactiveRedisTemplate matched:
      - @ConditionalOnBean (types: org.springframework.data.redis.connection.ReactiveRedisConnectionFactory; SearchStrategy: all) found bean 'redisConnectionFactory'; @ConditionalOnMissingBean (names: reactiveRedisTemplate; SearchStrategy: all) did not find any beans (OnBeanCondition)

   DataRedisReactiveAutoConfiguration#reactiveStringRedisTemplate matched:
      - @ConditionalOnBean (types: org.springframework.data.redis.connection.ReactiveRedisConnectionFactory; SearchStrategy: all) found bean 'redisConnectionFactory'; @ConditionalOnMissingBean (names: reactiveStringRedisTemplate; SearchStrategy: all) did not find any beans (OnBeanCondition)

   DataRedisReactiveHealthContributorAutoConfiguration matched:
      - @ConditionalOnClass found required classes 'org.springframework.data.redis.connection.ReactiveRedisConnectionFactory', 'reactor.core.publisher.Flux', 'org.springframework.boot.health.contributor.ReactiveHealthIndicator', 'org.springframework.boot.health.autoconfigure.contributor.ConditionalOnEnabledHealthIndicator' (OnClassCondition)
      - @ConditionalOnEnabledHealthIndicator management.health.defaults.enabled is considered true (OnEnabledHealthIndicatorCondition)
      - @ConditionalOnBean (types: org.springframework.data.redis.connection.ReactiveRedisConnectionFactory; SearchStrategy: all) found bean 'redisConnectionFactory' (OnBeanCondition)

   DataRedisReactiveHealthContributorAutoConfiguration#redisHealthContributor matched:
      - @ConditionalOnMissingBean (names: redisHealthIndicator,redisHealthContributor; SearchStrategy: all) did not find any beans (OnBeanCondition)

   DataRedisRepositoriesAutoConfiguration matched:
      - @ConditionalOnClass found required class 'org.springframework.data.redis.repository.configuration.EnableRedisRepositories' (OnClassCondition)
      - @ConditionalOnBooleanProperty (spring.data.redis.repositories.enabled=true) matched (OnPropertyCondition)
      - @ConditionalOnBean (types: org.springframework.data.redis.connection.RedisConnectionFactory; SearchStrategy: all) found bean 'redisConnectionFactory'; @ConditionalOnMissingBean (types: org.springframework.data.redis.repository.support.RedisRepositoryFactoryBean; SearchStrategy: all) did not find any beans (OnBeanCondition)

   DataRepositoryMetricsAutoConfiguration matched:
      - @ConditionalOnClass found required class 'org.springframework.data.repository.Repository' (OnClassCondition)
      - @ConditionalOnBean (types: io.micrometer.core.instrument.MeterRegistry; SearchStrategy: all) found bean 'simpleMeterRegistry' (OnBeanCondition)

   DataRepositoryMetricsAutoConfiguration#metricsRepositoryMethodInvocationListener matched:
      - @ConditionalOnMissingBean (types: org.springframework.boot.data.metrics.MetricsRepositoryMethodInvocationListener; SearchStrategy: all) did not find any beans (OnBeanCondition)

   DataRepositoryMetricsAutoConfiguration#repositoryTagsProvider matched:
      - @ConditionalOnMissingBean (types: org.springframework.boot.data.metrics.RepositoryTagsProvider; SearchStrategy: all) did not find any beans (OnBeanCondition)

   DataWebAutoConfiguration matched:
      - @ConditionalOnClass found required classes 'org.springframework.data.web.PageableHandlerMethodArgumentResolver', 'org.springframework.web.servlet.config.annotation.WebMvcConfigurer' (OnClassCondition)
      - found 'session' scope (OnWebApplicationCondition)
      - @ConditionalOnMissingBean (types: org.springframework.data.web.PageableHandlerMethodArgumentResolver; SearchStrategy: all) did not find any beans (OnBeanCondition)

   DataWebAutoConfiguration#pageableCustomizer matched:
      - @ConditionalOnMissingBean (types: org.springframework.data.web.config.PageableHandlerMethodArgumentResolverCustomizer; SearchStrategy: all) did not find any beans (OnBeanCondition)

   DataWebAutoConfiguration#sortCustomizer matched:
      - @ConditionalOnMissingBean (types: org.springframework.data.web.config.SortHandlerMethodArgumentResolverCustomizer; SearchStrategy: all) did not find any beans (OnBeanCondition)

   DataWebAutoConfiguration#springDataWebSettings matched:
      - @ConditionalOnMissingBean (types: org.springframework.data.web.config.SpringDataWebSettings; SearchStrategy: all) did not find any beans (OnBeanCondition)

   DiskSpaceHealthContributorAutoConfiguration matched:
      - @ConditionalOnClass found required class 'org.springframework.boot.health.contributor.Health' (OnClassCondition)
      - @ConditionalOnEnabledHealthIndicator management.health.defaults.enabled is considered true (OnEnabledHealthIndicatorCondition)

   DiskSpaceHealthContributorAutoConfiguration#diskSpaceHealthIndicator matched:
      - @ConditionalOnMissingBean (names: diskSpaceHealthIndicator; SearchStrategy: all) did not find any beans (OnBeanCondition)

   DispatcherServletAutoConfiguration matched:
      - @ConditionalOnClass found required class 'org.springframework.web.servlet.DispatcherServlet' (OnClassCondition)
      - found 'session' scope (OnWebApplicationCondition)

   DispatcherServletAutoConfiguration.DispatcherServletConfiguration matched:
      - @ConditionalOnClass found required class 'jakarta.servlet.ServletRegistration' (OnClassCondition)
      - Default DispatcherServlet did not find dispatcher servlet beans (DispatcherServletAutoConfiguration.DefaultDispatcherServletCondition)

   DispatcherServletAutoConfiguration.DispatcherServletRegistrationConfiguration matched:
      - @ConditionalOnClass found required class 'jakarta.servlet.ServletRegistration' (OnClassCondition)
      - DispatcherServlet Registration did not find servlet registration bean (DispatcherServletAutoConfiguration.DispatcherServletRegistrationCondition)

   DispatcherServletAutoConfiguration.DispatcherServletRegistrationConfiguration#dispatcherServletRegistration matched:
      - @ConditionalOnBean (names: dispatcherServlet types: org.springframework.web.servlet.DispatcherServlet; SearchStrategy: all) found bean 'dispatcherServlet' (OnBeanCondition)

   EndpointAutoConfiguration#endpointCachingOperationInvokerAdvisor matched:
      - @ConditionalOnMissingBean (types: org.springframework.boot.actuate.endpoint.invoker.cache.CachingOperationInvokerAdvisor; SearchStrategy: all) did not find any beans (OnBeanCondition)

   EndpointAutoConfiguration#endpointOperationParameterMapper matched:
      - @ConditionalOnMissingBean (types: org.springframework.boot.actuate.endpoint.invoke.ParameterValueMapper; SearchStrategy: all) did not find any beans (OnBeanCondition)

   EndpointAutoConfiguration#propertiesEndpointAccessResolver matched:
      - @ConditionalOnMissingBean (types: org.springframework.boot.actuate.endpoint.EndpointAccessResolver; SearchStrategy: all) did not find any beans (OnBeanCondition)

   EnvironmentEndpointAutoConfiguration matched:
      - @ConditionalOnAvailableEndpoint marked as exposed by a 'management.endpoints.jmx.exposure' property (OnAvailableEndpointCondition)

   EnvironmentEndpointAutoConfiguration#environmentEndpoint matched:
      - @ConditionalOnMissingBean (types: org.springframework.boot.actuate.env.EnvironmentEndpoint; SearchStrategy: all) did not find any beans (OnBeanCondition)

   ErrorMvcAutoConfiguration matched:
      - @ConditionalOnClass found required classes 'jakarta.servlet.Servlet', 'org.springframework.web.servlet.DispatcherServlet' (OnClassCondition)
      - found 'session' scope (OnWebApplicationCondition)

   ErrorMvcAutoConfiguration#basicErrorController matched:
      - @ConditionalOnMissingBean (types: org.springframework.boot.webmvc.error.ErrorController; SearchStrategy: current) did not find any beans (OnBeanCondition)

   ErrorMvcAutoConfiguration#errorAttributes matched:
      - @ConditionalOnMissingBean (types: org.springframework.boot.webmvc.error.ErrorAttributes; SearchStrategy: current) did not find any beans (OnBeanCondition)

   ErrorMvcAutoConfiguration.DefaultErrorViewResolverConfiguration#conventionErrorViewResolver matched:
      - @ConditionalOnBean (types: org.springframework.web.servlet.DispatcherServlet; SearchStrategy: all) found bean 'dispatcherServlet'; @ConditionalOnMissingBean (types: org.springframework.boot.webmvc.autoconfigure.error.ErrorViewResolver; SearchStrategy: all) did not find any beans (OnBeanCondition)

   ErrorMvcAutoConfiguration.WhitelabelErrorViewConfiguration matched:
      - @ConditionalOnBooleanProperty (spring.web.error.whitelabel.enabled=true) matched (OnPropertyCondition)
      - ErrorTemplate Missing did not find error template view (ErrorMvcAutoConfiguration.ErrorTemplateMissingCondition)

   ErrorMvcAutoConfiguration.WhitelabelErrorViewConfiguration#beanNameViewResolver matched:
      - @ConditionalOnMissingBean (types: org.springframework.web.servlet.view.BeanNameViewResolver; SearchStrategy: all) did not find any beans (OnBeanCondition)

   ErrorMvcAutoConfiguration.WhitelabelErrorViewConfiguration#defaultErrorView matched:
      - @ConditionalOnMissingBean (names: error; SearchStrategy: all) did not find any beans (OnBeanCondition)

   HealthContributorAutoConfiguration#pingHealthContributor matched:
      - @ConditionalOnEnabledHealthIndicator management.health.defaults.enabled is considered true (OnEnabledHealthIndicatorCondition)

   HealthContributorRegistryAutoConfiguration#healthContributorRegistry matched:
      - @ConditionalOnMissingBean (types: org.springframework.boot.health.registry.HealthContributorRegistry; SearchStrategy: all) did not find any beans (OnBeanCondition)

   HealthContributorRegistryAutoConfiguration.ReactiveHealthContributorRegistryConfiguration matched:
      - @ConditionalOnClass found required class 'reactor.core.publisher.Flux' (OnClassCondition)

   HealthContributorRegistryAutoConfiguration.ReactiveHealthContributorRegistryConfiguration#reactiveHealthContributorRegistry matched:
      - @ConditionalOnMissingBean (types: org.springframework.boot.health.registry.ReactiveHealthContributorRegistry; SearchStrategy: all) did not find any beans (OnBeanCondition)

   HealthEndpointAutoConfiguration matched:
      - @ConditionalOnClass found required class 'org.springframework.boot.actuate.endpoint.annotation.Endpoint' (OnClassCondition)
      - @ConditionalOnAvailableEndpoint marked as exposed by a 'management.endpoints.web.exposure' property (OnAvailableEndpointCondition)
      - @ConditionalOnBean (types: org.springframework.boot.health.registry.HealthContributorRegistry; SearchStrategy: all) found bean 'healthContributorRegistry' (OnBeanCondition)

   HealthEndpointConfiguration#healthEndpoint matched:
      - @ConditionalOnMissingBean (types: org.springframework.boot.health.actuate.endpoint.HealthEndpoint; SearchStrategy: all) did not find any beans (OnBeanCondition)

   HealthEndpointConfiguration#healthEndpointGroupMembershipValidator matched:
      - @ConditionalOnBooleanProperty (management.endpoint.health.validate-group-membership=true) matched (OnPropertyCondition)

   HealthEndpointConfiguration#healthEndpointGroups matched:
      - @ConditionalOnMissingBean (types: org.springframework.boot.health.actuate.endpoint.HealthEndpointGroups; SearchStrategy: all) did not find any beans (OnBeanCondition)

   HealthEndpointConfiguration#healthHttpCodeStatusMapper matched:
      - @ConditionalOnMissingBean (types: org.springframework.boot.health.actuate.endpoint.HttpCodeStatusMapper; SearchStrategy: all) did not find any beans (OnBeanCondition)

   HealthEndpointConfiguration#healthStatusAggregator matched:
      - @ConditionalOnMissingBean (types: org.springframework.boot.health.actuate.endpoint.StatusAggregator; SearchStrategy: all) did not find any beans (OnBeanCondition)

   HealthEndpointWebExtensionConfiguration matched:
      - found 'session' scope (OnWebApplicationCondition)
      - @ConditionalOnAvailableEndpoint marked as exposed by a 'management.endpoints.web.exposure' property (OnAvailableEndpointCondition)
      - @ConditionalOnBean (types: org.springframework.boot.health.actuate.endpoint.HealthEndpoint; SearchStrategy: all) found bean 'healthEndpoint' (OnBeanCondition)

   HealthEndpointWebExtensionConfiguration#healthEndpointWebExtension matched:
      - @ConditionalOnMissingBean (types: org.springframework.boot.health.actuate.endpoint.HealthEndpointWebExtension; SearchStrategy: all) did not find any beans (OnBeanCondition)

   HttpEncodingAutoConfiguration matched:
      - @ConditionalOnClass found required class 'org.springframework.web.filter.CharacterEncodingFilter' (OnClassCondition)
      - found 'session' scope (OnWebApplicationCondition)
      - @ConditionalOnBooleanProperty (spring.servlet.encoding.enabled=true) matched (OnPropertyCondition)

   HttpEncodingAutoConfiguration#characterEncodingFilter matched:
      - @ConditionalOnMissingBean (types: org.springframework.web.filter.CharacterEncodingFilter; SearchStrategy: all) did not find any beans (OnBeanCondition)

   HttpExchangesEndpointAutoConfiguration matched:
      - @ConditionalOnAvailableEndpoint marked as exposed by a 'management.endpoints.jmx.exposure' property (OnAvailableEndpointCondition)

   HttpMessageConvertersAutoConfiguration matched:
      - @ConditionalOnClass found required class 'org.springframework.http.converter.HttpMessageConverter' (OnClassCondition)
      - NoneNestedConditions 0 matched 1 did not; NestedCondition on HttpMessageConvertersAutoConfiguration.NotReactiveWebApplicationCondition.ReactiveWebApplication did not find reactive web application classes (HttpMessageConvertersAutoConfiguration.NotReactiveWebApplicationCondition)

   HttpMessageConvertersAutoConfiguration.StringHttpMessageConverterConfiguration#stringHttpMessageConvertersCustomizer matched:
      - @ConditionalOnMissingBean (types: org.springframework.http.converter.StringHttpMessageConverter; SearchStrategy: all) did not find any beans (OnBeanCondition)

   InfoEndpointAutoConfiguration matched:
      - @ConditionalOnAvailableEndpoint marked as exposed by a 'management.endpoints.jmx.exposure' property (OnAvailableEndpointCondition)

   InfoEndpointAutoConfiguration#infoEndpoint matched:
      - @ConditionalOnMissingBean (types: org.springframework.boot.actuate.info.InfoEndpoint; SearchStrategy: all) did not find any beans (OnBeanCondition)

   Jackson2EndpointAutoConfiguration matched:
      - @ConditionalOnClass found required classes 'com.fasterxml.jackson.databind.ObjectMapper', 'org.springframework.http.converter.json.Jackson2ObjectMapperBuilder' (OnClassCondition)

   Jackson2EndpointAutoConfiguration#jackson2EndpointJsonMapper matched:
      - @ConditionalOnBooleanProperty (management.endpoints.jackson2.isolated-object-mapper=true) matched (OnPropertyCondition)

   JacksonAutoConfiguration matched:
      - @ConditionalOnClass found required class 'tools.jackson.databind.json.JsonMapper' (OnClassCondition)

   JacksonAutoConfiguration#jacksonJsonMapper matched:
      - @ConditionalOnMissingBean (types: tools.jackson.databind.json.JsonMapper; SearchStrategy: all) did not find any beans (OnBeanCondition)

   JacksonAutoConfiguration#jsonFactory matched:
      - @ConditionalOnMissingBean (types: tools.jackson.core.json.JsonFactory; SearchStrategy: all) did not find any beans (OnBeanCondition)

   JacksonAutoConfiguration#jsonMapperBuilder matched:
      - @ConditionalOnMissingBean (types: tools.jackson.databind.json.JsonMapper$Builder; SearchStrategy: all) did not find any beans (OnBeanCondition)

   JacksonAutoConfiguration.JsonProblemDetailsConfiguration matched:
      - @ConditionalOnClass found required class 'org.springframework.http.ProblemDetail' (OnClassCondition)

   JacksonEndpointAutoConfiguration matched:
      - @ConditionalOnClass found required class 'tools.jackson.databind.json.JsonMapper' (OnClassCondition)

   JacksonEndpointAutoConfiguration#endpointJsonMapper matched:
      - @ConditionalOnBooleanProperty (management.endpoints.jackson.isolated-json-mapper=true) matched (OnPropertyCondition)

   JacksonHttpMessageConvertersConfiguration.JacksonJsonHttpMessageConverterConfiguration matched:
      - @ConditionalOnClass found required class 'tools.jackson.databind.json.JsonMapper' (OnClassCondition)
      - @ConditionalOnProperty (spring.http.converters.preferred-json-mapper=jackson) matched (OnPropertyCondition)
      - @ConditionalOnBean (types: tools.jackson.databind.json.JsonMapper; SearchStrategy: all) found bean 'jacksonJsonMapper' (OnBeanCondition)

   JacksonHttpMessageConvertersConfiguration.JacksonJsonHttpMessageConverterConfiguration#jacksonJsonHttpMessageConvertersCustomizer matched:
      - @ConditionalOnMissingBean (types: org.springframework.http.converter.json.JacksonJsonHttpMessageConverter ignored: org.springframework.hateoas.server.mvc.TypeConstrainedJacksonJsonHttpMessageConverter,org.springframework.data.rest.webmvc.alps.AlpsJacksonJsonHttpMessageConverter; SearchStrategy: all) did not find any beans (OnBeanCondition)

   JmxAutoConfiguration matched:
      - @ConditionalOnClass found required class 'org.springframework.jmx.export.MBeanExporter' (OnClassCondition)
      - @ConditionalOnBooleanProperty (spring.jmx.enabled=true) matched (OnPropertyCondition)

   JmxAutoConfiguration#mbeanExporter matched:
      - @ConditionalOnMissingBean (types: org.springframework.jmx.export.MBeanExporter; SearchStrategy: current) did not find any beans (OnBeanCondition)

   JmxAutoConfiguration#mbeanServer matched:
      - @ConditionalOnMissingBean (types: javax.management.MBeanServer; SearchStrategy: all) did not find any beans (OnBeanCondition)

   JmxAutoConfiguration#objectNamingStrategy matched:
      - @ConditionalOnMissingBean (types: org.springframework.jmx.export.naming.ObjectNamingStrategy; SearchStrategy: current) did not find any beans (OnBeanCondition)

   JmxEndpointAutoConfiguration matched:
      - @ConditionalOnBooleanProperty (spring.jmx.enabled=true) matched (OnPropertyCondition)

   JmxEndpointAutoConfiguration#endpointObjectNameFactory matched:
      - @ConditionalOnMissingBean (types: org.springframework.boot.actuate.endpoint.jmx.EndpointObjectNameFactory; SearchStrategy: current) did not find any beans (OnBeanCondition)

   JmxEndpointAutoConfiguration#jmxAnnotationEndpointDiscoverer matched:
      - @ConditionalOnMissingBean (types: org.springframework.boot.actuate.endpoint.jmx.JmxEndpointsSupplier; SearchStrategy: all) did not find any beans (OnBeanCondition)

   JmxEndpointAutoConfiguration.JmxJacksonEndpointConfiguration matched:
      - @ConditionalOnClass found required class 'tools.jackson.databind.json.JsonMapper' (OnClassCondition)

   JmxEndpointAutoConfiguration.JmxJacksonEndpointConfiguration#jmxMBeanExporter matched:
      - @ConditionalOnSingleCandidate (types: javax.management.MBeanServer; SearchStrategy: all) found a single bean 'mbeanServer' (OnBeanCondition)

   JvmMetricsAutoConfiguration matched:
      - @ConditionalOnClass found required class 'io.micrometer.core.instrument.MeterRegistry' (OnClassCondition)
      - @ConditionalOnBean (types: io.micrometer.core.instrument.MeterRegistry; SearchStrategy: all) found bean 'simpleMeterRegistry' (OnBeanCondition)

   JvmMetricsAutoConfiguration#classLoaderMetrics matched:
      - @ConditionalOnMissingBean (types: io.micrometer.core.instrument.binder.jvm.ClassLoaderMetrics; SearchStrategy: all) did not find any beans (OnBeanCondition)

   JvmMetricsAutoConfiguration#jvmCompilationMetrics matched:
      - @ConditionalOnMissingBean (types: io.micrometer.core.instrument.binder.jvm.JvmCompilationMetrics; SearchStrategy: all) did not find any beans (OnBeanCondition)

   JvmMetricsAutoConfiguration#jvmGcMetrics matched:
      - @ConditionalOnMissingBean (types: io.micrometer.core.instrument.binder.jvm.JvmGcMetrics; SearchStrategy: all) did not find any beans (OnBeanCondition)

   JvmMetricsAutoConfiguration#jvmHeapPressureMetrics matched:
      - @ConditionalOnMissingBean (types: io.micrometer.core.instrument.binder.jvm.JvmHeapPressureMetrics; SearchStrategy: all) did not find any beans (OnBeanCondition)

   JvmMetricsAutoConfiguration#jvmInfoMetrics matched:
      - @ConditionalOnMissingBean (types: io.micrometer.core.instrument.binder.jvm.JvmInfoMetrics; SearchStrategy: all) did not find any beans (OnBeanCondition)

   JvmMetricsAutoConfiguration#jvmMemoryMetrics matched:
      - @ConditionalOnMissingBean (types: io.micrometer.core.instrument.binder.jvm.JvmMemoryMetrics; SearchStrategy: all) did not find any beans (OnBeanCondition)

   JvmMetricsAutoConfiguration#jvmThreadMetrics matched:
      - @ConditionalOnMissingBean (types: io.micrometer.core.instrument.binder.jvm.JvmThreadMetrics; SearchStrategy: all) did not find any beans (OnBeanCondition)

   KafkaAnnotationDrivenConfiguration matched:
      - @ConditionalOnClass found required class 'org.springframework.kafka.annotation.EnableKafka' (OnClassCondition)

   KafkaAnnotationDrivenConfiguration#kafkaListenerContainerFactory matched:
      - @ConditionalOnMissingBean (names: kafkaListenerContainerFactory; SearchStrategy: all) did not find any beans (OnBeanCondition)

   KafkaAnnotationDrivenConfiguration#kafkaListenerContainerFactoryConfigurer matched:
      - @ConditionalOnMissingBean (types: org.springframework.boot.kafka.autoconfigure.ConcurrentKafkaListenerContainerFactoryConfigurer; SearchStrategy: all) did not find any beans (OnBeanCondition)
      - @ConditionalOnThreading found PLATFORM (OnThreadingCondition)

   KafkaAnnotationDrivenConfiguration.EnableKafkaConfiguration matched:
      - @ConditionalOnMissingBean (names: org.springframework.kafka.config.internalKafkaListenerAnnotationProcessor; SearchStrategy: all) did not find any beans (OnBeanCondition)

   KafkaAutoConfiguration matched:
      - @ConditionalOnClass found required class 'org.springframework.kafka.core.KafkaTemplate' (OnClassCondition)

   KafkaAutoConfiguration#kafkaAdmin matched:
      - @ConditionalOnMissingBean (types: org.springframework.kafka.core.KafkaAdmin; SearchStrategy: all) did not find any beans (OnBeanCondition)

   KafkaAutoConfiguration#kafkaConnectionDetails matched:
      - @ConditionalOnMissingBean (types: org.springframework.boot.kafka.autoconfigure.KafkaConnectionDetails; SearchStrategy: all) did not find any beans (OnBeanCondition)

   KafkaAutoConfiguration#kafkaConsumerFactory matched:
      - @ConditionalOnMissingBean (types: org.springframework.kafka.core.ConsumerFactory; SearchStrategy: all) did not find any beans (OnBeanCondition)

   KafkaAutoConfiguration#kafkaProducerFactory matched:
      - @ConditionalOnMissingBean (types: org.springframework.kafka.core.ProducerFactory; SearchStrategy: all) did not find any beans (OnBeanCondition)

   KafkaAutoConfiguration#kafkaProducerListener matched:
      - @ConditionalOnMissingBean (types: org.springframework.kafka.support.ProducerListener; SearchStrategy: all) did not find any beans (OnBeanCondition)

   KafkaAutoConfiguration#kafkaTemplate matched:
      - @ConditionalOnMissingBean (types: org.springframework.kafka.core.KafkaTemplate; SearchStrategy: all) did not find any beans (OnBeanCondition)

   KafkaMetricsAutoConfiguration matched:
      - @ConditionalOnClass found required classes 'io.micrometer.core.instrument.binder.kafka.KafkaClientMetrics', 'org.springframework.kafka.core.ProducerFactory', 'io.micrometer.core.instrument.MeterRegistry' (OnClassCondition)
      - @ConditionalOnBean (types: io.micrometer.core.instrument.MeterRegistry; SearchStrategy: all) found bean 'simpleMeterRegistry' (OnBeanCondition)

   KafkaMetricsAutoConfiguration.KafkaStreamsMetricsConfiguration matched:
      - @ConditionalOnClass found required classes 'io.micrometer.core.instrument.binder.kafka.KafkaStreamsMetrics', 'org.springframework.kafka.config.StreamsBuilderFactoryBean' (OnClassCondition)

   KafkaProviderImpl matched:
      - @ConditionalOnProperty (messaging.providers.kafka.enabled=true) matched (OnPropertyCondition)

   LettuceConnectionConfiguration matched:
      - @ConditionalOnClass found required class 'io.lettuce.core.RedisClient' (OnClassCondition)
      - @ConditionalOnProperty (spring.data.redis.client-type=lettuce) matched (OnPropertyCondition)

   LettuceConnectionConfiguration#lettuceClientResources matched:
      - @ConditionalOnMissingBean (types: io.lettuce.core.resource.ClientResources; SearchStrategy: all) did not find any beans (OnBeanCondition)

   LettuceConnectionConfiguration#redisConnectionFactory matched:
      - @ConditionalOnMissingBean (types: org.springframework.data.redis.connection.RedisConnectionFactory; SearchStrategy: all) did not find any beans (OnBeanCondition)
      - @ConditionalOnThreading found PLATFORM (OnThreadingCondition)

   LettuceObservationAutoConfiguration matched:
      - @ConditionalOnClass found required classes 'io.lettuce.core.RedisClient', 'io.lettuce.core.tracing.MicrometerTracing', 'io.micrometer.observation.ObservationRegistry' (OnClassCondition)
      - @ConditionalOnBean (types: io.micrometer.observation.ObservationRegistry; SearchStrategy: all) found bean 'observationRegistry' (OnBeanCondition)

   LifecycleAutoConfiguration#defaultLifecycleProcessor matched:
      - @ConditionalOnMissingBean (names: lifecycleProcessor; SearchStrategy: current) did not find any beans (OnBeanCondition)

   LogFileWebEndpointAutoConfiguration matched:
      - @ConditionalOnAvailableEndpoint marked as exposed by a 'management.endpoints.jmx.exposure' property (OnAvailableEndpointCondition)

   LogbackMetricsAutoConfiguration matched:
      - @ConditionalOnClass found required classes 'io.micrometer.core.instrument.MeterRegistry', 'ch.qos.logback.classic.LoggerContext', 'org.slf4j.LoggerFactory' (OnClassCondition)
      - LogbackLoggingCondition ILoggerFactory is a Logback LoggerContext (LogbackMetricsAutoConfiguration.LogbackLoggingCondition)
      - @ConditionalOnBean (types: io.micrometer.core.instrument.MeterRegistry; SearchStrategy: all) found bean 'simpleMeterRegistry' (OnBeanCondition)

   LogbackMetricsAutoConfiguration#logbackMetrics matched:
      - @ConditionalOnMissingBean (types: io.micrometer.core.instrument.binder.logging.LogbackMetrics; SearchStrategy: all) did not find any beans (OnBeanCondition)

   LoggersEndpointAutoConfiguration matched:
      - @ConditionalOnAvailableEndpoint marked as exposed by a 'management.endpoints.jmx.exposure' property (OnAvailableEndpointCondition)

   LoggersEndpointAutoConfiguration#loggersEndpoint matched:
      - Logging System enabled (LoggersEndpointAutoConfiguration.OnEnabledLoggingSystemCondition)
      - @ConditionalOnBean (types: org.springframework.boot.logging.LoggingSystem; SearchStrategy: all) found bean 'springBootLoggingSystem'; @ConditionalOnMissingBean (types: org.springframework.boot.actuate.logging.LoggersEndpoint; SearchStrategy: all) did not find any beans (OnBeanCondition)

   ManagementContextAutoConfiguration.SameManagementContextConfiguration matched:
      - Management Port actual port type (SAME) matched required type (OnManagementPortCondition)

   MappingsEndpointAutoConfiguration matched:
      - @ConditionalOnAvailableEndpoint marked as exposed by a 'management.endpoints.jmx.exposure' property (OnAvailableEndpointCondition)

   MetricsAutoConfiguration matched:
      - @ConditionalOnClass found required class 'io.micrometer.core.annotation.Timed' (OnClassCondition)

   MetricsAutoConfiguration#micrometerClock matched:
      - @ConditionalOnMissingBean (types: io.micrometer.core.instrument.Clock; SearchStrategy: all) did not find any beans (OnBeanCondition)

   MetricsEndpointAutoConfiguration matched:
      - @ConditionalOnClass found required classes 'org.springframework.boot.actuate.autoconfigure.endpoint.condition.ConditionalOnAvailableEndpoint', 'io.micrometer.core.annotation.Timed' (OnClassCondition)
      - @ConditionalOnAvailableEndpoint marked as exposed by a 'management.endpoints.jmx.exposure' property (OnAvailableEndpointCondition)

   MetricsEndpointAutoConfiguration#metricsEndpoint matched:
      - @ConditionalOnBean (types: io.micrometer.core.instrument.MeterRegistry; SearchStrategy: all) found bean 'simpleMeterRegistry'; @ConditionalOnMissingBean (types: org.springframework.boot.micrometer.metrics.actuate.endpoint.MetricsEndpoint; SearchStrategy: all) did not find any beans (OnBeanCondition)

   MongoAutoConfiguration matched:
      - @ConditionalOnClass found required class 'com.mongodb.client.MongoClient' (OnClassCondition)
      - @ConditionalOnMissingBean (types: org.springframework.data.mongodb.MongoDatabaseFactory; SearchStrategy: all) did not find any beans (OnBeanCondition)

   MongoAutoConfiguration#mongo matched:
      - @ConditionalOnMissingBean (types: com.mongodb.client.MongoClient; SearchStrategy: all) did not find any beans (OnBeanCondition)

   MongoAutoConfiguration#mongoConnectionDetails matched:
      - @ConditionalOnMissingBean (types: org.springframework.boot.mongodb.autoconfigure.MongoConnectionDetails; SearchStrategy: all) did not find any beans (OnBeanCondition)

   MongoAutoConfiguration.MongoClientSettingsConfiguration matched:
      - @ConditionalOnMissingBean (types: com.mongodb.MongoClientSettings; SearchStrategy: all) did not find any beans (OnBeanCondition)

   MongoDatabaseFactoryConfiguration matched:
      - @ConditionalOnSingleCandidate (types: com.mongodb.client.MongoClient; SearchStrategy: all) found a single bean 'mongo'; @ConditionalOnMissingBean (types: org.springframework.data.mongodb.MongoDatabaseFactory; SearchStrategy: all) did not find any beans (OnBeanCondition)

   MongoDatabaseFactoryDependentConfiguration matched:
      - @ConditionalOnBean (types: org.springframework.data.mongodb.MongoDatabaseFactory; SearchStrategy: all) found bean 'mongoDatabaseFactory' (OnBeanCondition)

   MongoDatabaseFactoryDependentConfiguration#gridFsTemplate matched:
      - @ConditionalOnMissingBean (types: org.springframework.data.mongodb.gridfs.GridFsOperations; SearchStrategy: all) did not find any beans (OnBeanCondition)

   MongoDatabaseFactoryDependentConfiguration#mongoTemplate matched:
      - @ConditionalOnMissingBean (types: org.springframework.data.mongodb.core.MongoOperations; SearchStrategy: all) did not find any beans (OnBeanCondition)

   MongoHealthContributorAutoConfiguration matched:
      - @ConditionalOnClass found required classes 'com.mongodb.client.MongoClient', 'org.springframework.boot.mongodb.health.MongoHealthIndicator', 'org.springframework.boot.health.autoconfigure.contributor.ConditionalOnEnabledHealthIndicator' (OnClassCondition)
      - @ConditionalOnEnabledHealthIndicator management.health.defaults.enabled is considered true (OnEnabledHealthIndicatorCondition)
      - @ConditionalOnBean (types: com.mongodb.client.MongoClient; SearchStrategy: all) found bean 'mongo' (OnBeanCondition)

   MongoHealthContributorAutoConfiguration#mongoHealthContributor matched:
      - @ConditionalOnMissingBean (names: mongoHealthIndicator,mongoHealthContributor; SearchStrategy: all) did not find any beans (OnBeanCondition)

   MongoMetricsAutoConfiguration matched:
      - @ConditionalOnClass found required classes 'com.mongodb.MongoClientSettings', 'io.micrometer.core.instrument.MeterRegistry' (OnClassCondition)
      - @ConditionalOnBean (types: io.micrometer.core.instrument.MeterRegistry; SearchStrategy: all) found bean 'simpleMeterRegistry' (OnBeanCondition)

   MongoMetricsAutoConfiguration.MongoCommandMetricsConfiguration matched:
      - @ConditionalOnClass found required class 'io.micrometer.core.instrument.binder.mongodb.MongoMetricsCommandListener' (OnClassCondition)
      - @ConditionalOnBooleanProperty (management.metrics.mongodb.command.enabled=true) matched (OnPropertyCondition)

   MongoMetricsAutoConfiguration.MongoCommandMetricsConfiguration#mongoCommandTagsProvider matched:
      - @ConditionalOnMissingBean (types: io.micrometer.core.instrument.binder.mongodb.MongoCommandTagsProvider; SearchStrategy: all) did not find any beans (OnBeanCondition)

   MongoMetricsAutoConfiguration.MongoCommandMetricsConfiguration#mongoMetricsCommandListener matched:
      - @ConditionalOnMissingBean (types: io.micrometer.core.instrument.binder.mongodb.MongoMetricsCommandListener; SearchStrategy: all) did not find any beans (OnBeanCondition)

   MongoMetricsAutoConfiguration.MongoConnectionPoolMetricsConfiguration matched:
      - @ConditionalOnClass found required class 'io.micrometer.core.instrument.binder.mongodb.MongoMetricsConnectionPoolListener' (OnClassCondition)
      - @ConditionalOnBooleanProperty (management.metrics.mongodb.connectionpool.enabled=true) matched (OnPropertyCondition)

   MongoMetricsAutoConfiguration.MongoConnectionPoolMetricsConfiguration#mongoConnectionPoolTagsProvider matched:
      - @ConditionalOnMissingBean (types: io.micrometer.core.instrument.binder.mongodb.MongoConnectionPoolTagsProvider; SearchStrategy: all) did not find any beans (OnBeanCondition)

   MongoMetricsAutoConfiguration.MongoConnectionPoolMetricsConfiguration#mongoMetricsConnectionPoolListener matched:
      - @ConditionalOnMissingBean (types: io.micrometer.core.instrument.binder.mongodb.MongoMetricsConnectionPoolListener; SearchStrategy: all) did not find any beans (OnBeanCondition)

   MultipartAutoConfiguration matched:
      - @ConditionalOnClass found required classes 'jakarta.servlet.Servlet', 'org.springframework.web.multipart.support.StandardServletMultipartResolver', 'jakarta.servlet.MultipartConfigElement' (OnClassCondition)
      - found 'session' scope (OnWebApplicationCondition)
      - @ConditionalOnBooleanProperty (spring.servlet.multipart.enabled=true) matched (OnPropertyCondition)

   MultipartAutoConfiguration#multipartConfigElement matched:
      - @ConditionalOnMissingBean (types: jakarta.servlet.MultipartConfigElement; SearchStrategy: all) did not find any beans (OnBeanCondition)

   MultipartAutoConfiguration#multipartResolver matched:
      - @ConditionalOnMissingBean (types: org.springframework.web.multipart.MultipartResolver; SearchStrategy: all) did not find any beans (OnBeanCondition)

   NettyAutoConfiguration matched:
      - @ConditionalOnClass found required class 'io.netty.util.NettyRuntime' (OnClassCondition)

   ObservationAutoConfiguration matched:
      - @ConditionalOnClass found required class 'io.micrometer.observation.ObservationRegistry' (OnClassCondition)

   ObservationAutoConfiguration#observationRegistry matched:
      - @ConditionalOnMissingBean (types: io.micrometer.observation.ObservationRegistry; SearchStrategy: all) did not find any beans (OnBeanCondition)

   ObservationAutoConfiguration#spelValueExpressionResolver matched:
      - @ConditionalOnMissingBean (types: io.micrometer.common.annotation.ValueExpressionResolver; SearchStrategy: all) did not find any beans (OnBeanCondition)

   PersistenceExceptionTranslationAutoConfiguration matched:
      - @ConditionalOnClass found required class 'org.springframework.dao.annotation.PersistenceExceptionTranslationPostProcessor' (OnClassCondition)

   PersistenceExceptionTranslationAutoConfiguration#persistenceExceptionTranslationPostProcessor matched:
      - @ConditionalOnBooleanProperty (spring.persistence.exceptiontranslation.enabled=true) matched (OnPropertyCondition)
      - @ConditionalOnMissingBean (types: org.springframework.dao.annotation.PersistenceExceptionTranslationPostProcessor; SearchStrategy: all) did not find any beans (OnBeanCondition)

   PropertyPlaceholderAutoConfiguration#propertySourcesPlaceholderConfigurer matched:
      - @ConditionalOnMissingBean (types: org.springframework.context.support.PropertySourcesPlaceholderConfigurer; SearchStrategy: current) did not find any beans (OnBeanCondition)

   SbomEndpointAutoConfiguration matched:
      - @ConditionalOnAvailableEndpoint marked as exposed by a 'management.endpoints.jmx.exposure' property (OnAvailableEndpointCondition)

   SbomEndpointAutoConfiguration#sbomEndpoint matched:
      - @ConditionalOnMissingBean (types: org.springframework.boot.actuate.sbom.SbomEndpoint; SearchStrategy: all) did not find any beans (OnBeanCondition)

   ScheduledTasksEndpointAutoConfiguration matched:
      - @ConditionalOnAvailableEndpoint marked as exposed by a 'management.endpoints.jmx.exposure' property (OnAvailableEndpointCondition)

   ScheduledTasksEndpointAutoConfiguration#scheduledTasksEndpoint matched:
      - @ConditionalOnMissingBean (types: org.springframework.boot.actuate.scheduling.ScheduledTasksEndpoint; SearchStrategy: all) did not find any beans (OnBeanCondition)

   ScheduledTasksObservationAutoConfiguration matched:
      - @ConditionalOnClass found required class 'org.springframework.scheduling.concurrent.ThreadPoolTaskScheduler' (OnClassCondition)
      - @ConditionalOnBean (types: io.micrometer.observation.ObservationRegistry; SearchStrategy: all) found bean 'observationRegistry' (OnBeanCondition)

   ServletEndpointManagementContextConfiguration matched:
      - found 'session' scope (OnWebApplicationCondition)

   ServletManagementContextAutoConfiguration matched:
      - @ConditionalOnClass found required classes 'jakarta.servlet.Servlet', 'org.springframework.boot.actuate.autoconfigure.endpoint.web.WebEndpointProperties' (OnClassCondition)
      - found 'session' scope (OnWebApplicationCondition)

   ServletMappingsAutoConfiguration matched:
      - @ConditionalOnClass found required classes 'org.springframework.boot.actuate.autoconfigure.endpoint.condition.ConditionalOnAvailableEndpoint', 'org.springframework.boot.actuate.web.mappings.MappingsEndpoint' (OnClassCondition)
      - found 'session' scope (OnWebApplicationCondition)
      - @ConditionalOnAvailableEndpoint marked as exposed by a 'management.endpoints.jmx.exposure' property (OnAvailableEndpointCondition)

   SimpleMetricsExportAutoConfiguration matched:
      - @ConditionalOnEnabledMetricsExport management.defaults.metrics.export.enabled is considered true (OnMetricsExportEnabledCondition)
      - @ConditionalOnBean (types: io.micrometer.core.instrument.Clock; SearchStrategy: all) found bean 'micrometerClock'; @ConditionalOnMissingBean (types: io.micrometer.core.instrument.MeterRegistry; SearchStrategy: all) did not find any beans (OnBeanCondition)

   SimpleMetricsExportAutoConfiguration#simpleConfig matched:
      - @ConditionalOnMissingBean (types: io.micrometer.core.instrument.simple.SimpleConfig; SearchStrategy: all) did not find any beans (OnBeanCondition)

   SpringApplicationAdminJmxAutoConfiguration matched:
      - @ConditionalOnBooleanProperty (spring.application.admin.enabled=true) matched (OnPropertyCondition)

   SpringApplicationAdminJmxAutoConfiguration#springApplicationAdminRegistrar matched:
      - @ConditionalOnMissingBean (types: org.springframework.boot.admin.SpringApplicationAdminMXBeanRegistrar; SearchStrategy: all) did not find any beans (OnBeanCondition)

   SslAutoConfiguration#sslBundleRegistry matched:
      - @ConditionalOnMissingBean (types: org.springframework.boot.ssl.SslBundleRegistry,org.springframework.boot.ssl.SslBundles; SearchStrategy: all) did not find any beans (OnBeanCondition)

   SslHealthContributorAutoConfiguration matched:
      - @ConditionalOnClass found required class 'org.springframework.boot.health.contributor.Health' (OnClassCondition)
      - @ConditionalOnEnabledHealthIndicator management.health.defaults.enabled is considered true (OnEnabledHealthIndicatorCondition)

   SslHealthContributorAutoConfiguration#sslHealthIndicator matched:
      - @ConditionalOnMissingBean (names: sslHealthIndicator; SearchStrategy: all) did not find any beans (OnBeanCondition)

   SslHealthContributorAutoConfiguration#sslInfo matched:
      - @ConditionalOnMissingBean (types: org.springframework.boot.info.SslInfo; SearchStrategy: all) did not find any beans (OnBeanCondition)

   SslMetricsAutoConfiguration matched:
      - @ConditionalOnClass found required class 'io.micrometer.core.instrument.MeterRegistry' (OnClassCondition)
      - @ConditionalOnBean (types: io.micrometer.core.instrument.MeterRegistry,org.springframework.boot.ssl.SslBundles; SearchStrategy: all) found beans 'sslBundleRegistry', 'simpleMeterRegistry' (OnBeanCondition)

   StartupTimeMetricsListenerAutoConfiguration matched:
      - @ConditionalOnClass found required class 'io.micrometer.core.instrument.MeterRegistry' (OnClassCondition)
      - @ConditionalOnBean (types: io.micrometer.core.instrument.MeterRegistry; SearchStrategy: all) found bean 'simpleMeterRegistry' (OnBeanCondition)

   StartupTimeMetricsListenerAutoConfiguration#startupTimeMetrics matched:
      - @ConditionalOnMissingBean (types: org.springframework.boot.micrometer.metrics.startup.StartupTimeMetricsListener; SearchStrategy: all) did not find any beans (OnBeanCondition)

   SystemMetricsAutoConfiguration matched:
      - @ConditionalOnClass found required class 'io.micrometer.core.instrument.MeterRegistry' (OnClassCondition)
      - @ConditionalOnBean (types: io.micrometer.core.instrument.MeterRegistry; SearchStrategy: all) found bean 'simpleMeterRegistry' (OnBeanCondition)

   SystemMetricsAutoConfiguration#diskSpaceMetrics matched:
      - @ConditionalOnMissingBean (types: org.springframework.boot.micrometer.metrics.system.DiskSpaceMetricsBinder; SearchStrategy: all) did not find any beans (OnBeanCondition)

   SystemMetricsAutoConfiguration#fileDescriptorMetrics matched:
      - @ConditionalOnMissingBean (types: io.micrometer.core.instrument.binder.system.FileDescriptorMetrics; SearchStrategy: all) did not find any beans (OnBeanCondition)

   SystemMetricsAutoConfiguration#processorMetrics matched:
      - @ConditionalOnMissingBean (types: io.micrometer.core.instrument.binder.system.ProcessorMetrics; SearchStrategy: all) did not find any beans (OnBeanCondition)

   SystemMetricsAutoConfiguration#uptimeMetrics matched:
      - @ConditionalOnMissingBean (types: io.micrometer.core.instrument.binder.system.UptimeMetrics; SearchStrategy: all) did not find any beans (OnBeanCondition)

   TaskExecutionAutoConfiguration matched:
      - @ConditionalOnClass found required class 'org.springframework.scheduling.concurrent.ThreadPoolTaskExecutor' (OnClassCondition)

   TaskExecutorConfigurations.AsyncConfigurerConfiguration matched:
      - @ConditionalOnMissingBean (types: org.springframework.scheduling.annotation.AsyncConfigurer; SearchStrategy: all) did not find any beans (OnBeanCondition)

   TaskExecutorConfigurations.SimpleAsyncTaskExecutorBuilderConfiguration#simpleAsyncTaskExecutorBuilder matched:
      - @ConditionalOnMissingBean (types: org.springframework.boot.task.SimpleAsyncTaskExecutorBuilder; SearchStrategy: all) did not find any beans (OnBeanCondition)
      - @ConditionalOnThreading found PLATFORM (OnThreadingCondition)

   TaskExecutorConfigurations.TaskExecutorConfiguration matched:
      - AnyNestedCondition 1 matched 1 did not; NestedCondition on TaskExecutorConfigurations.OnExecutorCondition.ModelCondition @ConditionalOnProperty (spring.task.execution.mode=force) did not find property 'spring.task.execution.mode'; NestedCondition on TaskExecutorConfigurations.OnExecutorCondition.ExecutorBeanCondition @ConditionalOnMissingBean (types: java.util.concurrent.Executor; SearchStrategy: all) did not find any beans (TaskExecutorConfigurations.OnExecutorCondition)

   TaskExecutorConfigurations.TaskExecutorConfiguration#applicationTaskExecutor matched:
      - @ConditionalOnThreading found PLATFORM (OnThreadingCondition)

   TaskExecutorConfigurations.ThreadPoolTaskExecutorBuilderConfiguration#threadPoolTaskExecutorBuilder matched:
      - @ConditionalOnMissingBean (types: org.springframework.boot.task.ThreadPoolTaskExecutorBuilder; SearchStrategy: all) did not find any beans (OnBeanCondition)

   TaskExecutorMetricsAutoConfiguration matched:
      - @ConditionalOnClass found required class 'io.micrometer.core.instrument.binder.jvm.ExecutorServiceMetrics' (OnClassCondition)
      - @ConditionalOnBean (types: java.util.concurrent.Executor,io.micrometer.core.instrument.MeterRegistry; SearchStrategy: all) found beans 'applicationTaskExecutor', 'simpleMeterRegistry' (OnBeanCondition)

   TaskSchedulingAutoConfiguration matched:
      - @ConditionalOnClass found required class 'org.springframework.scheduling.concurrent.ThreadPoolTaskScheduler' (OnClassCondition)

   TaskSchedulingConfigurations.SimpleAsyncTaskSchedulerBuilderConfiguration#simpleAsyncTaskSchedulerBuilder matched:
      - @ConditionalOnMissingBean (types: org.springframework.boot.task.SimpleAsyncTaskSchedulerBuilder; SearchStrategy: all) did not find any beans (OnBeanCondition)
      - @ConditionalOnThreading found PLATFORM (OnThreadingCondition)

   TaskSchedulingConfigurations.ThreadPoolTaskSchedulerBuilderConfiguration#threadPoolTaskSchedulerBuilder matched:
      - @ConditionalOnMissingBean (types: org.springframework.boot.task.ThreadPoolTaskSchedulerBuilder; SearchStrategy: all) did not find any beans (OnBeanCondition)

   ThreadDumpEndpointAutoConfiguration matched:
      - @ConditionalOnAvailableEndpoint marked as exposed by a 'management.endpoints.jmx.exposure' property (OnAvailableEndpointCondition)

   ThreadDumpEndpointAutoConfiguration#dumpEndpoint matched:
      - @ConditionalOnMissingBean (types: org.springframework.boot.actuate.management.ThreadDumpEndpoint; SearchStrategy: all) did not find any beans (OnBeanCondition)

   TomcatMetricsAutoConfiguration matched:
      - @ConditionalOnClass found required classes 'io.micrometer.core.instrument.binder.tomcat.TomcatMetrics', 'org.apache.catalina.Manager', 'io.micrometer.core.instrument.MeterRegistry' (OnClassCondition)
      - @ConditionalOnWebApplication (required) found 'session' scope (OnWebApplicationCondition)

   TomcatMetricsAutoConfiguration#tomcatMetricsBinder matched:
      - @ConditionalOnBean (types: io.micrometer.core.instrument.MeterRegistry; SearchStrategy: all) found bean 'simpleMeterRegistry'; @ConditionalOnMissingBean (types: io.micrometer.core.instrument.binder.tomcat.TomcatMetrics,org.springframework.boot.tomcat.metrics.TomcatMetricsBinder; SearchStrategy: all) did not find any beans (OnBeanCondition)

   TomcatServletWebServerAutoConfiguration matched:
      - @ConditionalOnClass found required classes 'jakarta.servlet.ServletRequest', 'org.apache.catalina.startup.Tomcat', 'org.apache.coyote.UpgradeProtocol', 'org.springframework.boot.tomcat.servlet.TomcatServletWebServerFactory' (OnClassCondition)
      - found 'session' scope (OnWebApplicationCondition)

   TomcatServletWebServerAutoConfiguration#tomcatServletWebServerFactory matched:
      - @ConditionalOnMissingBean (types: org.springframework.boot.web.server.servlet.ServletWebServerFactory; SearchStrategy: current) did not find any beans (OnBeanCondition)

   TomcatWebServerConfiguration matched:
      - @ConditionalOnWarDeployment the application is not deployed as a WAR file. (OnWarDeploymentCondition)

   TomcatWebServerConfiguration.TomcatWebSocketConfiguration matched:
      - @ConditionalOnClass found required class 'org.apache.tomcat.websocket.server.WsSci' (OnClassCondition)

   TransactionAutoConfiguration matched:
      - @ConditionalOnClass found required class 'org.springframework.transaction.PlatformTransactionManager' (OnClassCondition)

   TransactionManagerCustomizationAutoConfiguration matched:
      - @ConditionalOnClass found required class 'org.springframework.transaction.PlatformTransactionManager' (OnClassCondition)

   TransactionManagerCustomizationAutoConfiguration#platformTransactionManagerCustomizers matched:
      - @ConditionalOnMissingBean (types: org.springframework.boot.transaction.autoconfigure.TransactionManagerCustomizers; SearchStrategy: all) did not find any beans (OnBeanCondition)

   ValidationAutoConfiguration matched:
      - @ConditionalOnClass found required class 'jakarta.validation.executable.ExecutableValidator' (OnClassCondition)
      - @ConditionalOnResource found location classpath:META-INF/services/jakarta.validation.spi.ValidationProvider (OnResourceCondition)

   ValidationAutoConfiguration#defaultValidator matched:
      - @ConditionalOnMissingBean (types: jakarta.validation.Validator; SearchStrategy: all) did not find any beans (OnBeanCondition)

   ValidationAutoConfiguration#methodValidationPostProcessor matched:
      - @ConditionalOnMissingBean (types: org.springframework.validation.beanvalidation.MethodValidationPostProcessor; SearchStrategy: current) did not find any beans (OnBeanCondition)

   WebEndpointAutoConfiguration matched:
      - @ConditionalOnWebApplication (required) found 'session' scope (OnWebApplicationCondition)

   WebEndpointAutoConfiguration#controllerEndpointDiscoverer matched:
      - @ConditionalOnMissingBean (types: org.springframework.boot.actuate.endpoint.web.annotation.ControllerEndpointsSupplier; SearchStrategy: all) did not find any beans (OnBeanCondition)

   WebEndpointAutoConfiguration#endpointMediaTypes matched:
      - @ConditionalOnMissingBean (types: org.springframework.boot.actuate.endpoint.web.EndpointMediaTypes; SearchStrategy: all) did not find any beans (OnBeanCondition)

   WebEndpointAutoConfiguration#pathMappedEndpoints matched:
      - @ConditionalOnMissingBean (types: org.springframework.boot.actuate.endpoint.web.PathMappedEndpoints; SearchStrategy: all) did not find any beans (OnBeanCondition)

   WebEndpointAutoConfiguration#webEndpointDiscoverer matched:
      - @ConditionalOnMissingBean (types: org.springframework.boot.actuate.endpoint.web.WebEndpointsSupplier; SearchStrategy: all) did not find any beans (OnBeanCondition)

   WebEndpointAutoConfiguration.WebEndpointServletConfiguration matched:
      - found 'session' scope (OnWebApplicationCondition)

   WebEndpointAutoConfiguration.WebEndpointServletConfiguration#servletEndpointDiscoverer matched:
      - @ConditionalOnMissingBean (types: org.springframework.boot.actuate.endpoint.web.annotation.ServletEndpointsSupplier; SearchStrategy: all) did not find any beans (OnBeanCondition)

   WebMvcAutoConfiguration matched:
      - @ConditionalOnClass found required classes 'jakarta.servlet.Servlet', 'org.springframework.web.servlet.DispatcherServlet', 'org.springframework.web.servlet.config.annotation.WebMvcConfigurer' (OnClassCondition)
      - found 'session' scope (OnWebApplicationCondition)
      - @ConditionalOnMissingBean (types: org.springframework.web.servlet.config.annotation.WebMvcConfigurationSupport; SearchStrategy: all) did not find any beans (OnBeanCondition)

   WebMvcAutoConfiguration#formContentFilter matched:
      - @ConditionalOnBooleanProperty (spring.mvc.formcontent.filter.enabled=true) matched (OnPropertyCondition)
      - @ConditionalOnMissingBean (types: org.springframework.web.filter.FormContentFilter; SearchStrategy: all) did not find any beans (OnBeanCondition)

   WebMvcAutoConfiguration.EnableWebMvcConfiguration#flashMapManager matched:
      - @ConditionalOnMissingBean (names: flashMapManager; SearchStrategy: all) did not find any beans (OnBeanCondition)

   WebMvcAutoConfiguration.EnableWebMvcConfiguration#localeResolver matched:
      - @ConditionalOnMissingBean (names: localeResolver; SearchStrategy: all) did not find any beans (OnBeanCondition)

   WebMvcAutoConfiguration.EnableWebMvcConfiguration#viewNameTranslator matched:
      - @ConditionalOnMissingBean (names: viewNameTranslator; SearchStrategy: all) did not find any beans (OnBeanCondition)

   WebMvcAutoConfiguration.WebMvcAutoConfigurationAdapter#defaultViewResolver matched:
      - @ConditionalOnMissingBean (types: org.springframework.web.servlet.view.InternalResourceViewResolver; SearchStrategy: all) did not find any beans (OnBeanCondition)

   WebMvcAutoConfiguration.WebMvcAutoConfigurationAdapter#requestContextFilter matched:
      - @ConditionalOnMissingBean (types: org.springframework.web.context.request.RequestContextListener,org.springframework.web.filter.RequestContextFilter; SearchStrategy: all) did not find any beans (OnBeanCondition)

   WebMvcAutoConfiguration.WebMvcAutoConfigurationAdapter#viewResolver matched:
      - @ConditionalOnBean (types: org.springframework.web.servlet.ViewResolver; SearchStrategy: all) found beans 'defaultViewResolver', 'beanNameViewResolver', 'mvcViewResolver'; @ConditionalOnMissingBean (names: viewResolver types: org.springframework.web.servlet.view.ContentNegotiatingViewResolver; SearchStrategy: all) did not find any beans (OnBeanCondition)

   WebMvcEndpointManagementContextConfiguration matched:
      - found 'session' scope (OnWebApplicationCondition)
      - @ConditionalOnBean (types: org.springframework.web.servlet.DispatcherServlet,org.springframework.boot.actuate.endpoint.web.WebEndpointsSupplier; SearchStrategy: all) found beans 'webEndpointDiscoverer', 'dispatcherServlet' (OnBeanCondition)

   WebMvcEndpointManagementContextConfiguration#controllerEndpointHandlerMapping matched:
      - @ConditionalOnMissingBean (types: org.springframework.boot.webmvc.actuate.endpoint.web.ControllerEndpointHandlerMapping; SearchStrategy: all) did not find any beans (OnBeanCondition)

   WebMvcEndpointManagementContextConfiguration#endpointJackson2ObjectMapperWebMvcConfigurer matched:
      - @ConditionalOnBean (types: org.springframework.boot.actuate.endpoint.jackson.EndpointJackson2ObjectMapper; SearchStrategy: all) found bean 'jackson2EndpointJsonMapper' (OnBeanCondition)

   WebMvcEndpointManagementContextConfiguration#endpointJsonMapperWebMvcConfigurer matched:
      - @ConditionalOnBean (types: org.springframework.boot.actuate.endpoint.jackson.EndpointJsonMapper; SearchStrategy: all) found bean 'endpointJsonMapper' (OnBeanCondition)

   WebMvcEndpointManagementContextConfiguration#webEndpointServletHandlerMapping matched:
      - @ConditionalOnMissingBean (types: org.springframework.boot.webmvc.actuate.endpoint.web.WebMvcEndpointHandlerMapping; SearchStrategy: all) did not find any beans (OnBeanCondition)

   WebMvcEndpointManagementContextConfiguration.HealthConfiguration matched:
      - @ConditionalOnClass found required class 'org.springframework.boot.health.actuate.endpoint.HealthEndpoint' (OnClassCondition)

   WebMvcHealthEndpointExtensionAutoConfiguration matched:
      - @ConditionalOnClass found required class 'org.springframework.boot.health.actuate.endpoint.HealthEndpoint' (OnClassCondition)
      - found 'session' scope (OnWebApplicationCondition)
      - @ConditionalOnAvailableEndpoint marked as exposed by a 'management.endpoints.web.exposure' property (OnAvailableEndpointCondition)
      - @ConditionalOnBean (types: org.springframework.boot.health.actuate.endpoint.HealthEndpoint,org.springframework.boot.actuate.endpoint.web.WebEndpointsSupplier,org.springframework.boot.health.actuate.endpoint.HealthEndpointGroups; SearchStrategy: all) found beans 'webEndpointDiscoverer', 'healthEndpoint', 'healthEndpointGroups' (OnBeanCondition)

   WebMvcMappingsAutoConfiguration matched:
      - @ConditionalOnClass found required classes 'org.springframework.boot.actuate.autoconfigure.endpoint.condition.ConditionalOnAvailableEndpoint', 'org.springframework.web.servlet.DispatcherServlet', 'org.springframework.boot.actuate.web.mappings.MappingsEndpoint' (OnClassCondition)
      - found 'session' scope (OnWebApplicationCondition)
      - @ConditionalOnAvailableEndpoint marked as exposed by a 'management.endpoints.jmx.exposure' property (OnAvailableEndpointCondition)
      - @ConditionalOnBean (types: org.springframework.web.servlet.DispatcherServlet; SearchStrategy: all) found bean 'dispatcherServlet' (OnBeanCondition)

   WebMvcObservationAutoConfiguration matched:
      - @ConditionalOnClass found required classes 'org.springframework.web.servlet.DispatcherServlet', 'io.micrometer.observation.Observation', 'org.springframework.boot.micrometer.observation.autoconfigure.ObservationProperties' (OnClassCondition)
      - found 'session' scope (OnWebApplicationCondition)
      - @ConditionalOnBean (types: io.micrometer.observation.ObservationRegistry; SearchStrategy: all) found bean 'observationRegistry' (OnBeanCondition)

   WebMvcObservationAutoConfiguration#webMvcObservationFilter matched:
      - @ConditionalOnMissingBean (types: org.springframework.web.filter.ServerHttpObservationFilter; SearchStrategy: all) did not find any beans (OnBeanCondition)

   WebMvcObservationAutoConfiguration.MeterFilterConfiguration matched:
      - @ConditionalOnClass found required classes 'io.micrometer.core.instrument.MeterRegistry', 'org.springframework.boot.micrometer.metrics.autoconfigure.MetricsProperties' (OnClassCondition)
      - @ConditionalOnBean (types: io.micrometer.core.instrument.MeterRegistry; SearchStrategy: all) found bean 'simpleMeterRegistry' (OnBeanCondition)


Negative matches:
-----------------

   AopAutoConfiguration.AspectJAutoProxyingConfiguration:
      Did not match:
         - @ConditionalOnClass did not find required class 'org.aspectj.weaver.Advice' (OnClassCondition)

   AppOpticsMetricsExportAutoConfiguration:
      Did not match:
         - @ConditionalOnClass did not find required class 'io.micrometer.appoptics.AppOpticsMeterRegistry' (OnClassCondition)

   AtlasMetricsExportAutoConfiguration:
      Did not match:
         - @ConditionalOnClass did not find required class 'io.micrometer.atlas.AtlasMeterRegistry' (OnClassCondition)

   AuditAutoConfiguration:
      Did not match:
         - @ConditionalOnBean (types: org.springframework.boot.actuate.audit.AuditEventRepository; SearchStrategy: all) did not find any beans of type org.springframework.boot.actuate.audit.AuditEventRepository (OnBeanCondition)
      Matched:
         - @ConditionalOnBooleanProperty (management.auditevents.enabled=true) matched (OnPropertyCondition)

   AuditEventsEndpointAutoConfiguration#auditEventsEndpoint:
      Did not match:
         - @ConditionalOnBean (types: org.springframework.boot.actuate.audit.AuditEventRepository; SearchStrategy: all) did not find any beans of type org.springframework.boot.actuate.audit.AuditEventRepository (OnBeanCondition)

   AvailabilityHealthContributorAutoConfiguration#livenessStateHealthIndicator:
      Did not match:
         - @ConditionalOnBooleanProperty (management.health.livenessstate.enabled=true) did not find property 'management.health.livenessstate.enabled' (OnPropertyCondition)

   AvailabilityHealthContributorAutoConfiguration#readinessStateHealthIndicator:
      Did not match:
         - @ConditionalOnBooleanProperty (management.health.readinessstate.enabled=true) did not find property 'management.health.readinessstate.enabled' (OnPropertyCondition)

   AwsSqsProviderImpl:
      Did not match:
         - @ConditionalOnProperty (messaging.providers.aws.enabled=true) found different value in property 'messaging.providers.aws.enabled' (OnPropertyCondition)

   CompositeMeterRegistryConfiguration:
      Did not match:
         - NoneNestedConditions 1 matched 1 did not; NestedCondition on CompositeMeterRegistryConfiguration.MultipleNonPrimaryMeterRegistriesCondition.SingleInjectableMeterRegistry @ConditionalOnSingleCandidate (types: io.micrometer.core.instrument.MeterRegistry; SearchStrategy: all) found a single bean 'simpleMeterRegistry'; NestedCondition on CompositeMeterRegistryConfiguration.MultipleNonPrimaryMeterRegistriesCondition.NoMeterRegistryCondition @ConditionalOnMissingBean (types: io.micrometer.core.instrument.MeterRegistry; SearchStrategy: all) found beans of type 'io.micrometer.core.instrument.MeterRegistry' simpleMeterRegistry (CompositeMeterRegistryConfiguration.MultipleNonPrimaryMeterRegistriesCondition)

   ConfigurationPropertiesReportEndpointAutoConfiguration#configurationPropertiesReportEndpointWebExtension:
      Did not match:
         - @ConditionalOnAvailableEndpoint not exposed (OnAvailableEndpointCondition)
      Matched:
         - @ConditionalOnBean (types: org.springframework.boot.actuate.context.properties.ConfigurationPropertiesReportEndpoint; SearchStrategy: all) found bean 'configurationPropertiesReportEndpoint'; @ConditionalOnMissingBean (types: org.springframework.boot.actuate.context.properties.ConfigurationPropertiesReportEndpointWebExtension; SearchStrategy: all) did not find any beans (OnBeanCondition)

   DataMongoAutoConfiguration#mongoConnectionDetails:
      Did not match:
         - @ConditionalOnMissingBean (types: org.springframework.boot.mongodb.autoconfigure.MongoConnectionDetails; SearchStrategy: all) found beans of type 'org.springframework.boot.mongodb.autoconfigure.MongoConnectionDetails' mongoConnectionDetails (OnBeanCondition)

   DataMongoReactiveAutoConfiguration:
      Did not match:
         - @ConditionalOnClass did not find required class 'com.mongodb.reactivestreams.client.MongoClient' (OnClassCondition)

   DataMongoReactiveRepositoriesAutoConfiguration:
      Did not match:
         - @ConditionalOnClass did not find required class 'com.mongodb.reactivestreams.client.MongoClient' (OnClassCondition)

   DataRedisHealthContributorAutoConfiguration#redisHealthContributor:
      Did not match:
         - @ConditionalOnMissingBean (names: redisHealthIndicator,redisHealthContributor; SearchStrategy: all) found beans named redisHealthContributor (OnBeanCondition)

   DatadogMetricsExportAutoConfiguration:
      Did not match:
         - @ConditionalOnClass did not find required class 'io.micrometer.datadog.DatadogMeterRegistry' (OnClassCondition)

   DispatcherServletAutoConfiguration.DispatcherServletConfiguration#multipartResolver:
      Did not match:
         - @ConditionalOnBean (types: org.springframework.web.multipart.MultipartResolver; SearchStrategy: all) did not find any beans of type org.springframework.web.multipart.MultipartResolver (OnBeanCondition)

   DynatraceMetricsExportAutoConfiguration:
      Did not match:
         - @ConditionalOnClass did not find required class 'io.micrometer.dynatrace.DynatraceMeterRegistry' (OnClassCondition)

   ElasticMetricsExportAutoConfiguration:
      Did not match:
         - @ConditionalOnClass did not find required class 'io.micrometer.elastic.ElasticMeterRegistry' (OnClassCondition)

   EnvironmentEndpointAutoConfiguration#environmentEndpointWebExtension:
      Did not match:
         - @ConditionalOnAvailableEndpoint not exposed (OnAvailableEndpointCondition)
      Matched:
         - @ConditionalOnBean (types: org.springframework.boot.actuate.env.EnvironmentEndpoint; SearchStrategy: all) found bean 'environmentEndpoint'; @ConditionalOnMissingBean (types: org.springframework.boot.actuate.env.EnvironmentEndpointWebExtension; SearchStrategy: all) did not find any beans (OnBeanCondition)

   GangliaMetricsExportAutoConfiguration:
      Did not match:
         - @ConditionalOnClass did not find required class 'io.micrometer.ganglia.GangliaMeterRegistry' (OnClassCondition)

   GraphiteMetricsExportAutoConfiguration:
      Did not match:
         - @ConditionalOnClass did not find required class 'io.micrometer.graphite.GraphiteMeterRegistry' (OnClassCondition)

   GsonHttpMessageConvertersConfiguration:
      Did not match:
         - @ConditionalOnClass did not find required class 'com.google.gson.Gson' (OnClassCondition)

   HealthEndpointReactiveWebExtensionConfiguration:
      Did not match:
         - did not find reactive web application classes (OnWebApplicationCondition)

   HeapDumpWebEndpointAutoConfiguration:
      Did not match:
         - @ConditionalOnAvailableEndpoint the configured access for endpoint 'heapdump' is NONE (OnAvailableEndpointCondition)

   HttpExchangesEndpointAutoConfiguration#httpExchangesEndpoint:
      Did not match:
         - @ConditionalOnBean (types: org.springframework.boot.actuate.web.exchanges.HttpExchangeRepository; SearchStrategy: all) did not find any beans of type org.springframework.boot.actuate.web.exchanges.HttpExchangeRepository (OnBeanCondition)

   HumioMetricsExportAutoConfiguration:
      Did not match:
         - @ConditionalOnClass did not find required class 'io.micrometer.humio.HumioMeterRegistry' (OnClassCondition)

   InfluxMetricsExportAutoConfiguration:
      Did not match:
         - @ConditionalOnClass did not find required class 'io.micrometer.influx.InfluxMeterRegistry' (OnClassCondition)

   InfoContributorAutoConfiguration#buildInfoContributor:
      Did not match:
         - @ConditionalOnSingleCandidate (types: org.springframework.boot.info.BuildProperties; SearchStrategy: all) did not find any beans (OnBeanCondition)
      Matched:
         - @ConditionalOnEnabledInfoContributor management.info.defaults.enabled is considered true (OnEnabledInfoContributorCondition)

   InfoContributorAutoConfiguration#envInfoContributor:
      Did not match:
         - @ConditionalOnEnabledInfoContributor management.info.env.enabled is not true (OnEnabledInfoContributorCondition)

   InfoContributorAutoConfiguration#gitInfoContributor:
      Did not match:
         - @ConditionalOnSingleCandidate (types: org.springframework.boot.info.GitProperties; SearchStrategy: all) did not find any beans (OnBeanCondition)
      Matched:
         - @ConditionalOnEnabledInfoContributor management.info.defaults.enabled is considered true (OnEnabledInfoContributorCondition)

   InfoContributorAutoConfiguration#javaInfoContributor:
      Did not match:
         - @ConditionalOnEnabledInfoContributor management.info.java.enabled is not true (OnEnabledInfoContributorCondition)

   InfoContributorAutoConfiguration#osInfoContributor:
      Did not match:
         - @ConditionalOnEnabledInfoContributor management.info.os.enabled is not true (OnEnabledInfoContributorCondition)

   InfoContributorAutoConfiguration#processInfoContributor:
      Did not match:
         - @ConditionalOnEnabledInfoContributor management.info.process.enabled is not true (OnEnabledInfoContributorCondition)

   InfoContributorAutoConfiguration#sslInfo:
      Did not match:
         - @ConditionalOnEnabledInfoContributor management.info.ssl.enabled is not true (OnEnabledInfoContributorCondition)
      Matched:
         - @ConditionalOnMissingBean (types: org.springframework.boot.info.SslInfo; SearchStrategy: all) did not find any beans (OnBeanCondition)

   InfoContributorAutoConfiguration#sslInfoContributor:
      Did not match:
         - @ConditionalOnEnabledInfoContributor management.info.ssl.enabled is not true (OnEnabledInfoContributorCondition)

   Jackson2HttpMessageConvertersConfiguration.MappingJackson2HttpMessageConverterConfiguration:
      Did not match:
         - AnyNestedCondition 0 matched 2 did not; NestedCondition on Jackson2HttpMessageConvertersConfiguration.PreferJackson2OrJacksonUnavailableCondition.JacksonUnavailable @ConditionalOnMissingBean (types: org.springframework.boot.http.converter.autoconfigure.JacksonHttpMessageConvertersConfiguration$JacksonJsonHttpMessageConvertersCustomizer; SearchStrategy: all) found beans of type 'org.springframework.boot.http.converter.autoconfigure.JacksonHttpMessageConvertersConfiguration$JacksonJsonHttpMessageConvertersCustomizer' jacksonJsonHttpMessageConvertersCustomizer; NestedCondition on Jackson2HttpMessageConvertersConfiguration.PreferJackson2OrJacksonUnavailableCondition.Jackson2Preferred @ConditionalOnProperty (spring.http.converters.preferred-json-mapper=jackson2) did not find property 'spring.http.converters.preferred-json-mapper' (Jackson2HttpMessageConvertersConfiguration.PreferJackson2OrJacksonUnavailableCondition)
      Matched:
         - @ConditionalOnClass found required class 'com.fasterxml.jackson.databind.ObjectMapper' (OnClassCondition)

   Jackson2HttpMessageConvertersConfiguration.MappingJackson2XmlHttpMessageConverterConfiguration:
      Did not match:
         - @ConditionalOnClass did not find required class 'com.fasterxml.jackson.dataformat.xml.XmlMapper' (OnClassCondition)

   JacksonAutoConfiguration.CborConfiguration:
      Did not match:
         - @ConditionalOnClass did not find required class 'tools.jackson.dataformat.cbor.CBORMapper' (OnClassCondition)

   JacksonAutoConfiguration.XmlConfiguration:
      Did not match:
         - @ConditionalOnClass did not find required class 'tools.jackson.dataformat.xml.XmlMapper' (OnClassCondition)

   JacksonHttpMessageConvertersConfiguration.JacksonXmlHttpMessageConverterConfiguration:
      Did not match:
         - @ConditionalOnClass did not find required class 'tools.jackson.dataformat.xml.XmlMapper' (OnClassCondition)

   JedisConnectionConfiguration:
      Did not match:
         - @ConditionalOnClass did not find required classes 'org.apache.commons.pool2.impl.GenericObjectPool', 'redis.clients.jedis.Jedis' (OnClassCondition)

   JmxEndpointAutoConfiguration.JmxJackson2EndpointConfiguration:
      Did not match:
         - @ConditionalOnMissingClass found unwanted class 'tools.jackson.databind.json.JsonMapper' (OnClassCondition)

   JmxMetricsExportAutoConfiguration:
      Did not match:
         - @ConditionalOnClass did not find required class 'io.micrometer.jmx.JmxMeterRegistry' (OnClassCondition)

   JsonbHttpMessageConvertersConfiguration:
      Did not match:
         - @ConditionalOnClass did not find required class 'jakarta.json.bind.Jsonb' (OnClassCondition)

   JtaAutoConfiguration:
      Did not match:
         - @ConditionalOnClass did not find required class 'jakarta.transaction.Transaction' (OnClassCondition)

   JvmMetricsAutoConfiguration.VirtualThreadMetricsConfiguration:
      Did not match:
         - @ConditionalOnClass did not find required class 'io.micrometer.java21.instrument.binder.jdk.VirtualThreadMetrics' (OnClassCondition)

   KafkaAnnotationDrivenConfiguration#kafkaListenerContainerFactoryConfigurerVirtualThreads:
      Did not match:
         - @ConditionalOnMissingBean (types: org.springframework.boot.kafka.autoconfigure.ConcurrentKafkaListenerContainerFactoryConfigurer; SearchStrategy: all) found beans of type 'org.springframework.boot.kafka.autoconfigure.ConcurrentKafkaListenerContainerFactoryConfigurer' kafkaListenerContainerFactoryConfigurer (OnBeanCondition)

   KafkaAutoConfiguration#kafkaJaasInitializer:
      Did not match:
         - @ConditionalOnBooleanProperty (spring.kafka.jaas.enabled=true) did not find property 'spring.kafka.jaas.enabled' (OnPropertyCondition)

   KafkaAutoConfiguration#kafkaRetryTopicConfiguration:
      Did not match:
         - @ConditionalOnBooleanProperty (spring.kafka.retry.topic.enabled=true) did not find property 'spring.kafka.retry.topic.enabled' (OnPropertyCondition)

   KafkaAutoConfiguration#kafkaTransactionManager:
      Did not match:
         - @ConditionalOnProperty (spring.kafka.producer.transaction-id-prefix) did not find property 'spring.kafka.producer.transaction-id-prefix' (OnPropertyCondition)

   KafkaStreamsAnnotationDrivenConfiguration:
      Did not match:
         - @ConditionalOnClass did not find required class 'org.apache.kafka.streams.StreamsBuilder' (OnClassCondition)

   KairosMetricsExportAutoConfiguration:
      Did not match:
         - @ConditionalOnClass did not find required class 'io.micrometer.kairos.KairosMeterRegistry' (OnClassCondition)

   KotlinSerializationHttpMessageConvertersConfiguration:
      Did not match:
         - @ConditionalOnClass did not find required classes 'kotlinx.serialization.Serializable', 'kotlinx.serialization.json.Json' (OnClassCondition)

   LettuceConnectionConfiguration#redisConnectionFactoryVirtualThreads:
      Did not match:
         - @ConditionalOnMissingBean (types: org.springframework.data.redis.connection.RedisConnectionFactory; SearchStrategy: all) found beans of type 'org.springframework.data.redis.connection.RedisConnectionFactory' redisConnectionFactory (OnBeanCondition)

   Log4J2MetricsAutoConfiguration:
      Did not match:
         - @ConditionalOnClass did not find required class 'org.apache.logging.log4j.core.LoggerContext' (OnClassCondition)

   LogFileWebEndpointAutoConfiguration#logFileWebEndpoint:
      Did not match:
         - Log File did not find logging file (LogFileWebEndpointAutoConfiguration.LogFileCondition)

   ManagementContextAutoConfiguration.DifferentManagementContextConfiguration:
      Did not match:
         - Management Port actual port type (SAME) did not match required type (DIFFERENT) (OnManagementPortCondition)

   MessageSourceAutoConfiguration:
      Did not match:
         - ResourceBundle did not find bundle with basename messages (MessageSourceAutoConfiguration.ResourceBundleCondition)

   MetricsAspectsAutoConfiguration:
      Did not match:
         - @ConditionalOnClass did not find required class 'org.aspectj.weaver.Advice' (OnClassCondition)

   MongoReactiveAutoConfiguration:
      Did not match:
         - @ConditionalOnClass did not find required class 'com.mongodb.reactivestreams.client.MongoClient' (OnClassCondition)

   MongoReactiveHealthContributorAutoConfiguration:
      Did not match:
         - @ConditionalOnClass did not find required class 'com.mongodb.reactivestreams.client.MongoClient' (OnClassCondition)

   MqTTProviderImpl:
      Did not match:
         - @ConditionalOnProperty (messaging.fallback.mqtt.enabled=true) found different value in property 'messaging.fallback.mqtt.enabled' (OnPropertyCondition)

   NewRelicMetricsExportAutoConfiguration:
      Did not match:
         - @ConditionalOnClass did not find required class 'io.micrometer.newrelic.NewRelicMeterRegistry' (OnClassCondition)

   NoOpMeterRegistryConfiguration:
      Did not match:
         - @ConditionalOnMissingBean (types: io.micrometer.core.instrument.MeterRegistry; SearchStrategy: all) found beans of type 'io.micrometer.core.instrument.MeterRegistry' simpleMeterRegistry (OnBeanCondition)

   ObservationAutoConfiguration.ObservedAspectConfiguration:
      Did not match:
         - @ConditionalOnClass did not find required class 'org.aspectj.weaver.Advice' (OnClassCondition)

   OtlpMetricsExportAutoConfiguration:
      Did not match:
         - @ConditionalOnClass did not find required class 'io.micrometer.registry.otlp.OtlpMeterRegistry' (OnClassCondition)

   ProjectInfoAutoConfiguration#buildProperties:
      Did not match:
         - @ConditionalOnResource did not find resource '${spring.info.build.location:classpath:META-INF/build-info.properties}' (OnResourceCondition)

   ProjectInfoAutoConfiguration#gitProperties:
      Did not match:
         - GitResource did not find git info at classpath:git.properties (ProjectInfoAutoConfiguration.GitResourceAvailableCondition)

   PrometheusMetricsExportAutoConfiguration:
      Did not match:
         - @ConditionalOnClass did not find required class 'io.micrometer.prometheusmetrics.PrometheusMeterRegistry' (OnClassCondition)

   RabbitMQProviderImpl:
      Did not match:
         - @ConditionalOnProperty (messaging.fallback.rabitmq.enabled=true) did not find property 'messaging.fallback.rabitmq.enabled' (OnPropertyCondition)

   SbomEndpointAutoConfiguration#sbomEndpointWebExtension:
      Did not match:
         - @ConditionalOnAvailableEndpoint not exposed (OnAvailableEndpointCondition)
      Matched:
         - @ConditionalOnBean (types: org.springframework.boot.actuate.sbom.SbomEndpoint; SearchStrategy: all) found bean 'sbomEndpoint'; @ConditionalOnMissingBean (types: org.springframework.boot.actuate.sbom.SbomEndpointWebExtension; SearchStrategy: all) did not find any beans (OnBeanCondition)

   ServletHttpExchangesAutoConfiguration:
      Did not match:
         - @ConditionalOnBean (types: org.springframework.boot.actuate.web.exchanges.HttpExchangeRepository; SearchStrategy: all) did not find any beans of type org.springframework.boot.actuate.web.exchanges.HttpExchangeRepository (OnBeanCondition)
      Matched:
         - found 'session' scope (OnWebApplicationCondition)
         - @ConditionalOnBooleanProperty (management.httpexchanges.recording.enabled=true) matched (OnPropertyCondition)

   ServletManagementContextAutoConfiguration.ApplicationContextFilterConfiguration:
      Did not match:
         - @ConditionalOnBooleanProperty (management.server.add-application-context-header=true) did not find property 'management.server.add-application-context-header' (OnPropertyCondition)

   ServletWebServerConfiguration#forwardedHeaderFilter:
      Did not match:
         - @ConditionalOnProperty (server.forward-headers-strategy=framework) did not find property 'server.forward-headers-strategy' (OnPropertyCondition)

   ShutdownEndpointAutoConfiguration:
      Did not match:
         - @ConditionalOnAvailableEndpoint the configured access for endpoint 'shutdown' is NONE (OnAvailableEndpointCondition)

   StackdriverMetricsExportAutoConfiguration:
      Did not match:
         - @ConditionalOnClass did not find required class 'io.micrometer.stackdriver.StackdriverMeterRegistry' (OnClassCondition)

   StartupEndpointAutoConfiguration:
      Did not match:
         - ApplicationStartup configured applicationStartup is of type class org.springframework.core.metrics.DefaultApplicationStartup, expected BufferingApplicationStartup. (StartupEndpointAutoConfiguration.ApplicationStartupCondition)

   StatsdMetricsExportAutoConfiguration:
      Did not match:
         - @ConditionalOnClass did not find required class 'io.micrometer.statsd.StatsdMeterRegistry' (OnClassCondition)

   TaskExecutorConfigurations.AsyncConfigurerWrapperConfiguration:
      Did not match:
         - @ConditionalOnBean (types: org.springframework.scheduling.annotation.AsyncConfigurer; SearchStrategy: all) did not find any beans of type org.springframework.scheduling.annotation.AsyncConfigurer (OnBeanCondition)

   TaskExecutorConfigurations.SimpleAsyncTaskExecutorBuilderConfiguration#simpleAsyncTaskExecutorBuilderVirtualThreads:
      Did not match:
         - @ConditionalOnMissingBean (types: org.springframework.boot.task.SimpleAsyncTaskExecutorBuilder; SearchStrategy: all) found beans of type 'org.springframework.boot.task.SimpleAsyncTaskExecutorBuilder' simpleAsyncTaskExecutorBuilder (OnBeanCondition)

   TaskExecutorConfigurations.TaskExecutorConfiguration#applicationTaskExecutorVirtualThreads:
      Did not match:
         - @ConditionalOnThreading did not find VIRTUAL (OnThreadingCondition)

   TaskExecutorConfigurations.TaskExecutorContextPropagationConfiguration:
      Did not match:
         - @ConditionalOnClass did not find required class 'io.micrometer.context.ContextSnapshot' (OnClassCondition)

   TaskSchedulingAutoConfiguration#scheduledBeanLazyInitializationExcludeFilter:
      Did not match:
         - @ConditionalOnBean (names: org.springframework.scheduling.config.internalScheduledAnnotationProcessor; SearchStrategy: all) did not find any beans named org.springframework.scheduling.config.internalScheduledAnnotationProcessor (OnBeanCondition)

   TaskSchedulingConfigurations.SimpleAsyncTaskSchedulerBuilderConfiguration#simpleAsyncTaskSchedulerBuilderVirtualThreads:
      Did not match:
         - @ConditionalOnMissingBean (types: org.springframework.boot.task.SimpleAsyncTaskSchedulerBuilder; SearchStrategy: all) found beans of type 'org.springframework.boot.task.SimpleAsyncTaskSchedulerBuilder' simpleAsyncTaskSchedulerBuilder (OnBeanCondition)

   TaskSchedulingConfigurations.TaskSchedulerConfiguration:
      Did not match:
         - @ConditionalOnBean (names: org.springframework.scheduling.config.internalScheduledAnnotationProcessor; SearchStrategy: all) did not find any beans named org.springframework.scheduling.config.internalScheduledAnnotationProcessor (OnBeanCondition)

   TomcatReactiveManagementContextAutoConfiguration:
      Did not match:
         - @ConditionalOnWebApplication did not find reactive web application classes (OnWebApplicationCondition)

   TomcatReactiveWebServerAutoConfiguration:
      Did not match:
         - @ConditionalOnWebApplication did not find reactive web application classes (OnWebApplicationCondition)

   TomcatServletManagementContextAutoConfiguration:
      Did not match:
         - Management Port actual port type (SAME) did not match required type (DIFFERENT) (OnManagementPortCondition)
      Matched:
         - @ConditionalOnClass found required class 'org.springframework.boot.actuate.autoconfigure.web.server.ManagementContextFactory' (OnClassCondition)
         - found 'session' scope (OnWebApplicationCondition)

   TomcatServletWebServerAutoConfiguration#tomcatForwardedHeaderFilterCustomizer:
      Did not match:
         - @ConditionalOnProperty (server.forward-headers-strategy=framework) did not find property 'server.forward-headers-strategy' (OnPropertyCondition)

   TomcatWebServerConfiguration#tomcatVirtualThreadsProtocolHandlerCustomizer:
      Did not match:
         - @ConditionalOnThreading did not find VIRTUAL (OnThreadingCondition)

   TransactionAutoConfiguration#transactionalOperator:
      Did not match:
         - @ConditionalOnSingleCandidate (types: org.springframework.transaction.ReactiveTransactionManager; SearchStrategy: all) did not find any beans (OnBeanCondition)

   TransactionAutoConfiguration.AspectJTransactionManagementConfiguration:
      Did not match:
         - @ConditionalOnBean did not find required type 'org.springframework.transaction.aspectj.AbstractTransactionAspect' (OnBeanCondition)
         - @ConditionalOnBean (types: org.springframework.transaction.aspectj.AbstractTransactionAspect; SearchStrategy: all) did not find any beans of type org.springframework.transaction.aspectj.AbstractTransactionAspect (OnBeanCondition)

   TransactionAutoConfiguration.EnableTransactionManagementConfiguration:
      Did not match:
         - @ConditionalOnBean (types: org.springframework.transaction.TransactionManager; SearchStrategy: all) did not find any beans of type org.springframework.transaction.TransactionManager (OnBeanCondition)

   TransactionAutoConfiguration.EnableTransactionManagementConfiguration.CglibAutoProxyConfiguration:
      Did not match:
         - Ancestor org.springframework.boot.transaction.autoconfigure.TransactionAutoConfiguration$EnableTransactionManagementConfiguration did not match (ConditionEvaluationReport.AncestorsMatchedCondition)
      Matched:
         - @ConditionalOnBooleanProperty (spring.aop.proxy-target-class=true) matched (OnPropertyCondition)

   TransactionAutoConfiguration.EnableTransactionManagementConfiguration.JdkDynamicAutoProxyConfiguration:
      Did not match:
         - @ConditionalOnBooleanProperty (spring.aop.proxy-target-class=false) did not find property 'spring.aop.proxy-target-class' (OnPropertyCondition)
         - Ancestor org.springframework.boot.transaction.autoconfigure.TransactionAutoConfiguration$EnableTransactionManagementConfiguration did not match (ConditionEvaluationReport.AncestorsMatchedCondition)

   TransactionAutoConfiguration.TransactionTemplateConfiguration:
      Did not match:
         - @ConditionalOnSingleCandidate (types: org.springframework.transaction.PlatformTransactionManager; SearchStrategy: all) did not find any beans (OnBeanCondition)

   WebMvcAutoConfiguration#hiddenHttpMethodFilter:
      Did not match:
         - @ConditionalOnBooleanProperty (spring.mvc.hiddenmethod.filter.enabled=true) did not find property 'spring.mvc.hiddenmethod.filter.enabled' (OnPropertyCondition)

   WebMvcAutoConfiguration.ProblemDetailsErrorHandlingConfiguration:
      Did not match:
         - @ConditionalOnBooleanProperty (spring.mvc.problemdetails.enabled=true) did not find property 'spring.mvc.problemdetails.enabled' (OnPropertyCondition)

   WebMvcAutoConfiguration.ResourceChainCustomizerConfiguration:
      Did not match:
         - @ConditionalOnEnabledResourceChain did not find class org.webjars.WebJarVersionLocator (OnEnabledResourceChainCondition)

   WebMvcAutoConfiguration.WebMvcAutoConfigurationAdapter#beanNameViewResolver:
      Did not match:
         - @ConditionalOnMissingBean (types: org.springframework.web.servlet.view.BeanNameViewResolver; SearchStrategy: all) found beans of type 'org.springframework.web.servlet.view.BeanNameViewResolver' beanNameViewResolver (OnBeanCondition)

   WebMvcEndpointManagementContextConfiguration.HealthConfiguration#managementHealthEndpointWebMvcHandlerMapping:
      Did not match:
         - Management Port actual port type (SAME) did not match required type (DIFFERENT) (OnManagementPortCondition)


Exclusions:
-----------

    None


Unconditional classes:
----------------------

    org.springframework.boot.health.autoconfigure.registry.HealthContributorRegistryAutoConfiguration

    org.springframework.boot.autoconfigure.context.ConfigurationPropertiesAutoConfiguration

    org.springframework.boot.autoconfigure.ssl.SslAutoConfiguration

    org.springframework.boot.actuate.autoconfigure.info.InfoContributorAutoConfiguration

    org.springframework.boot.autoconfigure.context.PropertyPlaceholderAutoConfiguration

    org.springframework.boot.autoconfigure.context.LifecycleAutoConfiguration

    org.springframework.boot.actuate.autoconfigure.endpoint.EndpointAutoConfiguration

    org.springframework.boot.health.autoconfigure.contributor.HealthContributorAutoConfiguration

    org.springframework.boot.autoconfigure.availability.ApplicationAvailabilityAutoConfiguration

    org.springframework.boot.autoconfigure.info.ProjectInfoAutoConfiguration

    org.springframework.boot.actuate.autoconfigure.web.server.ManagementContextAutoConfiguration



2026-08-11 18:05:50 DEBUG o.s.b.a.ApplicationAvailabilityBean - Application availability state LivenessState changed to CORRECT
2026-08-11 18:05:50 DEBUG o.s.b.a.ApplicationAvailabilityBean - Application availability state ReadinessState changed to ACCEPTING_TRAFFIC
2026-08-11 18:05:53 DEBUG o.s.web.servlet.DispatcherServlet - Detected StandardServletMultipartResolver
2026-08-11 18:05:53 DEBUG o.s.web.servlet.DispatcherServlet - Detected AcceptHeaderLocaleResolver
2026-08-11 18:05:53 DEBUG o.s.web.servlet.DispatcherServlet - Detected org.springframework.web.servlet.view.DefaultRequestToViewNameTranslator@30d0bdf4
2026-08-11 18:05:53 DEBUG o.s.web.servlet.DispatcherServlet - Detected org.springframework.web.servlet.support.SessionFlashMapManager@108c38e
2026-08-11 18:05:53 DEBUG o.s.web.servlet.DispatcherServlet - enableLoggingRequestDetails='false': request parameters and headers will be masked to prevent unsafe logging of potentially sensitive data
2026-08-11 18:05:57 DEBUG o.s.web.servlet.DispatcherServlet - POST "/api/template", parameters={}
2026-08-11 18:05:57 DEBUG o.s.w.s.m.m.a.RequestMappingHandlerMapping - Mapped to com.notification.api.controller.template.TemplateController#createTemplate(CreateTemplateRequest)
2026-08-11 18:05:57 DEBUG o.s.w.s.m.m.a.RequestResponseBodyMethodProcessor - Read "application/json;charset=UTF-8" to [CreateTemplateRequest(name=Netflix Account Expired Template, templateVariables={USER_NAME=userName,  (truncated)...]
2026-08-11 18:05:57 DEBUG o.s.d.r.core.RedisConnectionUtils - Fetching Redis Connection from RedisConnectionFactory
2026-08-11 18:05:57 DEBUG io.lettuce.core.RedisChannelHandler - dispatching command AsyncCommand [type=HGET, output=ValueOutput [output=null, error='null'], commandType=io.lettuce.core.protocol.Command]
2026-08-11 18:05:57 DEBUG i.l.core.protocol.DefaultEndpoint - [channel=0x7f6c1507, /127.0.0.1:51248 -> localhost/127.0.0.1:6379, epid=0x1] write() writeAndFlush command TracedCommand [type=HGET, output=ValueOutput [output=null, error='null'], commandType=io.lettuce.core.protocol.AsyncCommand]
2026-08-11 18:05:57 DEBUG i.l.core.protocol.DefaultEndpoint - [channel=0x7f6c1507, /127.0.0.1:51248 -> localhost/127.0.0.1:6379, epid=0x1] write() done
2026-08-11 18:05:57 DEBUG i.l.core.protocol.CommandHandler - [channel=0x7f6c1507, /127.0.0.1:51248 -> localhost/127.0.0.1:6379, epid=0x1, chid=0x1] write(ctx, TracedCommand [type=HGET, output=ValueOutput [output=null, error='null'], commandType=io.lettuce.core.protocol.AsyncCommand], promise)
2026-08-11 18:05:57 DEBUG i.l.core.protocol.CommandEncoder - [channel=0x7f6c1507, /127.0.0.1:51248 -> localhost/127.0.0.1:6379] writing command TracedCommand [type=HGET, output=ValueOutput [output=null, error='null'], commandType=io.lettuce.core.protocol.AsyncCommand]
2026-08-11 18:05:57 DEBUG i.l.core.protocol.CommandHandler - [channel=0x7f6c1507, /127.0.0.1:51248 -> localhost/127.0.0.1:6379, epid=0x1, chid=0x1] Received: 3 bytes, 1 commands in the stack
2026-08-11 18:05:57 DEBUG i.l.core.protocol.CommandHandler - [channel=0x7f6c1507, /127.0.0.1:51248 -> localhost/127.0.0.1:6379, epid=0x1, chid=0x1] Stack contains: 1 commands
2026-08-11 18:05:57 DEBUG i.l.core.protocol.RedisStateMachine - Decode done, empty stack: true
2026-08-11 18:05:57 DEBUG i.l.core.protocol.CommandHandler - [channel=0x7f6c1507, /127.0.0.1:51248 -> localhost/127.0.0.1:6379, epid=0x1, chid=0x1] Completing command TracedCommand [type=HGET, output=ValueOutput [output=null, error='null'], commandType=io.lettuce.core.protocol.AsyncCommand]
2026-08-11 18:05:57 DEBUG o.s.d.r.core.RedisConnectionUtils - Closing Redis Connection
2026-08-11 18:05:57 DEBUG o.s.w.s.m.m.a.ExceptionHandlerExceptionResolver - Using @ExceptionHandler com.notification.api.exception.handler.GlobalExceptionHandler#handleValidationException(ValidationException)
2026-08-11 18:05:57 DEBUG o.s.w.s.m.m.a.HttpEntityMethodProcessor - Using 'text/plain', given [*/*] and supported [text/plain, */*, application/json, application/*+json]
2026-08-11 18:05:57 DEBUG o.s.w.s.m.m.a.HttpEntityMethodProcessor - Writing ["Error while fetching data from cache"]
2026-08-11 18:05:57 DEBUG o.s.w.s.m.m.a.ExceptionHandlerExceptionResolver - Resolved [com.notification.api.exception.ValidationException: Error while fetching data from cache]
2026-08-11 18:05:57 DEBUG o.s.web.servlet.DispatcherServlet - Completed 400 BAD_REQUEST
2026-08-11 18:05:59 DEBUG org.mongodb.driver.cluster - Heartbeat succeeded in 10012 ms for localhost:27017 on connection with driver-generated ID 1 and server-generated ID 20 in topology with ID ClusterId{value='6a7b1725f237962f8b1b124b', description='null'}. Awaited: true. Reply: {"helloOk": true, "isWritablePrimary": true, "topologyVersion": {"processId": {"$oid": "6a7b12b17f5d85885f0658c5"}, "counter": 0}, "maxBsonObjectSize": 16777216, "maxMessageSizeBytes": 48000000, "maxWriteBatchSize": 100000, "localTime": {"$date": "2026-08-11T12:35:59.464Z"}, "logicalSessionTimeoutMinutes": 30, "connectionId": 20, "minWireVersion": 0, "maxWireVersion": 27, "readOnly": false, "ok": 1.0}
2026-08-11 18:05:59 DEBUG org.mongodb.driver.cluster - Updating cluster description to  {type=STANDALONE, servers=[{address=localhost:27017, type=STANDALONE, roundTripTime=8.6 ms, state=CONNECTED}]
2026-08-11 18:05:59 DEBUG org.mongodb.driver.cluster - Checking status of localhost:27017
2026-08-11 18:05:59 DEBUG org.mongodb.driver.cluster - Heartbeat started for localhost:27017 on connection with driver-generated ID 1 and server-generated ID 20 in topology with ID ClusterId{value='6a7b1725f237962f8b1b124b', description='null'}. Awaited: true
2026-08-11 18:06:09 DEBUG org.mongodb.driver.cluster - Heartbeat succeeded in 10006 ms for localhost:27017 on connection with driver-generated ID 1 and server-generated ID 20 in topology with ID ClusterId{value='6a7b1725f237962f8b1b124b', description='null'}. Awaited: true. Reply: {"helloOk": true, "isWritablePrimary": true, "topologyVersion": {"processId": {"$oid": "6a7b12b17f5d85885f0658c5"}, "counter": 0}, "maxBsonObjectSize": 16777216, "maxMessageSizeBytes": 48000000, "maxWriteBatchSize": 100000, "localTime": {"$date": "2026-08-11T12:36:09.475Z"}, "logicalSessionTimeoutMinutes": 30, "connectionId": 20, "minWireVersion": 0, "maxWireVersion": 27, "readOnly": false, "ok": 1.0}
2026-08-11 18:06:09 DEBUG org.mongodb.driver.cluster - Updating cluster description to  {type=STANDALONE, servers=[{address=localhost:27017, type=STANDALONE, roundTripTime=7.6 ms, state=CONNECTED}]
2026-08-11 18:06:09 DEBUG org.mongodb.driver.cluster - Checking status of localhost:27017
2026-08-11 18:06:09 DEBUG org.mongodb.driver.cluster - Heartbeat started for localhost:27017 on connection with driver-generated ID 1 and server-generated ID 20 in topology with ID ClusterId{value='6a7b1725f237962f8b1b124b', description='null'}. Awaited: true
2026-08-11 18:06:19 DEBUG org.mongodb.driver.cluster - Heartbeat succeeded in 10000 ms for localhost:27017 on connection with driver-generated ID 1 and server-generated ID 20 in topology with ID ClusterId{value='6a7b1725f237962f8b1b124b', description='null'}. Awaited: true. Reply: {"helloOk": true, "isWritablePrimary": true, "topologyVersion": {"processId": {"$oid": "6a7b12b17f5d85885f0658c5"}, "counter": 0}, "maxBsonObjectSize": 16777216, "maxMessageSizeBytes": 48000000, "maxWriteBatchSize": 100000, "localTime": {"$date": "2026-08-11T12:36:19.477Z"}, "logicalSessionTimeoutMinutes": 30, "connectionId": 20, "minWireVersion": 0, "maxWireVersion": 27, "readOnly": false, "ok": 1.0}
2026-08-11 18:06:19 DEBUG org.mongodb.driver.cluster - Updating cluster description to  {type=STANDALONE, servers=[{address=localhost:27017, type=STANDALONE, roundTripTime=6.3 ms, state=CONNECTED}]
2026-08-11 18:06:19 DEBUG org.mongodb.driver.cluster - Checking status of localhost:27017
2026-08-11 18:06:19 DEBUG org.mongodb.driver.cluster - Heartbeat started for localhost:27017 on connection with driver-generated ID 1 and server-generated ID 20 in topology with ID ClusterId{value='6a7b1725f237962f8b1b124b', description='null'}. Awaited: true
2026-08-11 18:06:29 DEBUG org.mongodb.driver.cluster - Heartbeat succeeded in 9984 ms for localhost:27017 on connection with driver-generated ID 1 and server-generated ID 20 in topology with ID ClusterId{value='6a7b1725f237962f8b1b124b', description='null'}. Awaited: true. Reply: {"helloOk": true, "isWritablePrimary": true, "topologyVersion": {"processId": {"$oid": "6a7b12b17f5d85885f0658c5"}, "counter": 0}, "maxBsonObjectSize": 16777216, "maxMessageSizeBytes": 48000000, "maxWriteBatchSize": 100000, "localTime": {"$date": "2026-08-11T12:36:29.488Z"}, "logicalSessionTimeoutMinutes": 30, "connectionId": 20, "minWireVersion": 0, "maxWireVersion": 27, "readOnly": false, "ok": 1.0}
2026-08-11 18:06:29 DEBUG org.mongodb.driver.cluster - Updating cluster description to  {type=STANDALONE, servers=[{address=localhost:27017, type=STANDALONE, roundTripTime=5.4 ms, state=CONNECTED}]
2026-08-11 18:06:29 DEBUG org.mongodb.driver.cluster - Checking status of localhost:27017
2026-08-11 18:06:29 DEBUG org.mongodb.driver.cluster - Heartbeat started for localhost:27017 on connection with driver-generated ID 1 and server-generated ID 20 in topology with ID ClusterId{value='6a7b1725f237962f8b1b124b', description='null'}. Awaited: true
2026-08-11 18:06:33 DEBUG o.s.b.a.ApplicationAvailabilityBean - Application availability state ReadinessState changed from ACCEPTING_TRAFFIC to REFUSING_TRAFFIC
2026-08-11 18:06:33 DEBUG o.s.b.w.s.s.c.AnnotationConfigServletWebServerApplicationContext - Closing org.springframework.boot.web.server.servlet.context.AnnotationConfigServletWebServerApplicationContext@c0b41d6, started on Tue Aug 11 18:05:47 IST 2026
2026-08-11 18:06:33 DEBUG o.s.c.s.DefaultLifecycleProcessor - Stopping beans in phase 2147483647
2026-08-11 18:06:33 DEBUG o.s.c.s.DefaultLifecycleProcessor - Bean 'org.springframework.data.redis.config.internalRedisListenerEndpointRegistry' completed its stop procedure
2026-08-11 18:06:33 DEBUG o.s.d.r.l.RedisMessageListenerContainer - Stopped RedisMessageListenerContainer
2026-08-11 18:06:33 DEBUG o.s.c.s.DefaultLifecycleProcessor - Bean 'redisMessageListenerContainer' completed its stop procedure
2026-08-11 18:06:33 DEBUG o.s.d.r.l.RedisMessageListenerContainer - Stopped RedisMessageListenerContainer
2026-08-11 18:06:33 DEBUG o.s.c.s.DefaultLifecycleProcessor - Bean 'redisKeyValueAdapter' completed its stop procedure
2026-08-11 18:06:33 DEBUG o.s.c.s.DefaultLifecycleProcessor - Stopping beans in phase 2147483547
2026-08-11 18:06:33 DEBUG o.s.c.s.DefaultLifecycleProcessor - Bean 'org.springframework.kafka.config.internalKafkaListenerEndpointRegistry' completed its stop procedure
2026-08-11 18:06:33 DEBUG o.s.c.s.DefaultLifecycleProcessor - Stopping beans in phase 2147482623
2026-08-11 18:06:33 DEBUG o.s.c.s.DefaultLifecycleProcessor - Bean 'webServerGracefulShutdown' completed its stop procedure
2026-08-11 18:06:33 DEBUG o.s.c.s.DefaultLifecycleProcessor - Stopping beans in phase 2147481599
2026-08-11 18:06:33 DEBUG o.s.c.s.DefaultLifecycleProcessor - Bean 'webServerStartStop' completed its stop procedure
2026-08-11 18:06:33 DEBUG o.s.c.s.DefaultLifecycleProcessor - Stopping beans in phase 1073741823
2026-08-11 18:06:33 DEBUG o.s.c.s.DefaultLifecycleProcessor - Bean 'applicationTaskExecutor' completed its stop procedure
2026-08-11 18:06:33 DEBUG o.s.c.s.DefaultLifecycleProcessor - Stopping beans in phase 0
2026-08-11 18:06:33 DEBUG io.lettuce.core.RedisChannelHandler - closeAsync()
2026-08-11 18:06:33 DEBUG i.l.core.protocol.DefaultEndpoint - [channel=0x7f6c1507, /127.0.0.1:51248 -> localhost/127.0.0.1:6379, epid=0x1] closeAsync()
2026-08-11 18:06:33 DEBUG io.lettuce.core.AbstractRedisClient - Initiate shutdown (0, 100, MILLISECONDS)
2026-08-11 18:06:33 DEBUG i.l.core.protocol.CommandHandler - [channel=0x7f6c1507, /127.0.0.1:51248 -> localhost/127.0.0.1:6379, epid=0x1, chid=0x1] channelInactive()
2026-08-11 18:06:33 DEBUG i.l.core.protocol.DefaultEndpoint - [channel=0x7f6c1507, /127.0.0.1:51248 -> localhost/127.0.0.1:6379, epid=0x1] deactivating endpoint handler
2026-08-11 18:06:33 DEBUG i.l.c.r.DefaultEventLoopGroupProvider - Release executor io.netty.channel.MultiThreadIoEventLoopGroup@148fca83
2026-08-11 18:06:33 DEBUG i.l.core.protocol.CommandHandler - [channel=0x7f6c1507, /127.0.0.1:51248 -> localhost/127.0.0.1:6379, epid=0x1, chid=0x1] channelInactive() done
2026-08-11 18:06:33 DEBUG i.l.core.protocol.ConnectionWatchdog - [channel=0x7f6c1507, /127.0.0.1:51248 -> localhost/127.0.0.1:6379, last known addr=localhost/127.0.0.1:6379] channelInactive()
2026-08-11 18:06:33 DEBUG i.l.core.protocol.ConnectionWatchdog - [channel=0x7f6c1507, /127.0.0.1:51248 -> localhost/127.0.0.1:6379, last known addr=localhost/127.0.0.1:6379] Reconnect scheduling disabled
2026-08-11 18:06:33 DEBUG i.l.core.protocol.CommandHandler - [channel=0x7f6c1507, /127.0.0.1:51248 -> localhost/127.0.0.1:6379, epid=0x1, chid=0x1] channelUnregistered()
2026-08-11 18:06:33 DEBUG o.s.c.s.DefaultLifecycleProcessor - Bean 'redisConnectionFactory' completed its stop procedure
2026-08-11 18:06:33 DEBUG o.s.c.s.DefaultLifecycleProcessor - Stopping beans in phase -2147483647
2026-08-11 18:06:33 DEBUG o.s.c.s.DefaultLifecycleProcessor - Bean 'springBootLoggingLifecycle' completed its stop procedure
2026-08-11 18:06:33 DEBUG o.s.c.s.DefaultLifecycleProcessor - Stopping beans in phase -2147483648
2026-08-11 18:06:33 DEBUG o.s.c.s.DefaultLifecycleProcessor - Bean 'kafkaProducerFactory' completed its stop procedure
2026-08-11 18:06:33 DEBUG o.s.b.a.e.jmx.JmxEndpointExporter - Unregister endpoint with ObjectName 'org.springframework.boot:type=Endpoint,name=Beans' from the JMX domain
2026-08-11 18:06:33 DEBUG o.s.b.a.e.jmx.JmxEndpointExporter - Unregister endpoint with ObjectName 'org.springframework.boot:type=Endpoint,name=Conditions' from the JMX domain
2026-08-11 18:06:33 DEBUG o.s.b.a.e.jmx.JmxEndpointExporter - Unregister endpoint with ObjectName 'org.springframework.boot:type=Endpoint,name=Configprops' from the JMX domain
2026-08-11 18:06:33 DEBUG o.s.b.a.e.jmx.JmxEndpointExporter - Unregister endpoint with ObjectName 'org.springframework.boot:type=Endpoint,name=Env' from the JMX domain
2026-08-11 18:06:33 DEBUG o.s.b.a.e.jmx.JmxEndpointExporter - Unregister endpoint with ObjectName 'org.springframework.boot:type=Endpoint,name=Info' from the JMX domain
2026-08-11 18:06:33 DEBUG o.s.b.a.e.jmx.JmxEndpointExporter - Unregister endpoint with ObjectName 'org.springframework.boot:type=Endpoint,name=Loggers' from the JMX domain
2026-08-11 18:06:33 DEBUG o.s.b.a.e.jmx.JmxEndpointExporter - Unregister endpoint with ObjectName 'org.springframework.boot:type=Endpoint,name=Threaddump' from the JMX domain
2026-08-11 18:06:33 DEBUG o.s.b.a.e.jmx.JmxEndpointExporter - Unregister endpoint with ObjectName 'org.springframework.boot:type=Endpoint,name=Sbom' from the JMX domain
2026-08-11 18:06:33 DEBUG o.s.b.a.e.jmx.JmxEndpointExporter - Unregister endpoint with ObjectName 'org.springframework.boot:type=Endpoint,name=Scheduledtasks' from the JMX domain
2026-08-11 18:06:33 DEBUG o.s.b.a.e.jmx.JmxEndpointExporter - Unregister endpoint with ObjectName 'org.springframework.boot:type=Endpoint,name=Mappings' from the JMX domain
2026-08-11 18:06:33 DEBUG o.s.b.a.e.jmx.JmxEndpointExporter - Unregister endpoint with ObjectName 'org.springframework.boot:type=Endpoint,name=Health' from the JMX domain
2026-08-11 18:06:33 DEBUG o.s.b.a.e.jmx.JmxEndpointExporter - Unregister endpoint with ObjectName 'org.springframework.boot:type=Endpoint,name=Metrics' from the JMX domain
2026-08-11 18:06:33 DEBUG o.s.j.e.a.AnnotationMBeanExporter - Unregistering JMX-exposed beans on shutdown
2026-08-11 18:06:33 DEBUG org.mongodb.driver.connection - Connection pool closed for localhost:27017
2026-08-11 18:06:33 DEBUG org.mongodb.driver.cluster - Stopped monitoring for server localhost:27017 in topology with ID ClusterId{value='6a7b1725f237962f8b1b124b', description='null'}
2026-08-11 18:06:33 DEBUG org.mongodb.driver.cluster - Description changed for topology with ID ClusterId{value='6a7b1725f237962f8b1b124b', description='null'}. Previous description: {type=STANDALONE, servers=[{address=localhost:27017, type=STANDALONE, roundTripTime=5.4 ms, state=CONNECTED}]. New description: {type=UNKNOWN, servers=[]
2026-08-11 18:06:33 DEBUG org.mongodb.driver.cluster - Stopped monitoring for topology with ID ClusterId{value='6a7b1725f237962f8b1b124b', description='null'}
2026-08-11 18:06:33 DEBUG org.mongodb.driver.cluster - Heartbeat failed in 4371 ms for localhost:27017 on connection with driver-generated ID 1 and server-generated ID 20 in topology with ID ClusterId{value='6a7b1725f237962f8b1b124b', description='null'}. Awaited: true. Failure: Interrupted while receiving message
2026-08-11 18:06:33 DEBUG i.l.c.r.DefaultClientResources - Initiate shutdown (0, 2, SECONDS)
2026-08-11 18:06:33 DEBUG i.l.c.r.DefaultEventLoopGroupProvider - Initiate shutdown (0, 2, SECONDS)
2026-08-11 18:06:33 DEBUG o.s.b.f.s.DisposableBeanAdapter - Custom destroy method 'shutdown' on bean with name 'lettuceClientResources' completed asynchronously
2026-08-11 18:06:33 DEBUG o.s.s.c.ThreadPoolTaskExecutor - Shutting down ExecutorService 'applicationTaskExecutor'
2026-08-11 18:06:33 DEBUG o.s.b.f.s.DisposableBeanAdapter - Custom destroy method 'close' on bean with name 'simpleMeterRegistry' completed
